0 verbose cli E:\node\nodejs\node.exe E:\node\nodejs\node_modules\npm\bin\npm-cli.js
1 info using npm@11.16.0
2 info using node@v24.18.0
3 silly config load:file:E:\node\nvm\v24.18.0\node_modules\npm\npmrc
4 silly config load:file:D:\workspaces\project-template-v3\utils\.npmrc
5 silly config load:file:C:\Users\Administrator\.npmrc
6 silly config load:file:E:\node\node_global\etc\npmrc
7 verbose title npm install
8 verbose argv "install" "--cache" ".npm-cache"
9 verbose logfile logs-max:10 dir:D:\workspaces\project-template-v3\utils\.npm-cache\_logs\2026-08-23T07_41_52_925Z-
10 verbose logfile D:\workspaces\project-template-v3\utils\.npm-cache\_logs\2026-08-23T07_41_52_925Z-debug-0.log
11 warn Unknown user config "sass_binary_site". This will stop working in the next major version of npm. See `npm help npmrc` for supported config options.
12 warn Unknown user config "electron_mirror". This will stop working in the next major version of npm. See `npm help npmrc` for supported config options.
13 warn Unknown user config "electron_builder_binaries_mirror". This will stop working in the next major version of npm. See `npm help npmrc` for supported config options.
14 warn Unknown user config "electron_custom_dir". This will stop working in the next major version of npm. See `npm help npmrc` for supported config options.
15 warn Unknown user config "chromedriver_cdnurl". This will stop working in the next major version of npm. See `npm help npmrc` for supported config options.
16 warn Unknown user config "home". This will stop working in the next major version of npm. See `npm help npmrc` for supported config options.
17 warn Unknown user config "msvs_version". This will stop working in the next major version of npm. See `npm help npmrc` for supported config options.
18 warn Unknown user config "python". This will stop working in the next major version of npm. See `npm help npmrc` for supported config options.
19 warn Unknown user config "node_gyp". This will stop working in the next major version of npm. See `npm help npmrc` for supported config options.
20 warn Unknown user config "npm_config_node_gyp". This will stop working in the next major version of npm. See `npm help npmrc` for supported config options.
21 warn Unknown user config "timeout". This will stop working in the next major version of npm. See `npm help npmrc` for supported config options.
22 silly logfile done cleaning log files
23 silly packumentCache heap:4496293888 maxSize:1124073472 maxEntrySize:562036736
24 silly idealTree buildDeps
25 silly fetch manifest @babel/preset-env@^7.26.0
26 silly packumentCache full:https://registry.npmjs.org/@babel%2fpreset-env cache-miss
27 http cache https://registry.npmjs.org/@babel%2fpreset-env 19ms (cache hit)
28 silly packumentCache full:https://registry.npmjs.org/@babel%2fpreset-env set size:1208399 disposed:false
29 silly fetch manifest @babel/core@^7.23.3
30 silly packumentCache full:https://registry.npmjs.org/@babel%2fcore cache-miss
31 http cache https://registry.npmjs.org/@babel%2fcore 11ms (cache hit)
32 silly packumentCache full:https://registry.npmjs.org/@babel%2fcore set size:788273 disposed:false
33 silly placeDep ROOT @babel/preset-env@7.29.7 REPLACE for: @aubyn/utils@1.5.9 want: ^7.26.0
34 silly fetch manifest semver@^6.3.1
35 silly packumentCache full:https://registry.npmjs.org/semver cache-miss
36 silly fetch manifest core-js-compat@^3.48.0
37 silly packumentCache full:https://registry.npmjs.org/core-js-compat cache-miss
38 silly fetch manifest @babel/compat-data@^7.29.7
39 silly packumentCache full:https://registry.npmjs.org/@babel%2fcompat-data cache-miss
40 silly fetch manifest @babel/preset-modules@0.1.6-no-external-plugins
41 silly packumentCache full:https://registry.npmjs.org/@babel%2fpreset-modules cache-miss
42 silly fetch manifest @babel/helper-plugin-utils@^7.29.7
43 silly packumentCache full:https://registry.npmjs.org/@babel%2fhelper-plugin-utils cache-miss
44 silly fetch manifest babel-plugin-polyfill-corejs2@^0.4.15
45 silly packumentCache full:https://registry.npmjs.org/babel-plugin-polyfill-corejs2 cache-miss
46 silly fetch manifest babel-plugin-polyfill-corejs3@^0.14.0
47 silly packumentCache full:https://registry.npmjs.org/babel-plugin-polyfill-corejs3 cache-miss
48 silly fetch manifest @babel/helper-validator-option@^7.29.7
49 silly packumentCache full:https://registry.npmjs.org/@babel%2fhelper-validator-option cache-miss
50 silly fetch manifest @babel/plugin-transform-for-of@^7.29.7
51 silly packumentCache full:https://registry.npmjs.org/@babel%2fplugin-transform-for-of cache-miss
52 silly fetch manifest @babel/plugin-transform-spread@^7.29.7
53 silly packumentCache full:https://registry.npmjs.org/@babel%2fplugin-transform-spread cache-miss
54 silly fetch manifest @babel/plugin-transform-classes@^7.29.7
55 silly packumentCache full:https://registry.npmjs.org/@babel%2fplugin-transform-classes cache-miss
56 http cache https://registry.npmjs.org/semver 30ms (cache hit)
57 silly packumentCache full:https://registry.npmjs.org/semver set size:246069 disposed:false
58 silly fetch manifest @babel/plugin-transform-literals@^7.29.7
59 silly packumentCache full:https://registry.npmjs.org/@babel%2fplugin-transform-literals cache-miss
60 http cache https://registry.npmjs.org/core-js-compat 34ms (cache hit)
61 silly packumentCache full:https://registry.npmjs.org/core-js-compat set size:347525 disposed:false
62 silly fetch manifest @babel/helper-compilation-targets@^7.29.7
63 silly packumentCache full:https://registry.npmjs.org/@babel%2fhelper-compilation-targets cache-miss
64 http cache https://registry.npmjs.org/@babel%2fcompat-data 37ms (cache hit)
65 silly packumentCache full:https://registry.npmjs.org/@babel%2fcompat-data set size:318807 disposed:false
66 silly fetch manifest babel-plugin-polyfill-regenerator@^0.6.6
67 silly packumentCache full:https://registry.npmjs.org/babel-plugin-polyfill-regenerator cache-miss
68 http cache https://registry.npmjs.org/@babel%2fhelper-plugin-utils 39ms (cache hit)
69 silly packumentCache full:https://registry.npmjs.org/@babel%2fhelper-plugin-utils set size:175564 disposed:false
70 silly fetch manifest @babel/plugin-transform-new-target@^7.29.7
71 silly packumentCache full:https://registry.npmjs.org/@babel%2fplugin-transform-new-target cache-miss
72 http cache https://registry.npmjs.org/babel-plugin-polyfill-corejs3 42ms (cache hit)
73 silly packumentCache full:https://registry.npmjs.org/babel-plugin-polyfill-corejs3 set size:154739 disposed:false
74 silly fetch manifest @babel/plugin-transform-parameters@^7.29.7
75 silly packumentCache full:https://registry.npmjs.org/@babel%2fplugin-transform-parameters cache-miss
76 http cache https://registry.npmjs.org/@babel%2fplugin-transform-for-of 43ms (cache hit)
77 silly packumentCache full:https://registry.npmjs.org/@babel%2fplugin-transform-for-of set size:245976 disposed:false
78 silly fetch manifest @babel/plugin-transform-modules-amd@^7.29.7
79 silly packumentCache full:https://registry.npmjs.org/@babel%2fplugin-transform-modules-amd cache-miss
80 http cache https://registry.npmjs.org/@babel%2fhelper-validator-option 46ms (cache hit)
81 silly packumentCache full:https://registry.npmjs.org/@babel%2fhelper-validator-option set size:101303 disposed:false
82 silly fetch manifest @babel/plugin-transform-modules-umd@^7.29.7
83 silly packumentCache full:https://registry.npmjs.org/@babel%2fplugin-transform-modules-umd cache-miss
84 http cache https://registry.npmjs.org/@babel%2fpreset-modules 49ms (cache hit)
85 silly packumentCache full:https://registry.npmjs.org/@babel%2fpreset-modules set size:48319 disposed:false
86 silly fetch manifest @babel/plugin-transform-regenerator@^7.29.7
87 silly packumentCache full:https://registry.npmjs.org/@babel%2fplugin-transform-regenerator cache-miss
88 http cache https://registry.npmjs.org/babel-plugin-polyfill-corejs2 50ms (cache hit)
89 silly packumentCache full:https://registry.npmjs.org/babel-plugin-polyfill-corejs2 set size:116417 disposed:false
90 silly fetch manifest @babel/plugin-transform-dotall-regex@^7.29.7
91 silly packumentCache full:https://registry.npmjs.org/@babel%2fplugin-transform-dotall-regex cache-miss
92 http cache https://registry.npmjs.org/@babel%2fplugin-transform-spread 54ms (cache hit)
93 silly packumentCache full:https://registry.npmjs.org/@babel%2fplugin-transform-spread set size:235089 disposed:false
94 silly fetch manifest @babel/plugin-transform-json-strings@^7.29.7
95 silly packumentCache full:https://registry.npmjs.org/@babel%2fplugin-transform-json-strings cache-miss
96 http cache https://registry.npmjs.org/@babel%2fplugin-transform-classes 56ms (cache hit)
97 silly packumentCache full:https://registry.npmjs.org/@babel%2fplugin-transform-classes set size:340016 disposed:false
98 silly fetch manifest @babel/plugin-transform-object-super@^7.29.7
99 silly packumentCache full:https://registry.npmjs.org/@babel%2fplugin-transform-object-super cache-miss
100 http cache https://registry.npmjs.org/@babel%2fplugin-transform-parameters 49ms (cache hit)
101 silly packumentCache full:https://registry.npmjs.org/@babel%2fplugin-transform-parameters set size:282283 disposed:false
102 silly fetch manifest @babel/plugin-transform-sticky-regex@^7.29.7
103 silly packumentCache full:https://registry.npmjs.org/@babel%2fplugin-transform-sticky-regex cache-miss
104 http cache https://registry.npmjs.org/babel-plugin-polyfill-regenerator 56ms (cache hit)
105 silly packumentCache full:https://registry.npmjs.org/babel-plugin-polyfill-regenerator set size:101432 disposed:false
106 silly fetch manifest @babel/plugin-transform-block-scoping@^7.29.7
107 silly packumentCache full:https://registry.npmjs.org/@babel%2fplugin-transform-block-scoping cache-miss
108 http cache https://registry.npmjs.org/@babel%2fplugin-transform-new-target 56ms (cache hit)
109 silly packumentCache full:https://registry.npmjs.org/@babel%2fplugin-transform-new-target set size:223955 disposed:false
110 silly fetch manifest @babel/plugin-transform-destructuring@^7.29.7
111 silly packumentCache full:https://registry.npmjs.org/@babel%2fplugin-transform-destructuring cache-miss
112 http cache https://registry.npmjs.org/@babel%2fplugin-transform-modules-amd 53ms (cache hit)
113 silly packumentCache full:https://registry.npmjs.org/@babel%2fplugin-transform-modules-amd set size:251887 disposed:false
114 silly fetch manifest @babel/plugin-transform-function-name@^7.29.7
115 silly packumentCache full:https://registry.npmjs.org/@babel%2fplugin-transform-function-name cache-miss
116 http cache https://registry.npmjs.org/@babel%2fplugin-transform-modules-umd 53ms (cache hit)
117 silly packumentCache full:https://registry.npmjs.org/@babel%2fplugin-transform-modules-umd set size:229204 disposed:false
118 silly fetch manifest @babel/plugin-transform-typeof-symbol@^7.29.7
119 silly packumentCache full:https://registry.npmjs.org/@babel%2fplugin-transform-typeof-symbol cache-miss
120 http cache https://registry.npmjs.org/@babel%2fplugin-transform-regenerator 54ms (cache hit)
121 silly packumentCache full:https://registry.npmjs.org/@babel%2fplugin-transform-regenerator set size:285870 disposed:false
122 silly fetch manifest @babel/plugin-transform-unicode-regex@^7.29.7
123 silly packumentCache full:https://registry.npmjs.org/@babel%2fplugin-transform-unicode-regex cache-miss
124 http cache https://registry.npmjs.org/@babel%2fplugin-transform-json-strings 50ms (cache hit)
125 silly packumentCache full:https://registry.npmjs.org/@babel%2fplugin-transform-json-strings set size:93749 disposed:false
126 silly fetch manifest @babel/plugin-syntax-import-assertions@^7.29.7
127 silly packumentCache full:https://registry.npmjs.org/@babel%2fplugin-syntax-import-assertions cache-miss
128 http cache https://registry.npmjs.org/@babel%2fplugin-transform-object-super 49ms (cache hit)
129 silly packumentCache full:https://registry.npmjs.org/@babel%2fplugin-transform-object-super set size:212051 disposed:false
130 silly fetch manifest @babel/plugin-syntax-import-attributes@^7.29.7
131 silly packumentCache full:https://registry.npmjs.org/@babel%2fplugin-syntax-import-attributes cache-miss
132 http cache https://registry.npmjs.org/@babel%2fplugin-transform-literals 82ms (cache hit)
133 silly packumentCache full:https://registry.npmjs.org/@babel%2fplugin-transform-literals set size:208174 disposed:false
134 silly fetch manifest @babel/plugin-transform-duplicate-keys@^7.29.7
135 silly packumentCache full:https://registry.npmjs.org/@babel%2fplugin-transform-duplicate-keys cache-miss
136 http cache https://registry.npmjs.org/@babel%2fplugin-transform-dotall-regex 66ms (cache hit)
137 silly packumentCache full:https://registry.npmjs.org/@babel%2fplugin-transform-dotall-regex set size:227251 disposed:false
138 silly fetch manifest @babel/plugin-transform-dynamic-import@^7.29.7
139 silly packumentCache full:https://registry.npmjs.org/@babel%2fplugin-transform-dynamic-import cache-miss
140 http cache https://registry.npmjs.org/@babel%2fhelper-compilation-targets 98ms (cache hit)
141 silly packumentCache full:https://registry.npmjs.org/@babel%2fhelper-compilation-targets set size:229541 disposed:false
142 silly fetch manifest @babel/plugin-transform-reserved-words@^7.29.7
143 silly packumentCache full:https://registry.npmjs.org/@babel%2fplugin-transform-reserved-words cache-miss
144 http cache https://registry.npmjs.org/@babel%2fplugin-transform-block-scoping 40ms (cache hit)
145 silly packumentCache full:https://registry.npmjs.org/@babel%2fplugin-transform-block-scoping set size:325996 disposed:false
146 silly fetch manifest @babel/plugin-syntax-unicode-sets-regex@^7.18.6
147 silly packumentCache full:https://registry.npmjs.org/@babel%2fplugin-syntax-unicode-sets-regex cache-miss
148 http cache https://registry.npmjs.org/@babel%2fplugin-transform-sticky-regex 46ms (cache hit)
149 silly packumentCache full:https://registry.npmjs.org/@babel%2fplugin-transform-sticky-regex set size:207729 disposed:false
150 silly fetch manifest @babel/plugin-transform-arrow-functions@^7.29.7
151 silly packumentCache full:https://registry.npmjs.org/@babel%2fplugin-transform-arrow-functions cache-miss
152 http cache https://registry.npmjs.org/@babel%2fplugin-transform-destructuring 45ms (cache hit)
153 silly packumentCache full:https://registry.npmjs.org/@babel%2fplugin-transform-destructuring set size:301661 disposed:false
154 silly fetch manifest @babel/plugin-transform-private-methods@^7.29.7
155 silly packumentCache full:https://registry.npmjs.org/@babel%2fplugin-transform-private-methods cache-miss
156 http cache https://registry.npmjs.org/@babel%2fplugin-transform-function-name 45ms (cache hit)
157 silly packumentCache full:https://registry.npmjs.org/@babel%2fplugin-transform-function-name set size:230266 disposed:false
158 silly fetch manifest @babel/plugin-transform-unicode-escapes@^7.29.7
159 silly packumentCache full:https://registry.npmjs.org/@babel%2fplugin-transform-unicode-escapes cache-miss
160 http cache https://registry.npmjs.org/@babel%2fplugin-transform-unicode-regex 43ms (cache hit)
161 silly packumentCache full:https://registry.npmjs.org/@babel%2fplugin-transform-unicode-regex set size:220918 disposed:false
162 silly fetch manifest @babel/plugin-transform-class-properties@^7.29.7
163 silly packumentCache full:https://registry.npmjs.org/@babel%2fplugin-transform-class-properties cache-miss
164 http cache https://registry.npmjs.org/@babel%2fplugin-transform-typeof-symbol 48ms (cache hit)
165 silly packumentCache full:https://registry.npmjs.org/@babel%2fplugin-transform-typeof-symbol set size:236474 disposed:false
166 silly fetch manifest @babel/plugin-transform-modules-commonjs@^7.29.7
167 silly packumentCache full:https://registry.npmjs.org/@babel%2fplugin-transform-modules-commonjs cache-miss
168 http cache https://registry.npmjs.org/@babel%2fplugin-syntax-import-attributes 44ms (cache hit)
169 silly packumentCache full:https://registry.npmjs.org/@babel%2fplugin-syntax-import-attributes set size:73361 disposed:false
170 silly fetch manifest @babel/plugin-transform-modules-systemjs@^7.29.7
171 silly packumentCache full:https://registry.npmjs.org/@babel%2fplugin-transform-modules-systemjs cache-miss
172 http cache https://registry.npmjs.org/@babel%2fplugin-syntax-import-assertions 50ms (cache hit)
173 silly packumentCache full:https://registry.npmjs.org/@babel%2fplugin-syntax-import-assertions set size:105198 disposed:false
174 silly fetch manifest @babel/plugin-transform-regexp-modifiers@^7.29.7
175 silly packumentCache full:https://registry.npmjs.org/@babel%2fplugin-transform-regexp-modifiers cache-miss
176 http cache https://registry.npmjs.org/@babel%2fplugin-transform-duplicate-keys 46ms (cache hit)
177 silly packumentCache full:https://registry.npmjs.org/@babel%2fplugin-transform-duplicate-keys set size:212905 disposed:false
178 silly fetch manifest @babel/plugin-transform-numeric-separator@^7.29.7
179 silly packumentCache full:https://registry.npmjs.org/@babel%2fplugin-transform-numeric-separator cache-miss
180 http cache https://registry.npmjs.org/@babel%2fplugin-transform-dynamic-import 46ms (cache hit)
181 silly packumentCache full:https://registry.npmjs.org/@babel%2fplugin-transform-dynamic-import set size:86720 disposed:false
182 silly fetch manifest @babel/plugin-transform-optional-chaining@^7.29.7
183 silly packumentCache full:https://registry.npmjs.org/@babel%2fplugin-transform-optional-chaining cache-miss
184 http cache https://registry.npmjs.org/@babel%2fplugin-transform-reserved-words 48ms (cache hit)
185 silly packumentCache full:https://registry.npmjs.org/@babel%2fplugin-transform-reserved-words set size:205700 disposed:false
186 silly fetch manifest @babel/plugin-transform-property-literals@^7.29.7
187 silly packumentCache full:https://registry.npmjs.org/@babel%2fplugin-transform-property-literals cache-miss
188 http cache https://registry.npmjs.org/@babel%2fplugin-transform-private-methods 41ms (cache hit)
189 silly packumentCache full:https://registry.npmjs.org/@babel%2fplugin-transform-private-methods set size:91777 disposed:false
190 silly fetch manifest @babel/plugin-transform-template-literals@^7.29.7
191 silly packumentCache full:https://registry.npmjs.org/@babel%2fplugin-transform-template-literals cache-miss
192 http cache https://registry.npmjs.org/@babel%2fplugin-transform-unicode-escapes 40ms (cache hit)
193 silly packumentCache full:https://registry.npmjs.org/@babel%2fplugin-transform-unicode-escapes set size:130171 disposed:false
194 silly fetch manifest @babel/plugin-transform-async-to-generator@^7.29.7
195 silly packumentCache full:https://registry.npmjs.org/@babel%2fplugin-transform-async-to-generator cache-miss
196 http cache https://registry.npmjs.org/@babel%2fplugin-transform-class-properties 39ms (cache hit)
197 silly packumentCache full:https://registry.npmjs.org/@babel%2fplugin-transform-class-properties set size:95240 disposed:false
198 silly fetch manifest @babel/plugin-transform-class-static-block@^7.29.7
199 silly packumentCache full:https://registry.npmjs.org/@babel%2fplugin-transform-class-static-block cache-miss
200 http cache https://registry.npmjs.org/@babel%2fplugin-transform-modules-commonjs 39ms (cache hit)
201 silly packumentCache full:https://registry.npmjs.org/@babel%2fplugin-transform-modules-commonjs set size:313445 disposed:false
202 silly fetch manifest @babel/plugin-transform-object-rest-spread@^7.29.7
203 silly packumentCache full:https://registry.npmjs.org/@babel%2fplugin-transform-object-rest-spread cache-miss
204 http cache https://registry.npmjs.org/@babel%2fplugin-transform-modules-systemjs 41ms (cache hit)
205 silly packumentCache full:https://registry.npmjs.org/@babel%2fplugin-transform-modules-systemjs set size:313373 disposed:false
206 silly fetch manifest @babel/plugin-transform-unicode-sets-regex@^7.29.7
207 silly packumentCache full:https://registry.npmjs.org/@babel%2fplugin-transform-unicode-sets-regex cache-miss
208 http cache https://registry.npmjs.org/@babel%2fplugin-transform-regexp-modifiers 42ms (cache hit)
209 silly packumentCache full:https://registry.npmjs.org/@babel%2fplugin-transform-regexp-modifiers set size:49555 disposed:false
210 silly fetch manifest @babel/plugin-transform-computed-properties@^7.29.7
211 silly packumentCache full:https://registry.npmjs.org/@babel%2fplugin-transform-computed-properties cache-miss
212 http cache https://registry.npmjs.org/@babel%2fplugin-syntax-unicode-sets-regex 64ms (cache hit)
213 silly packumentCache full:https://registry.npmjs.org/@babel%2fplugin-syntax-unicode-sets-regex set size:22903 disposed:false
214 silly fetch manifest @babel/plugin-transform-shorthand-properties@^7.29.7
215 silly packumentCache full:https://registry.npmjs.org/@babel%2fplugin-transform-shorthand-properties cache-miss
216 http cache https://registry.npmjs.org/@babel%2fplugin-transform-numeric-separator 41ms (cache hit)
217 silly packumentCache full:https://registry.npmjs.org/@babel%2fplugin-transform-numeric-separator set size:98143 disposed:false
218 silly fetch manifest @babel/plugin-transform-export-namespace-from@^7.29.7
219 silly packumentCache full:https://registry.npmjs.org/@babel%2fplugin-transform-export-namespace-from cache-miss
220 http cache https://registry.npmjs.org/@babel%2fplugin-transform-optional-chaining 42ms (cache hit)
221 silly packumentCache full:https://registry.npmjs.org/@babel%2fplugin-transform-optional-chaining set size:118753 disposed:false
222 silly fetch manifest @babel/plugin-transform-block-scoped-functions@^7.29.7
223 silly packumentCache full:https://registry.npmjs.org/@babel%2fplugin-transform-block-scoped-functions cache-miss
224 http cache https://registry.npmjs.org/@babel%2fplugin-transform-arrow-functions 69ms (cache hit)
225 silly packumentCache full:https://registry.npmjs.org/@babel%2fplugin-transform-arrow-functions set size:219087 disposed:false
226 silly fetch manifest @babel/plugin-transform-optional-catch-binding@^7.29.7
227 silly packumentCache full:https://registry.npmjs.org/@babel%2fplugin-transform-optional-catch-binding cache-miss
228 http cache https://registry.npmjs.org/@babel%2fplugin-transform-property-literals 45ms (cache hit)
229 silly packumentCache full:https://registry.npmjs.org/@babel%2fplugin-transform-property-literals set size:206816 disposed:false
230 silly fetch manifest @babel/plugin-transform-unicode-property-regex@^7.29.7
231 silly packumentCache full:https://registry.npmjs.org/@babel%2fplugin-transform-unicode-property-regex cache-miss
232 http cache https://registry.npmjs.org/@babel%2fplugin-transform-class-static-block 41ms (cache hit)
233 silly packumentCache full:https://registry.npmjs.org/@babel%2fplugin-transform-class-static-block set size:109709 disposed:false
234 silly fetch manifest @babel/plugin-transform-exponentiation-operator@^7.29.7
235 silly packumentCache full:https://registry.npmjs.org/@babel%2fplugin-transform-exponentiation-operator cache-miss
236 http cache https://registry.npmjs.org/@babel%2fplugin-transform-async-to-generator 45ms (cache hit)
237 silly packumentCache full:https://registry.npmjs.org/@babel%2fplugin-transform-async-to-generator set size:248954 disposed:false
238 silly fetch manifest @babel/plugin-proposal-private-property-in-object@7.21.0-placeholder-for-preset-env.2
239 silly packumentCache full:https://registry.npmjs.org/@babel%2fplugin-proposal-private-property-in-object cache-miss
240 http cache https://registry.npmjs.org/@babel%2fplugin-transform-object-rest-spread 43ms (cache hit)
241 silly packumentCache full:https://registry.npmjs.org/@babel%2fplugin-transform-object-rest-spread set size:118192 disposed:false
242 silly fetch manifest @babel/plugin-transform-async-generator-functions@^7.29.7
243 silly packumentCache full:https://registry.npmjs.org/@babel%2fplugin-transform-async-generator-functions cache-miss
244 http cache https://registry.npmjs.org/@babel%2fplugin-transform-unicode-sets-regex 41ms (cache hit)
245 silly packumentCache full:https://registry.npmjs.org/@babel%2fplugin-transform-unicode-sets-regex set size:100754 disposed:false
246 silly fetch manifest @babel/plugin-transform-member-expression-literals@^7.29.7
247 silly packumentCache full:https://registry.npmjs.org/@babel%2fplugin-transform-member-expression-literals cache-miss
248 http cache https://registry.npmjs.org/@babel%2fplugin-transform-computed-properties 42ms (cache hit)
249 silly packumentCache full:https://registry.npmjs.org/@babel%2fplugin-transform-computed-properties set size:226557 disposed:false
250 silly fetch manifest @babel/plugin-transform-private-property-in-object@^7.29.7
251 silly packumentCache full:https://registry.npmjs.org/@babel%2fplugin-transform-private-property-in-object cache-miss
252 http cache https://registry.npmjs.org/@babel%2fplugin-transform-shorthand-properties 44ms (cache hit)
253 silly packumentCache full:https://registry.npmjs.org/@babel%2fplugin-transform-shorthand-properties set size:207024 disposed:false
254 silly fetch manifest @babel/plugin-transform-nullish-coalescing-operator@^7.29.7
255 silly packumentCache full:https://registry.npmjs.org/@babel%2fplugin-transform-nullish-coalescing-operator cache-miss
256 http cache https://registry.npmjs.org/@babel%2fplugin-transform-export-namespace-from 43ms (cache hit)
257 silly packumentCache full:https://registry.npmjs.org/@babel%2fplugin-transform-export-namespace-from set size:93020 disposed:false
258 silly fetch manifest @babel/plugin-transform-explicit-resource-management@^7.29.7
259 silly packumentCache full:https://registry.npmjs.org/@babel%2fplugin-transform-explicit-resource-management cache-miss
260 http cache https://registry.npmjs.org/@babel%2fplugin-transform-block-scoped-functions 44ms (cache hit)
261 silly packumentCache full:https://registry.npmjs.org/@babel%2fplugin-transform-block-scoped-functions set size:213583 disposed:false
262 silly fetch manifest @babel/plugin-transform-logical-assignment-operators@^7.29.7
263 silly packumentCache full:https://registry.npmjs.org/@babel%2fplugin-transform-logical-assignment-operators cache-miss
264 http cache https://registry.npmjs.org/@babel%2fplugin-transform-optional-catch-binding 42ms (cache hit)
265 silly packumentCache full:https://registry.npmjs.org/@babel%2fplugin-transform-optional-catch-binding set size:95205 disposed:false
266 silly fetch manifest @babel/plugin-transform-named-capturing-groups-regex@^7.29.7
267 silly packumentCache full:https://registry.npmjs.org/@babel%2fplugin-transform-named-capturing-groups-regex cache-miss
268 http cache https://registry.npmjs.org/@babel%2fplugin-transform-template-literals 71ms (cache hit)
269 silly packumentCache full:https://registry.npmjs.org/@babel%2fplugin-transform-template-literals set size:229628 disposed:false
270 silly fetch manifest @babel/plugin-bugfix-firefox-class-in-computed-class-key@^7.29.7
271 silly packumentCache full:https://registry.npmjs.org/@babel%2fplugin-bugfix-firefox-class-in-computed-class-key cache-miss
272 http cache https://registry.npmjs.org/@babel%2fplugin-transform-unicode-property-regex 39ms (cache hit)
273 silly packumentCache full:https://registry.npmjs.org/@babel%2fplugin-transform-unicode-property-regex set size:98421 disposed:false
274 silly fetch manifest @babel/plugin-bugfix-safari-rest-destructuring-rhs-array@^7.29.7
275 silly packumentCache full:https://registry.npmjs.org/@babel%2fplugin-bugfix-safari-rest-destructuring-rhs-array cache-miss
276 http cache https://registry.npmjs.org/@babel%2fplugin-proposal-private-property-in-object 36ms (cache hit)
277 silly packumentCache full:https://registry.npmjs.org/@babel%2fplugin-proposal-private-property-in-object set size:80252 disposed:false
278 silly fetch manifest @babel/plugin-bugfix-safari-class-field-initializer-scope@^7.29.7
279 silly packumentCache full:https://registry.npmjs.org/@babel%2fplugin-bugfix-safari-class-field-initializer-scope cache-miss
280 http cache https://registry.npmjs.org/@babel%2fplugin-transform-exponentiation-operator 42ms (cache hit)
281 silly packumentCache full:https://registry.npmjs.org/@babel%2fplugin-transform-exponentiation-operator set size:223562 disposed:false
282 silly fetch manifest @babel/plugin-bugfix-v8-static-class-fields-redefine-readonly@^7.29.7
283 silly packumentCache full:https://registry.npmjs.org/@babel%2fplugin-bugfix-v8-static-class-fields-redefine-readonly cache-miss
284 http cache https://registry.npmjs.org/@babel%2fplugin-transform-async-generator-functions 39ms (cache hit)
285 silly packumentCache full:https://registry.npmjs.org/@babel%2fplugin-transform-async-generator-functions set size:130193 disposed:false
286 silly fetch manifest @babel/plugin-bugfix-v8-spread-parameters-in-optional-chaining@^7.29.7
287 silly packumentCache full:https://registry.npmjs.org/@babel%2fplugin-bugfix-v8-spread-parameters-in-optional-chaining cache-miss
288 http cache https://registry.npmjs.org/@babel%2fplugin-transform-member-expression-literals 39ms (cache hit)
289 silly packumentCache full:https://registry.npmjs.org/@babel%2fplugin-transform-member-expression-literals set size:212029 disposed:false
290 silly fetch manifest @babel/plugin-transform-duplicate-named-capturing-groups-regex@^7.29.7
291 silly packumentCache full:https://registry.npmjs.org/@babel%2fplugin-transform-duplicate-named-capturing-groups-regex cache-miss
292 http cache https://registry.npmjs.org/@babel%2fplugin-transform-private-property-in-object 39ms (cache hit)
293 silly packumentCache full:https://registry.npmjs.org/@babel%2fplugin-transform-private-property-in-object set size:105192 disposed:false
294 silly fetch manifest @babel/plugin-bugfix-safari-id-destructuring-collision-in-function-expression@^7.29.7
295 silly packumentCache full:https://registry.npmjs.org/@babel%2fplugin-bugfix-safari-id-destructuring-collision-in-function-expression cache-miss
296 http cache https://registry.npmjs.org/@babel%2fplugin-transform-explicit-resource-management 36ms (cache hit)
297 silly packumentCache full:https://registry.npmjs.org/@babel%2fplugin-transform-explicit-resource-management set size:37467 disposed:false
298 http cache https://registry.npmjs.org/@babel%2fplugin-transform-nullish-coalescing-operator 39ms (cache hit)
299 silly packumentCache full:https://registry.npmjs.org/@babel%2fplugin-transform-nullish-coalescing-operator set size:100915 disposed:false
300 http cache https://registry.npmjs.org/@babel%2fplugin-transform-logical-assignment-operators 35ms (cache hit)
301 silly packumentCache full:https://registry.npmjs.org/@babel%2fplugin-transform-logical-assignment-operators set size:104752 disposed:false
302 http cache https://registry.npmjs.org/@babel%2fplugin-transform-named-capturing-groups-regex 34ms (cache hit)
303 silly packumentCache full:https://registry.npmjs.org/@babel%2fplugin-transform-named-capturing-groups-regex set size:197029 disposed:false
304 http cache https://registry.npmjs.org/@babel%2fplugin-bugfix-firefox-class-in-computed-class-key 34ms (cache hit)
305 silly packumentCache full:https://registry.npmjs.org/@babel%2fplugin-bugfix-firefox-class-in-computed-class-key set size:79029 disposed:false
306 http cache https://registry.npmjs.org/@babel%2fplugin-bugfix-safari-rest-destructuring-rhs-array 31ms (cache hit)
307 silly packumentCache full:https://registry.npmjs.org/@babel%2fplugin-bugfix-safari-rest-destructuring-rhs-array set size:22101 disposed:false
308 http cache https://registry.npmjs.org/@babel%2fplugin-bugfix-safari-class-field-initializer-scope 29ms (cache hit)
309 silly packumentCache full:https://registry.npmjs.org/@babel%2fplugin-bugfix-safari-class-field-initializer-scope set size:55985 disposed:false
310 http cache https://registry.npmjs.org/@babel%2fplugin-bugfix-v8-spread-parameters-in-optional-chaining 25ms (cache hit)
311 silly packumentCache full:https://registry.npmjs.org/@babel%2fplugin-bugfix-v8-spread-parameters-in-optional-chaining set size:149391 disposed:false
312 http cache https://registry.npmjs.org/@babel%2fplugin-bugfix-v8-static-class-fields-redefine-readonly 29ms (cache hit)
313 silly packumentCache full:https://registry.npmjs.org/@babel%2fplugin-bugfix-v8-static-class-fields-redefine-readonly set size:88719 disposed:false
314 http cache https://registry.npmjs.org/@babel%2fplugin-bugfix-safari-id-destructuring-collision-in-function-expression 23ms (cache hit)
315 silly packumentCache full:https://registry.npmjs.org/@babel%2fplugin-bugfix-safari-id-destructuring-collision-in-function-expression set size:134410 disposed:false
316 http cache https://registry.npmjs.org/@babel%2fplugin-transform-duplicate-named-capturing-groups-regex 26ms (cache hit)
317 silly packumentCache full:https://registry.npmjs.org/@babel%2fplugin-transform-duplicate-named-capturing-groups-regex set size:64692 disposed:false
318 silly fetch manifest @babel/core@^8.0.0
319 silly packumentCache full:https://registry.npmjs.org/@babel%2fcore cache-hit
320 warn ERESOLVE overriding peer dependency {
320 warn ERESOLVE   code: 'ERESOLVE',
320 warn ERESOLVE   edge: {
320 warn ERESOLVE     type: 'peer',
320 warn ERESOLVE     name: '@babel/core',
320 warn ERESOLVE     spec: '^8.0.0',
320 warn ERESOLVE     error: 'INVALID',
320 warn ERESOLVE     from: {
320 warn ERESOLVE       name: '@babel/helper-plugin-utils',
320 warn ERESOLVE       version: '8.0.1',
320 warn ERESOLVE       location: 'node_modules/@babel/helper-plugin-utils',
320 warn ERESOLVE       isWorkspace: false,
320 warn ERESOLVE       dependents: [Array]
320 warn ERESOLVE     }
320 warn ERESOLVE   },
320 warn ERESOLVE   dep: {
320 warn ERESOLVE     name: '@babel/core',
320 warn ERESOLVE     version: '8.0.1',
320 warn ERESOLVE     whileInstalling: {
320 warn ERESOLVE       name: '@babel/helper-plugin-utils',
320 warn ERESOLVE       version: '8.0.1',
320 warn ERESOLVE       path: 'D:\\workspaces\\project-template-v3\\utils\\node_modules\\@babel\\helper-plugin-utils'
320 warn ERESOLVE     },
320 warn ERESOLVE     location: 'node_modules/@babel/core',
320 warn ERESOLVE     isWorkspace: false,
320 warn ERESOLVE     dependents: [ [Object] ]
320 warn ERESOLVE   },
320 warn ERESOLVE   force: false,
320 warn ERESOLVE   isMine: false,
320 warn ERESOLVE   strictPeerDeps: false,
320 warn ERESOLVE   current: {
320 warn ERESOLVE     name: '@babel/core',
320 warn ERESOLVE     version: '7.26.0',
320 warn ERESOLVE     location: 'node_modules/@babel/core',
320 warn ERESOLVE     isWorkspace: false,
320 warn ERESOLVE     dependents: [
320 warn ERESOLVE       [Object], [Object],
320 warn ERESOLVE       [Object], [Object],
320 warn ERESOLVE       [Object], [Object],
320 warn ERESOLVE       [Object], [Object],
320 warn ERESOLVE       [Object], [Object],
320 warn ERESOLVE       [Object], [Object],
320 warn ERESOLVE       [Object], [Object],
320 warn ERESOLVE       [Object]
320 warn ERESOLVE     ]
320 warn ERESOLVE   },
320 warn ERESOLVE   peerConflict: {
320 warn ERESOLVE     current: {
320 warn ERESOLVE       name: '@babel/core',
320 warn ERESOLVE       version: '7.26.0',
320 warn ERESOLVE       location: 'node_modules/@babel/core',
320 warn ERESOLVE       isWorkspace: false,
320 warn ERESOLVE       dependents: [Array]
320 warn ERESOLVE     },
320 warn ERESOLVE     peer: {
320 warn ERESOLVE       name: '@babel/core',
320 warn ERESOLVE       version: '8.0.1',
320 warn ERESOLVE       whileInstalling: [Object],
320 warn ERESOLVE       location: 'node_modules/@babel/core',
320 warn ERESOLVE       isWorkspace: false,
320 warn ERESOLVE       dependents: [Array]
320 warn ERESOLVE     }
320 warn ERESOLVE   }
320 warn ERESOLVE }
321 silly fetch manifest @babel/core@^7.0.0-0
322 silly packumentCache full:https://registry.npmjs.org/@babel%2fcore cache-hit
323 silly placeDep ROOT @babel/compat-data@7.29.7 OK for: @babel/preset-env@7.29.7 want: ^7.29.7
324 silly placeDep ROOT @babel/helper-compilation-targets@7.29.7 OK for: @babel/preset-env@7.29.7 want: ^7.29.7
325 silly placeDep node_modules/@babel/preset-env @babel/helper-plugin-utils@7.29.7 OK for: @babel/preset-env@7.29.7 want: ^7.29.7
326 silly placeDep ROOT @babel/helper-validator-option@7.29.7 OK for: @babel/preset-env@7.29.7 want: ^7.29.7
327 silly placeDep ROOT @babel/plugin-bugfix-firefox-class-in-computed-class-key@7.29.7 OK for: @babel/preset-env@7.29.7 want: ^7.29.7
328 silly placeDep ROOT @babel/plugin-bugfix-safari-class-field-initializer-scope@7.29.7 OK for: @babel/preset-env@7.29.7 want: ^7.29.7
329 silly placeDep ROOT @babel/plugin-bugfix-safari-id-destructuring-collision-in-function-expression@7.29.7 OK for: @babel/preset-env@7.29.7 want: ^7.29.7
330 silly placeDep ROOT @babel/plugin-bugfix-safari-rest-destructuring-rhs-array@7.29.7 OK for: @babel/preset-env@7.29.7 want: ^7.29.7
331 silly placeDep ROOT @babel/plugin-bugfix-v8-spread-parameters-in-optional-chaining@7.29.7 OK for: @babel/preset-env@7.29.7 want: ^7.29.7
332 silly placeDep ROOT @babel/plugin-bugfix-v8-static-class-fields-redefine-readonly@7.29.7 OK for: @babel/preset-env@7.29.7 want: ^7.29.7
333 silly placeDep ROOT @babel/plugin-proposal-private-property-in-object@7.21.0-placeholder-for-preset-env.2 OK for: @babel/preset-env@7.29.7 want: 7.21.0-placeholder-for-preset-env.2
334 silly placeDep ROOT @babel/plugin-syntax-import-assertions@7.29.7 OK for: @babel/preset-env@7.29.7 want: ^7.29.7
335 silly placeDep ROOT @babel/plugin-syntax-import-attributes@7.29.7 OK for: @babel/preset-env@7.29.7 want: ^7.29.7
336 silly placeDep ROOT @babel/plugin-syntax-unicode-sets-regex@7.18.6 OK for: @babel/preset-env@7.29.7 want: ^7.18.6
337 silly placeDep ROOT @babel/plugin-transform-arrow-functions@7.29.7 OK for: @babel/preset-env@7.29.7 want: ^7.29.7
338 silly placeDep ROOT @babel/plugin-transform-async-generator-functions@7.29.7 OK for: @babel/preset-env@7.29.7 want: ^7.29.7
339 silly placeDep ROOT @babel/plugin-transform-async-to-generator@7.29.7 REPLACE for: @babel/preset-env@7.29.7 want: ^7.29.7
340 silly placeDep ROOT @babel/plugin-transform-block-scoped-functions@7.29.7 OK for: @babel/preset-env@7.29.7 want: ^7.29.7
341 silly placeDep ROOT @babel/plugin-transform-block-scoping@7.29.7 OK for: @babel/preset-env@7.29.7 want: ^7.29.7
342 silly placeDep ROOT @babel/plugin-transform-class-properties@7.29.7 OK for: @babel/preset-env@7.29.7 want: ^7.29.7
343 silly placeDep ROOT @babel/plugin-transform-class-static-block@7.29.7 OK for: @babel/preset-env@7.29.7 want: ^7.29.7
344 silly placeDep ROOT @babel/plugin-transform-classes@7.29.7 OK for: @babel/preset-env@7.29.7 want: ^7.29.7
345 silly placeDep ROOT @babel/plugin-transform-computed-properties@7.29.7 OK for: @babel/preset-env@7.29.7 want: ^7.29.7
346 silly placeDep ROOT @babel/plugin-transform-destructuring@7.29.7 OK for: @babel/preset-env@7.29.7 want: ^7.29.7
347 silly placeDep ROOT @babel/plugin-transform-dotall-regex@7.29.7 OK for: @babel/preset-env@7.29.7 want: ^7.29.7
348 silly placeDep ROOT @babel/plugin-transform-duplicate-keys@7.29.7 OK for: @babel/preset-env@7.29.7 want: ^7.29.7
349 silly placeDep ROOT @babel/plugin-transform-duplicate-named-capturing-groups-regex@7.29.7 OK for: @babel/preset-env@7.29.7 want: ^7.29.7
350 silly placeDep ROOT @babel/plugin-transform-dynamic-import@7.29.7 OK for: @babel/preset-env@7.29.7 want: ^7.29.7
351 silly placeDep ROOT @babel/plugin-transform-explicit-resource-management@7.29.7 OK for: @babel/preset-env@7.29.7 want: ^7.29.7
352 silly placeDep ROOT @babel/plugin-transform-exponentiation-operator@7.29.7 OK for: @babel/preset-env@7.29.7 want: ^7.29.7
353 silly placeDep ROOT @babel/plugin-transform-export-namespace-from@7.29.7 OK for: @babel/preset-env@7.29.7 want: ^7.29.7
354 silly placeDep ROOT @babel/plugin-transform-for-of@7.29.7 OK for: @babel/preset-env@7.29.7 want: ^7.29.7
355 silly placeDep ROOT @babel/plugin-transform-function-name@7.29.7 OK for: @babel/preset-env@7.29.7 want: ^7.29.7
356 silly placeDep ROOT @babel/plugin-transform-json-strings@7.29.7 OK for: @babel/preset-env@7.29.7 want: ^7.29.7
357 silly placeDep ROOT @babel/plugin-transform-literals@7.29.7 OK for: @babel/preset-env@7.29.7 want: ^7.29.7
358 silly placeDep ROOT @babel/plugin-transform-logical-assignment-operators@7.29.7 OK for: @babel/preset-env@7.29.7 want: ^7.29.7
359 silly placeDep ROOT @babel/plugin-transform-member-expression-literals@7.29.7 OK for: @babel/preset-env@7.29.7 want: ^7.29.7
360 silly placeDep ROOT @babel/plugin-transform-modules-amd@7.29.7 OK for: @babel/preset-env@7.29.7 want: ^7.29.7
361 silly placeDep ROOT @babel/plugin-transform-modules-commonjs@7.29.7 OK for: @babel/preset-env@7.29.7 want: ^7.29.7
362 silly placeDep ROOT @babel/plugin-transform-modules-systemjs@7.29.8 OK for: @babel/preset-env@7.29.7 want: ^7.29.7
363 silly placeDep ROOT @babel/plugin-transform-modules-umd@7.29.7 OK for: @babel/preset-env@7.29.7 want: ^7.29.7
364 silly placeDep ROOT @babel/plugin-transform-named-capturing-groups-regex@7.29.7 OK for: @babel/preset-env@7.29.7 want: ^7.29.7
365 silly placeDep ROOT @babel/plugin-transform-new-target@7.29.7 OK for: @babel/preset-env@7.29.7 want: ^7.29.7
366 silly placeDep ROOT @babel/plugin-transform-nullish-coalescing-operator@7.29.7 OK for: @babel/preset-env@7.29.7 want: ^7.29.7
367 silly placeDep ROOT @babel/plugin-transform-numeric-separator@7.29.7 OK for: @babel/preset-env@7.29.7 want: ^7.29.7
368 silly placeDep ROOT @babel/plugin-transform-object-rest-spread@7.29.7 OK for: @babel/preset-env@7.29.7 want: ^7.29.7
369 silly placeDep ROOT @babel/plugin-transform-object-super@7.29.7 OK for: @babel/preset-env@7.29.7 want: ^7.29.7
370 silly placeDep ROOT @babel/plugin-transform-optional-catch-binding@7.29.7 OK for: @babel/preset-env@7.29.7 want: ^7.29.7
371 silly placeDep ROOT @babel/plugin-transform-optional-chaining@7.29.7 OK for: @babel/preset-env@7.29.7 want: ^7.29.7
372 silly placeDep ROOT @babel/plugin-transform-parameters@7.29.7 REPLACE for: @babel/preset-env@7.29.7 want: ^7.29.7
373 silly placeDep ROOT @babel/plugin-transform-private-methods@7.29.7 OK for: @babel/preset-env@7.29.7 want: ^7.29.7
374 silly placeDep ROOT @babel/plugin-transform-private-property-in-object@7.29.7 OK for: @babel/preset-env@7.29.7 want: ^7.29.7
375 silly placeDep ROOT @babel/plugin-transform-property-literals@7.29.7 OK for: @babel/preset-env@7.29.7 want: ^7.29.7
376 silly placeDep ROOT @babel/plugin-transform-regenerator@7.29.8 OK for: @babel/preset-env@7.29.7 want: ^7.29.7
377 silly placeDep ROOT @babel/plugin-transform-regexp-modifiers@7.29.7 OK for: @babel/preset-env@7.29.7 want: ^7.29.7
378 silly placeDep ROOT @babel/plugin-transform-reserved-words@7.29.7 OK for: @babel/preset-env@7.29.7 want: ^7.29.7
379 silly placeDep ROOT @babel/plugin-transform-shorthand-properties@7.29.7 OK for: @babel/preset-env@7.29.7 want: ^7.29.7
380 silly placeDep ROOT @babel/plugin-transform-spread@7.29.8 OK for: @babel/preset-env@7.29.7 want: ^7.29.7
381 silly placeDep ROOT @babel/plugin-transform-sticky-regex@7.29.7 OK for: @babel/preset-env@7.29.7 want: ^7.29.7
382 silly placeDep ROOT @babel/plugin-transform-template-literals@7.29.7 OK for: @babel/preset-env@7.29.7 want: ^7.29.7
383 silly placeDep ROOT @babel/plugin-transform-typeof-symbol@7.29.7 OK for: @babel/preset-env@7.29.7 want: ^7.29.7
384 silly placeDep ROOT @babel/plugin-transform-unicode-escapes@7.29.7 OK for: @babel/preset-env@7.29.7 want: ^7.29.7
385 silly placeDep ROOT @babel/plugin-transform-unicode-property-regex@7.29.7 OK for: @babel/preset-env@7.29.7 want: ^7.29.7
386 silly placeDep ROOT @babel/plugin-transform-unicode-regex@7.29.7 OK for: @babel/preset-env@7.29.7 want: ^7.29.7
387 silly placeDep ROOT @babel/plugin-transform-unicode-sets-regex@7.29.7 OK for: @babel/preset-env@7.29.7 want: ^7.29.7
388 silly placeDep ROOT @babel/preset-modules@0.1.6-no-external-plugins OK for: @babel/preset-env@7.29.7 want: 0.1.6-no-external-plugins
389 silly placeDep ROOT babel-plugin-polyfill-corejs2@0.4.17 OK for: @babel/preset-env@7.29.7 want: ^0.4.15
390 silly placeDep ROOT babel-plugin-polyfill-corejs3@0.14.2 OK for: @babel/preset-env@7.29.7 want: ^0.14.0
391 silly placeDep ROOT babel-plugin-polyfill-regenerator@0.6.8 OK for: @babel/preset-env@7.29.7 want: ^0.6.6
392 silly placeDep ROOT core-js-compat@3.50.0 OK for: @babel/preset-env@7.29.7 want: ^3.48.0
393 silly placeDep ROOT semver@6.3.1 OK for: @babel/preset-env@7.29.7 want: ^6.3.1
394 silly fetch manifest lru-cache@^5.1.1
395 silly packumentCache full:https://registry.npmjs.org/lru-cache cache-miss
396 silly fetch manifest @babel/traverse@^7.29.7
397 silly packumentCache full:https://registry.npmjs.org/@babel%2ftraverse cache-miss
398 silly fetch manifest @babel/helper-skip-transparent-expression-wrappers@^7.29.7
399 silly packumentCache full:https://registry.npmjs.org/@babel%2fhelper-skip-transparent-expression-wrappers cache-miss
400 silly fetch manifest @babel/helper-skip-transparent-expression-wrappers@^7.29.7
401 silly packumentCache full:https://registry.npmjs.org/@babel%2fhelper-skip-transparent-expression-wrappers cache-miss
402 silly fetch manifest @babel/traverse@^7.29.7
403 silly packumentCache full:https://registry.npmjs.org/@babel%2ftraverse cache-miss
404 silly fetch manifest @babel/helper-create-regexp-features-plugin@^7.18.6
405 silly packumentCache full:https://registry.npmjs.org/@babel%2fhelper-create-regexp-features-plugin cache-miss
406 silly fetch manifest @babel/helper-plugin-utils@^7.18.6
407 silly packumentCache full:https://registry.npmjs.org/@babel%2fhelper-plugin-utils cache-hit
408 silly fetch manifest @babel/traverse@^7.29.7
409 silly packumentCache full:https://registry.npmjs.org/@babel%2ftraverse cache-miss
410 silly fetch manifest @babel/helper-remap-async-to-generator@^7.29.7
411 silly packumentCache full:https://registry.npmjs.org/@babel%2fhelper-remap-async-to-generator cache-miss
412 silly fetch manifest @babel/helper-module-imports@^7.29.7
413 silly packumentCache full:https://registry.npmjs.org/@babel%2fhelper-module-imports cache-miss
414 silly fetch manifest @babel/helper-remap-async-to-generator@^7.29.7
415 silly packumentCache full:https://registry.npmjs.org/@babel%2fhelper-remap-async-to-generator cache-miss
416 silly fetch manifest @babel/helper-create-class-features-plugin@^7.29.7
417 silly packumentCache full:https://registry.npmjs.org/@babel%2fhelper-create-class-features-plugin cache-miss
418 http fetch GET 200 https://registry.npmjs.org/@babel%2fhelper-create-regexp-features-plugin 1029ms (cache miss)
419 silly packumentCache full:https://registry.npmjs.org/@babel%2fhelper-create-regexp-features-plugin set size:undefined disposed:false
420 silly fetch manifest @babel/helper-create-class-features-plugin@^7.29.7
421 silly packumentCache full:https://registry.npmjs.org/@babel%2fhelper-create-class-features-plugin cache-miss
422 http fetch GET 200 https://registry.npmjs.org/@babel%2fhelper-module-imports 1040ms (cache miss)
423 silly packumentCache full:https://registry.npmjs.org/@babel%2fhelper-module-imports set size:undefined disposed:false
424 silly fetch manifest @babel/traverse@^7.29.7
425 silly packumentCache full:https://registry.npmjs.org/@babel%2ftraverse cache-miss
426 http fetch GET 200 https://registry.npmjs.org/@babel%2fhelper-remap-async-to-generator 1050ms (cache miss)
427 silly packumentCache full:https://registry.npmjs.org/@babel%2fhelper-remap-async-to-generator set size:undefined disposed:false
428 silly fetch manifest @babel/helper-globals@^7.29.7
429 silly packumentCache full:https://registry.npmjs.org/@babel%2fhelper-globals cache-miss
430 http fetch GET 200 https://registry.npmjs.org/@babel%2fhelper-remap-async-to-generator 1061ms (cache miss)
431 silly packumentCache full:https://registry.npmjs.org/@babel%2fhelper-remap-async-to-generator set size:undefined disposed:false
432 silly fetch manifest @babel/helper-replace-supers@^7.29.7
433 silly packumentCache full:https://registry.npmjs.org/@babel%2fhelper-replace-supers cache-miss
434 http fetch GET 200 https://registry.npmjs.org/@babel%2fhelper-skip-transparent-expression-wrappers 1068ms (cache miss)
435 silly packumentCache full:https://registry.npmjs.org/@babel%2fhelper-skip-transparent-expression-wrappers set size:undefined disposed:false
436 silly fetch manifest @babel/helper-annotate-as-pure@^7.29.7
437 silly packumentCache full:https://registry.npmjs.org/@babel%2fhelper-annotate-as-pure cache-miss
438 http fetch GET 200 https://registry.npmjs.org/@babel%2fhelper-skip-transparent-expression-wrappers 1100ms (cache miss)
439 silly packumentCache full:https://registry.npmjs.org/@babel%2fhelper-skip-transparent-expression-wrappers set size:undefined disposed:false
440 silly fetch manifest @babel/template@^7.29.7
441 silly packumentCache full:https://registry.npmjs.org/@babel%2ftemplate cache-miss
442 http fetch GET 200 https://registry.npmjs.org/@babel%2fhelper-create-class-features-plugin 1209ms (cache miss)
443 silly packumentCache full:https://registry.npmjs.org/@babel%2fhelper-create-class-features-plugin set size:undefined disposed:false
444 silly fetch manifest @babel/traverse@^7.29.7
445 silly packumentCache full:https://registry.npmjs.org/@babel%2ftraverse cache-miss
446 http fetch GET 200 https://registry.npmjs.org/lru-cache 1298ms (cache miss)
447 silly packumentCache full:https://registry.npmjs.org/lru-cache set size:undefined disposed:false
448 silly fetch manifest @babel/helper-create-regexp-features-plugin@^7.29.7
449 silly packumentCache full:https://registry.npmjs.org/@babel%2fhelper-create-regexp-features-plugin cache-miss
450 http fetch GET 200 https://registry.npmjs.org/@babel%2ftraverse 1310ms (cache miss)
451 silly packumentCache full:https://registry.npmjs.org/@babel%2ftraverse set size:undefined disposed:false
452 silly fetch manifest @babel/helper-create-regexp-features-plugin@^7.29.7
453 silly packumentCache full:https://registry.npmjs.org/@babel%2fhelper-create-regexp-features-plugin cache-miss
454 http cache https://registry.npmjs.org/@babel%2fhelper-create-regexp-features-plugin 15ms (cache hit)
455 silly packumentCache full:https://registry.npmjs.org/@babel%2fhelper-create-regexp-features-plugin set size:189184 disposed:false
456 silly fetch manifest @babel/helper-module-transforms@^7.29.7
457 silly packumentCache full:https://registry.npmjs.org/@babel%2fhelper-module-transforms cache-miss
458 http fetch GET 200 https://registry.npmjs.org/@babel%2ftraverse 1325ms (cache miss)
459 silly packumentCache full:https://registry.npmjs.org/@babel%2ftraverse set size:undefined disposed:false
460 silly fetch manifest @babel/helper-module-transforms@^7.29.7
461 silly packumentCache full:https://registry.npmjs.org/@babel%2fhelper-module-transforms cache-miss
462 http cache https://registry.npmjs.org/@babel%2fhelper-create-regexp-features-plugin 24ms (cache hit)
463 silly packumentCache full:https://registry.npmjs.org/@babel%2fhelper-create-regexp-features-plugin set size:189184 disposed:false
464 silly packumentCache full:https://registry.npmjs.org/@babel%2fhelper-create-regexp-features-plugin dispose
465 silly fetch manifest @babel/traverse@^7.29.8
466 silly packumentCache full:https://registry.npmjs.org/@babel%2ftraverse cache-miss
467 http fetch GET 200 https://registry.npmjs.org/@babel%2fhelper-globals 286ms (cache miss)
468 silly packumentCache full:https://registry.npmjs.org/@babel%2fhelper-globals set size:undefined disposed:false
469 silly fetch manifest @babel/helper-module-transforms@^7.29.7
470 silly packumentCache full:https://registry.npmjs.org/@babel%2fhelper-module-transforms cache-miss
471 http cache https://registry.npmjs.org/@babel%2ftraverse 13ms (cache hit)
472 silly packumentCache full:https://registry.npmjs.org/@babel%2ftraverse set size:564759 disposed:false
473 silly fetch manifest @babel/helper-validator-identifier@^7.29.7
474 silly packumentCache full:https://registry.npmjs.org/@babel%2fhelper-validator-identifier cache-miss
475 http fetch GET 200 https://registry.npmjs.org/@babel%2ftraverse 1379ms (cache miss)
476 silly packumentCache full:https://registry.npmjs.org/@babel%2ftraverse set size:undefined disposed:false
477 silly packumentCache full:https://registry.npmjs.org/@babel%2ftraverse dispose
478 silly fetch manifest @babel/helper-module-transforms@^7.29.7
479 silly packumentCache full:https://registry.npmjs.org/@babel%2fhelper-module-transforms cache-miss
480 http fetch GET 200 https://registry.npmjs.org/@babel%2fhelper-create-class-features-plugin 353ms (cache miss)
481 silly packumentCache full:https://registry.npmjs.org/@babel%2fhelper-create-class-features-plugin set size:undefined disposed:false
482 silly fetch manifest @babel/helper-replace-supers@^7.29.7
483 silly packumentCache full:https://registry.npmjs.org/@babel%2fhelper-replace-supers cache-miss
484 http fetch GET 200 https://registry.npmjs.org/@babel%2fhelper-annotate-as-pure 328ms (cache miss)
485 silly packumentCache full:https://registry.npmjs.org/@babel%2fhelper-annotate-as-pure set size:undefined disposed:false
486 silly fetch manifest esutils@^2.0.2
487 silly packumentCache full:https://registry.npmjs.org/esutils cache-miss
488 http fetch GET 200 https://registry.npmjs.org/@babel%2fhelper-replace-supers 349ms (cache miss)
489 silly packumentCache full:https://registry.npmjs.org/@babel%2fhelper-replace-supers set size:undefined disposed:false
490 silly fetch manifest @babel/types@^7.4.4
491 silly packumentCache full:https://registry.npmjs.org/@babel%2ftypes cache-miss
492 http fetch GET 200 https://registry.npmjs.org/@babel%2ftemplate 337ms (cache miss)
493 silly packumentCache full:https://registry.npmjs.org/@babel%2ftemplate set size:undefined disposed:false
494 silly fetch manifest @babel/helper-plugin-utils@^7.0.0
495 silly packumentCache full:https://registry.npmjs.org/@babel%2fhelper-plugin-utils cache-hit
496 silly fetch manifest @babel/helper-define-polyfill-provider@^0.6.8
497 silly packumentCache full:https://registry.npmjs.org/@babel%2fhelper-define-polyfill-provider cache-miss
498 http fetch GET 200 https://registry.npmjs.org/@babel%2ftraverse 523ms (cache miss)
499 silly packumentCache full:https://registry.npmjs.org/@babel%2ftraverse set size:undefined disposed:true
500 silly fetch manifest @babel/helper-define-polyfill-provider@^0.6.8
501 silly packumentCache full:https://registry.npmjs.org/@babel%2fhelper-define-polyfill-provider cache-miss
502 http fetch GET 200 https://registry.npmjs.org/@babel%2ftraverse 407ms (cache miss)
503 silly packumentCache full:https://registry.npmjs.org/@babel%2ftraverse set size:undefined disposed:false
504 silly fetch manifest @babel/helper-define-polyfill-provider@^0.6.8
505 silly packumentCache full:https://registry.npmjs.org/@babel%2fhelper-define-polyfill-provider cache-miss
506 http fetch GET 200 https://registry.npmjs.org/@babel%2fhelper-validator-identifier 295ms (cache miss)
507 silly packumentCache full:https://registry.npmjs.org/@babel%2fhelper-validator-identifier set size:undefined disposed:false
508 silly fetch manifest browserslist@^4.28.7
509 silly packumentCache full:https://registry.npmjs.org/browserslist cache-miss
510 http fetch GET 200 https://registry.npmjs.org/esutils 266ms (cache miss)
511 silly packumentCache full:https://registry.npmjs.org/esutils set size:undefined disposed:false
512 http fetch GET 200 https://registry.npmjs.org/@babel%2fhelper-module-transforms 353ms (cache miss)
513 silly packumentCache full:https://registry.npmjs.org/@babel%2fhelper-module-transforms set size:undefined disposed:false
514 http fetch GET 200 https://registry.npmjs.org/@babel%2fhelper-module-transforms 352ms (cache miss)
515 silly packumentCache full:https://registry.npmjs.org/@babel%2fhelper-module-transforms set size:undefined disposed:false
516 http fetch GET 200 https://registry.npmjs.org/@babel%2fhelper-module-transforms 351ms (cache miss)
517 silly packumentCache full:https://registry.npmjs.org/@babel%2fhelper-module-transforms set size:undefined disposed:false
518 http fetch GET 200 https://registry.npmjs.org/@babel%2fhelper-replace-supers 325ms (cache miss)
519 silly packumentCache full:https://registry.npmjs.org/@babel%2fhelper-replace-supers set size:undefined disposed:false
520 http fetch GET 200 https://registry.npmjs.org/@babel%2fhelper-define-polyfill-provider 289ms (cache miss)
521 silly packumentCache full:https://registry.npmjs.org/@babel%2fhelper-define-polyfill-provider set size:undefined disposed:false
522 http fetch GET 200 https://registry.npmjs.org/@babel%2fhelper-module-transforms 352ms (cache miss)
523 silly packumentCache full:https://registry.npmjs.org/@babel%2fhelper-module-transforms set size:undefined disposed:false
524 http fetch GET 200 https://registry.npmjs.org/@babel%2ftypes 400ms (cache miss)
525 silly packumentCache full:https://registry.npmjs.org/@babel%2ftypes set size:undefined disposed:false
526 http fetch GET 200 https://registry.npmjs.org/@babel%2fhelper-define-polyfill-provider 264ms (cache miss)
527 silly packumentCache full:https://registry.npmjs.org/@babel%2fhelper-define-polyfill-provider set size:undefined disposed:false
528 http fetch GET 200 https://registry.npmjs.org/@babel%2fhelper-define-polyfill-provider 267ms (cache miss)
529 silly packumentCache full:https://registry.npmjs.org/@babel%2fhelper-define-polyfill-provider set size:undefined disposed:false
530 http fetch GET 200 https://registry.npmjs.org/browserslist 407ms (cache miss)
531 silly packumentCache full:https://registry.npmjs.org/browserslist set size:undefined disposed:false
532 silly placeDep ROOT lru-cache@5.1.1 OK for: @babel/helper-compilation-targets@7.29.7 want: ^5.1.1
533 silly fetch manifest yallist@^3.0.2
534 silly packumentCache full:https://registry.npmjs.org/yallist cache-miss
535 http fetch GET 200 https://registry.npmjs.org/yallist 270ms (cache miss)
536 silly packumentCache full:https://registry.npmjs.org/yallist set size:undefined disposed:false
537 silly placeDep node_modules/@babel/plugin-bugfix-firefox-class-in-computed-class-key @babel/helper-plugin-utils@7.29.7 OK for: @babel/plugin-bugfix-firefox-class-in-computed-class-key@7.29.7 want: ^7.29.7
538 silly placeDep node_modules/@babel/plugin-bugfix-firefox-class-in-computed-class-key @babel/traverse@7.29.8 OK for: @babel/plugin-bugfix-firefox-class-in-computed-class-key@7.29.7 want: ^7.29.7
539 silly fetch manifest @babel/types@^7.29.8
540 silly packumentCache full:https://registry.npmjs.org/@babel%2ftypes cache-miss
541 silly fetch manifest @babel/parser@^7.29.8
542 silly packumentCache full:https://registry.npmjs.org/@babel%2fparser cache-miss
543 silly fetch manifest @babel/generator@^7.29.8
544 silly packumentCache full:https://registry.npmjs.org/@babel%2fgenerator cache-miss
545 silly fetch manifest @babel/code-frame@^7.29.7
546 silly packumentCache full:https://registry.npmjs.org/@babel%2fcode-frame cache-miss
547 http cache https://registry.npmjs.org/@babel%2ftypes 11ms (cache hit)
548 silly packumentCache full:https://registry.npmjs.org/@babel%2ftypes set size:502938 disposed:false
549 http fetch GET 200 https://registry.npmjs.org/@babel%2fcode-frame 274ms (cache miss)
550 silly packumentCache full:https://registry.npmjs.org/@babel%2fcode-frame set size:undefined disposed:false
551 http fetch GET 200 https://registry.npmjs.org/@babel%2fgenerator 357ms (cache miss)
552 silly packumentCache full:https://registry.npmjs.org/@babel%2fgenerator set size:undefined disposed:false
553 http fetch GET 200 https://registry.npmjs.org/@babel%2fparser 395ms (cache miss)
554 silly packumentCache full:https://registry.npmjs.org/@babel%2fparser set size:undefined disposed:false
555 silly placeDep node_modules/@babel/plugin-bugfix-safari-class-field-initializer-scope @babel/helper-plugin-utils@7.29.7 OK for: @babel/plugin-bugfix-safari-class-field-initializer-scope@7.29.7 want: ^7.29.7
556 silly placeDep node_modules/@babel/plugin-bugfix-safari-id-destructuring-collision-in-function-expression @babel/helper-plugin-utils@7.29.7 OK for: @babel/plugin-bugfix-safari-id-destructuring-collision-in-function-expression@7.29.7 want: ^7.29.7
557 silly placeDep node_modules/@babel/plugin-bugfix-safari-rest-destructuring-rhs-array @babel/helper-plugin-utils@7.29.7 OK for: @babel/plugin-bugfix-safari-rest-destructuring-rhs-array@7.29.7 want: ^7.29.7
558 silly placeDep ROOT @babel/helper-skip-transparent-expression-wrappers@7.29.7 OK for: @babel/plugin-bugfix-safari-rest-destructuring-rhs-array@7.29.7 want: ^7.29.7
559 silly fetch manifest @babel/types@^7.29.7
560 silly packumentCache full:https://registry.npmjs.org/@babel%2ftypes cache-hit
561 silly placeDep node_modules/@babel/helper-skip-transparent-expression-wrappers @babel/traverse@7.29.8 OK for: @babel/helper-skip-transparent-expression-wrappers@7.29.7 want: ^7.29.7
562 silly placeDep node_modules/@babel/helper-skip-transparent-expression-wrappers @babel/types@7.29.8 OK for: @babel/helper-skip-transparent-expression-wrappers@7.29.7 want: ^7.29.7
563 silly fetch manifest @babel/helper-string-parser@^7.29.7
564 silly packumentCache full:https://registry.npmjs.org/@babel%2fhelper-string-parser cache-miss
565 http fetch GET 200 https://registry.npmjs.org/@babel%2fhelper-string-parser 243ms (cache miss)
566 silly packumentCache full:https://registry.npmjs.org/@babel%2fhelper-string-parser set size:undefined disposed:false
567 silly placeDep node_modules/@babel/plugin-bugfix-v8-spread-parameters-in-optional-chaining @babel/helper-plugin-utils@7.29.7 OK for: @babel/plugin-bugfix-v8-spread-parameters-in-optional-chaining@7.29.7 want: ^7.29.7
568 silly placeDep node_modules/@babel/plugin-bugfix-v8-static-class-fields-redefine-readonly @babel/helper-plugin-utils@7.29.7 OK for: @babel/plugin-bugfix-v8-static-class-fields-redefine-readonly@7.29.7 want: ^7.29.7
569 silly placeDep node_modules/@babel/plugin-bugfix-v8-static-class-fields-redefine-readonly @babel/traverse@7.29.8 OK for: @babel/plugin-bugfix-v8-static-class-fields-redefine-readonly@7.29.7 want: ^7.29.7
570 silly placeDep node_modules/@babel/plugin-syntax-import-assertions @babel/helper-plugin-utils@7.29.7 OK for: @babel/plugin-syntax-import-assertions@7.29.7 want: ^7.29.7
571 silly placeDep node_modules/@babel/plugin-syntax-import-attributes @babel/helper-plugin-utils@7.29.7 OK for: @babel/plugin-syntax-import-attributes@7.29.7 want: ^7.29.7
572 silly fetch manifest @babel/core@^7.0.0
573 silly packumentCache full:https://registry.npmjs.org/@babel%2fcore cache-hit
574 silly placeDep ROOT @babel/helper-create-regexp-features-plugin@7.29.7 OK for: @babel/plugin-syntax-unicode-sets-regex@7.18.6 want: ^7.18.6
575 silly placeDep node_modules/@babel/plugin-syntax-unicode-sets-regex @babel/helper-plugin-utils@7.29.7 OK for: @babel/plugin-syntax-unicode-sets-regex@7.18.6 want: ^7.18.6
576 silly fetch manifest regexpu-core@^6.3.1
577 silly packumentCache full:https://registry.npmjs.org/regexpu-core cache-miss
578 http fetch GET 200 https://registry.npmjs.org/regexpu-core 297ms (cache miss)
579 silly packumentCache full:https://registry.npmjs.org/regexpu-core set size:undefined disposed:false
580 silly placeDep ROOT @babel/helper-annotate-as-pure@7.29.7 OK for: @babel/helper-create-regexp-features-plugin@7.29.7 want: ^7.29.7
581 silly placeDep ROOT regexpu-core@6.4.0 OK for: @babel/helper-create-regexp-features-plugin@7.29.7 want: ^6.3.1
582 silly fetch manifest regenerate@^1.4.2
583 silly packumentCache full:https://registry.npmjs.org/regenerate cache-miss
584 silly fetch manifest regenerate-unicode-properties@^10.2.2
585 silly packumentCache full:https://registry.npmjs.org/regenerate-unicode-properties cache-miss
586 silly fetch manifest regjsgen@^0.8.0
587 silly packumentCache full:https://registry.npmjs.org/regjsgen cache-miss
588 silly fetch manifest regjsparser@^0.13.0
589 silly packumentCache full:https://registry.npmjs.org/regjsparser cache-miss
590 silly fetch manifest unicode-match-property-ecmascript@^2.0.0
591 silly packumentCache full:https://registry.npmjs.org/unicode-match-property-ecmascript cache-miss
592 silly fetch manifest unicode-match-property-value-ecmascript@^2.2.1
593 silly packumentCache full:https://registry.npmjs.org/unicode-match-property-value-ecmascript cache-miss
594 http fetch GET 200 https://registry.npmjs.org/regjsgen 266ms (cache miss)
595 silly packumentCache full:https://registry.npmjs.org/regjsgen set size:undefined disposed:false
596 http fetch GET 200 https://registry.npmjs.org/unicode-match-property-value-ecmascript 266ms (cache miss)
597 silly packumentCache full:https://registry.npmjs.org/unicode-match-property-value-ecmascript set size:undefined disposed:false
598 http fetch GET 200 https://registry.npmjs.org/unicode-match-property-ecmascript 267ms (cache miss)
599 silly packumentCache full:https://registry.npmjs.org/unicode-match-property-ecmascript set size:undefined disposed:false
600 http fetch GET 200 https://registry.npmjs.org/regjsparser 276ms (cache miss)
601 silly packumentCache full:https://registry.npmjs.org/regjsparser set size:undefined disposed:false
602 http fetch GET 200 https://registry.npmjs.org/regenerate-unicode-properties 283ms (cache miss)
603 silly packumentCache full:https://registry.npmjs.org/regenerate-unicode-properties set size:undefined disposed:false
604 http fetch GET 200 https://registry.npmjs.org/regenerate 285ms (cache miss)
605 silly packumentCache full:https://registry.npmjs.org/regenerate set size:undefined disposed:false
606 silly placeDep node_modules/@babel/helper-annotate-as-pure @babel/types@7.29.8 OK for: @babel/helper-annotate-as-pure@7.29.7 want: ^7.29.7
607 silly placeDep node_modules/@babel/plugin-transform-arrow-functions @babel/helper-plugin-utils@7.29.7 OK for: @babel/plugin-transform-arrow-functions@7.29.7 want: ^7.29.7
608 silly placeDep node_modules/@babel/plugin-transform-async-generator-functions @babel/helper-plugin-utils@7.29.7 OK for: @babel/plugin-transform-async-generator-functions@7.29.7 want: ^7.29.7
609 silly placeDep ROOT @babel/helper-remap-async-to-generator@7.29.7 REPLACE for: @babel/plugin-transform-async-generator-functions@7.29.7 want: ^7.29.7
610 silly placeDep node_modules/@babel/plugin-transform-async-generator-functions @babel/traverse@7.29.8 OK for: @babel/plugin-transform-async-generator-functions@7.29.7 want: ^7.29.7
611 silly fetch manifest @babel/helper-wrap-function@^7.29.7
612 silly packumentCache full:https://registry.npmjs.org/@babel%2fhelper-wrap-function cache-miss
613 http fetch GET 200 https://registry.npmjs.org/@babel%2fhelper-wrap-function 337ms (cache miss)
614 silly packumentCache full:https://registry.npmjs.org/@babel%2fhelper-wrap-function set size:undefined disposed:false
615 silly placeDep ROOT @babel/helper-wrap-function@7.29.7 OK for: @babel/helper-remap-async-to-generator@7.29.7 want: ^7.29.7
616 silly placeDep node_modules/@babel/helper-remap-async-to-generator @babel/traverse@7.29.8 OK for: @babel/helper-remap-async-to-generator@7.29.7 want: ^7.29.7
617 silly placeDep ROOT @babel/template@7.29.7 REPLACE for: @babel/helper-wrap-function@7.29.7 want: ^7.29.7
618 silly placeDep node_modules/@babel/helper-wrap-function @babel/traverse@7.29.8 OK for: @babel/helper-wrap-function@7.29.7 want: ^7.29.7
619 silly placeDep node_modules/@babel/helper-wrap-function @babel/types@7.29.8 OK for: @babel/helper-wrap-function@7.29.7 want: ^7.29.7
620 silly fetch manifest @babel/parser@^7.29.7
621 silly packumentCache full:https://registry.npmjs.org/@babel%2fparser cache-miss
622 http cache https://registry.npmjs.org/@babel%2fparser 10ms (cache hit)
623 silly packumentCache full:https://registry.npmjs.org/@babel%2fparser set size:737961 disposed:false
624 silly placeDep node_modules/@babel/plugin-transform-async-to-generator @babel/helper-module-imports@7.29.7 OK for: @babel/plugin-transform-async-to-generator@7.29.7 want: ^7.29.7
625 silly placeDep node_modules/@babel/plugin-transform-async-to-generator @babel/helper-plugin-utils@7.29.7 OK for: @babel/plugin-transform-async-to-generator@7.29.7 want: ^7.29.7
626 silly placeDep node_modules/@babel/plugin-transform-block-scoped-functions @babel/helper-plugin-utils@7.29.7 OK for: @babel/plugin-transform-block-scoped-functions@7.29.7 want: ^7.29.7
627 silly placeDep node_modules/@babel/plugin-transform-block-scoping @babel/helper-plugin-utils@7.29.7 OK for: @babel/plugin-transform-block-scoping@7.29.7 want: ^7.29.7
628 silly placeDep ROOT @babel/helper-create-class-features-plugin@7.29.7 OK for: @babel/plugin-transform-class-properties@7.29.7 want: ^7.29.7
629 silly placeDep node_modules/@babel/plugin-transform-class-properties @babel/helper-plugin-utils@7.29.7 OK for: @babel/plugin-transform-class-properties@7.29.7 want: ^7.29.7
630 silly fetch manifest @babel/helper-optimise-call-expression@^7.29.7
631 silly packumentCache full:https://registry.npmjs.org/@babel%2fhelper-optimise-call-expression cache-miss
632 silly fetch manifest @babel/helper-member-expression-to-functions@^7.29.7
633 silly packumentCache full:https://registry.npmjs.org/@babel%2fhelper-member-expression-to-functions cache-miss
634 http fetch GET 200 https://registry.npmjs.org/@babel%2fhelper-optimise-call-expression 253ms (cache miss)
635 silly packumentCache full:https://registry.npmjs.org/@babel%2fhelper-optimise-call-expression set size:undefined disposed:false
636 http fetch GET 200 https://registry.npmjs.org/@babel%2fhelper-member-expression-to-functions 299ms (cache miss)
637 silly packumentCache full:https://registry.npmjs.org/@babel%2fhelper-member-expression-to-functions set size:undefined disposed:false
638 silly placeDep ROOT @babel/helper-member-expression-to-functions@7.29.7 OK for: @babel/helper-create-class-features-plugin@7.29.7 want: ^7.29.7
639 silly placeDep ROOT @babel/helper-optimise-call-expression@7.29.7 OK for: @babel/helper-create-class-features-plugin@7.29.7 want: ^7.29.7
640 silly placeDep ROOT @babel/helper-replace-supers@7.29.7 OK for: @babel/helper-create-class-features-plugin@7.29.7 want: ^7.29.7
641 silly placeDep node_modules/@babel/helper-create-class-features-plugin @babel/traverse@7.29.8 OK for: @babel/helper-create-class-features-plugin@7.29.7 want: ^7.29.7
642 silly placeDep node_modules/@babel/helper-member-expression-to-functions @babel/traverse@7.29.8 OK for: @babel/helper-member-expression-to-functions@7.29.7 want: ^7.29.7
643 silly placeDep node_modules/@babel/helper-member-expression-to-functions @babel/types@7.29.8 OK for: @babel/helper-member-expression-to-functions@7.29.7 want: ^7.29.7
644 silly placeDep node_modules/@babel/helper-optimise-call-expression @babel/types@7.29.8 OK for: @babel/helper-optimise-call-expression@7.29.7 want: ^7.29.7
645 silly placeDep node_modules/@babel/helper-replace-supers @babel/traverse@7.29.8 OK for: @babel/helper-replace-supers@7.29.7 want: ^7.29.7
646 silly placeDep node_modules/@babel/plugin-transform-class-static-block @babel/helper-plugin-utils@7.29.7 OK for: @babel/plugin-transform-class-static-block@7.29.7 want: ^7.29.7
647 silly placeDep node_modules/@babel/plugin-transform-classes @babel/helper-globals@7.29.7 OK for: @babel/plugin-transform-classes@7.29.7 want: ^7.29.7
648 silly placeDep node_modules/@babel/plugin-transform-classes @babel/helper-plugin-utils@7.29.7 OK for: @babel/plugin-transform-classes@7.29.7 want: ^7.29.7
649 silly placeDep node_modules/@babel/plugin-transform-classes @babel/traverse@7.29.8 OK for: @babel/plugin-transform-classes@7.29.7 want: ^7.29.7
650 silly placeDep node_modules/@babel/plugin-transform-computed-properties @babel/helper-plugin-utils@7.29.7 OK for: @babel/plugin-transform-computed-properties@7.29.7 want: ^7.29.7
651 silly placeDep node_modules/@babel/plugin-transform-destructuring @babel/helper-plugin-utils@7.29.7 OK for: @babel/plugin-transform-destructuring@7.29.7 want: ^7.29.7
652 silly placeDep node_modules/@babel/plugin-transform-destructuring @babel/traverse@7.29.8 OK for: @babel/plugin-transform-destructuring@7.29.7 want: ^7.29.7
653 silly placeDep node_modules/@babel/plugin-transform-dotall-regex @babel/helper-plugin-utils@7.29.7 OK for: @babel/plugin-transform-dotall-regex@7.29.7 want: ^7.29.7
654 silly placeDep node_modules/@babel/plugin-transform-duplicate-keys @babel/helper-plugin-utils@7.29.7 OK for: @babel/plugin-transform-duplicate-keys@7.29.7 want: ^7.29.7
655 silly placeDep node_modules/@babel/plugin-transform-duplicate-named-capturing-groups-regex @babel/helper-plugin-utils@7.29.7 OK for: @babel/plugin-transform-duplicate-named-capturing-groups-regex@7.29.7 want: ^7.29.7
656 silly placeDep node_modules/@babel/plugin-transform-dynamic-import @babel/helper-plugin-utils@7.29.7 OK for: @babel/plugin-transform-dynamic-import@7.29.7 want: ^7.29.7
657 silly placeDep node_modules/@babel/plugin-transform-explicit-resource-management @babel/helper-plugin-utils@7.29.7 OK for: @babel/plugin-transform-explicit-resource-management@7.29.7 want: ^7.29.7
658 silly placeDep node_modules/@babel/plugin-transform-exponentiation-operator @babel/helper-plugin-utils@7.29.7 OK for: @babel/plugin-transform-exponentiation-operator@7.29.7 want: ^7.29.7
659 silly placeDep node_modules/@babel/plugin-transform-export-namespace-from @babel/helper-plugin-utils@7.29.7 OK for: @babel/plugin-transform-export-namespace-from@7.29.7 want: ^7.29.7
660 silly placeDep node_modules/@babel/plugin-transform-for-of @babel/helper-plugin-utils@7.29.7 OK for: @babel/plugin-transform-for-of@7.29.7 want: ^7.29.7
661 silly placeDep node_modules/@babel/plugin-transform-function-name @babel/helper-plugin-utils@7.29.7 OK for: @babel/plugin-transform-function-name@7.29.7 want: ^7.29.7
662 silly placeDep node_modules/@babel/plugin-transform-function-name @babel/traverse@7.29.8 OK for: @babel/plugin-transform-function-name@7.29.7 want: ^7.29.7
663 silly placeDep node_modules/@babel/plugin-transform-json-strings @babel/helper-plugin-utils@7.29.7 OK for: @babel/plugin-transform-json-strings@7.29.7 want: ^7.29.7
664 silly placeDep node_modules/@babel/plugin-transform-literals @babel/helper-plugin-utils@7.29.7 OK for: @babel/plugin-transform-literals@7.29.7 want: ^7.29.7
665 silly placeDep node_modules/@babel/plugin-transform-logical-assignment-operators @babel/helper-plugin-utils@7.29.7 OK for: @babel/plugin-transform-logical-assignment-operators@7.29.7 want: ^7.29.7
666 silly placeDep node_modules/@babel/plugin-transform-member-expression-literals @babel/helper-plugin-utils@7.29.7 OK for: @babel/plugin-transform-member-expression-literals@7.29.7 want: ^7.29.7
667 silly placeDep ROOT @babel/helper-module-transforms@7.29.7 OK for: @babel/plugin-transform-modules-amd@7.29.7 want: ^7.29.7
668 silly placeDep node_modules/@babel/plugin-transform-modules-amd @babel/helper-plugin-utils@7.29.7 OK for: @babel/plugin-transform-modules-amd@7.29.7 want: ^7.29.7
669 silly placeDep node_modules/@babel/helper-module-transforms @babel/helper-module-imports@7.29.7 OK for: @babel/helper-module-transforms@7.29.7 want: ^7.29.7
670 silly placeDep node_modules/@babel/helper-module-transforms @babel/helper-validator-identifier@7.29.7 OK for: @babel/helper-module-transforms@7.29.7 want: ^7.29.7
671 silly placeDep node_modules/@babel/helper-module-transforms @babel/traverse@7.29.8 OK for: @babel/helper-module-transforms@7.29.7 want: ^7.29.7
672 silly placeDep node_modules/@babel/plugin-transform-modules-commonjs @babel/helper-plugin-utils@7.29.7 OK for: @babel/plugin-transform-modules-commonjs@7.29.7 want: ^7.29.7
673 silly placeDep node_modules/@babel/plugin-transform-modules-systemjs @babel/helper-plugin-utils@7.29.7 OK for: @babel/plugin-transform-modules-systemjs@7.29.8 want: ^7.29.7
674 silly placeDep node_modules/@babel/plugin-transform-modules-systemjs @babel/helper-validator-identifier@7.29.7 OK for: @babel/plugin-transform-modules-systemjs@7.29.8 want: ^7.29.7
675 silly placeDep node_modules/@babel/plugin-transform-modules-systemjs @babel/traverse@7.29.8 OK for: @babel/plugin-transform-modules-systemjs@7.29.8 want: ^7.29.8
676 silly placeDep node_modules/@babel/plugin-transform-modules-umd @babel/helper-plugin-utils@7.29.7 OK for: @babel/plugin-transform-modules-umd@7.29.7 want: ^7.29.7
677 silly placeDep node_modules/@babel/plugin-transform-named-capturing-groups-regex @babel/helper-plugin-utils@7.29.7 OK for: @babel/plugin-transform-named-capturing-groups-regex@7.29.7 want: ^7.29.7
678 silly placeDep node_modules/@babel/plugin-transform-new-target @babel/helper-plugin-utils@7.29.7 OK for: @babel/plugin-transform-new-target@7.29.7 want: ^7.29.7
679 silly placeDep node_modules/@babel/plugin-transform-nullish-coalescing-operator @babel/helper-plugin-utils@7.29.7 OK for: @babel/plugin-transform-nullish-coalescing-operator@7.29.7 want: ^7.29.7
680 silly placeDep node_modules/@babel/plugin-transform-numeric-separator @babel/helper-plugin-utils@7.29.7 OK for: @babel/plugin-transform-numeric-separator@7.29.7 want: ^7.29.7
681 silly placeDep node_modules/@babel/plugin-transform-object-rest-spread @babel/helper-plugin-utils@7.29.7 OK for: @babel/plugin-transform-object-rest-spread@7.29.7 want: ^7.29.7
682 silly placeDep node_modules/@babel/plugin-transform-object-rest-spread @babel/traverse@7.29.8 OK for: @babel/plugin-transform-object-rest-spread@7.29.7 want: ^7.29.7
683 silly placeDep node_modules/@babel/plugin-transform-object-super @babel/helper-plugin-utils@7.29.7 OK for: @babel/plugin-transform-object-super@7.29.7 want: ^7.29.7
684 silly placeDep node_modules/@babel/plugin-transform-optional-catch-binding @babel/helper-plugin-utils@7.29.7 OK for: @babel/plugin-transform-optional-catch-binding@7.29.7 want: ^7.29.7
685 silly placeDep node_modules/@babel/plugin-transform-optional-chaining @babel/helper-plugin-utils@7.29.7 OK for: @babel/plugin-transform-optional-chaining@7.29.7 want: ^7.29.7
686 silly placeDep node_modules/@babel/plugin-transform-parameters @babel/helper-plugin-utils@7.29.7 OK for: @babel/plugin-transform-parameters@7.29.7 want: ^7.29.7
687 silly placeDep node_modules/@babel/plugin-transform-private-methods @babel/helper-plugin-utils@7.29.7 OK for: @babel/plugin-transform-private-methods@7.29.7 want: ^7.29.7
688 silly placeDep node_modules/@babel/plugin-transform-private-property-in-object @babel/helper-plugin-utils@7.29.7 OK for: @babel/plugin-transform-private-property-in-object@7.29.7 want: ^7.29.7
689 silly placeDep node_modules/@babel/plugin-transform-property-literals @babel/helper-plugin-utils@7.29.7 OK for: @babel/plugin-transform-property-literals@7.29.7 want: ^7.29.7
690 silly placeDep node_modules/@babel/plugin-transform-regenerator @babel/helper-plugin-utils@7.29.7 OK for: @babel/plugin-transform-regenerator@7.29.8 want: ^7.29.7
691 silly placeDep node_modules/@babel/plugin-transform-regexp-modifiers @babel/helper-plugin-utils@7.29.7 OK for: @babel/plugin-transform-regexp-modifiers@7.29.7 want: ^7.29.7
692 silly placeDep node_modules/@babel/plugin-transform-reserved-words @babel/helper-plugin-utils@7.29.7 OK for: @babel/plugin-transform-reserved-words@7.29.7 want: ^7.29.7
693 silly placeDep node_modules/@babel/plugin-transform-shorthand-properties @babel/helper-plugin-utils@7.29.7 OK for: @babel/plugin-transform-shorthand-properties@7.29.7 want: ^7.29.7
694 silly placeDep node_modules/@babel/plugin-transform-spread @babel/helper-plugin-utils@7.29.7 OK for: @babel/plugin-transform-spread@7.29.8 want: ^7.29.7
695 silly placeDep node_modules/@babel/plugin-transform-sticky-regex @babel/helper-plugin-utils@7.29.7 OK for: @babel/plugin-transform-sticky-regex@7.29.7 want: ^7.29.7
696 silly placeDep node_modules/@babel/plugin-transform-template-literals @babel/helper-plugin-utils@7.29.7 OK for: @babel/plugin-transform-template-literals@7.29.7 want: ^7.29.7
697 silly placeDep node_modules/@babel/plugin-transform-typeof-symbol @babel/helper-plugin-utils@7.29.7 OK for: @babel/plugin-transform-typeof-symbol@7.29.7 want: ^7.29.7
698 silly placeDep node_modules/@babel/plugin-transform-unicode-escapes @babel/helper-plugin-utils@7.29.7 OK for: @babel/plugin-transform-unicode-escapes@7.29.7 want: ^7.29.7
699 silly placeDep node_modules/@babel/plugin-transform-unicode-property-regex @babel/helper-plugin-utils@7.29.7 OK for: @babel/plugin-transform-unicode-property-regex@7.29.7 want: ^7.29.7
700 silly placeDep node_modules/@babel/plugin-transform-unicode-regex @babel/helper-plugin-utils@7.29.7 OK for: @babel/plugin-transform-unicode-regex@7.29.7 want: ^7.29.7
701 silly placeDep node_modules/@babel/plugin-transform-unicode-sets-regex @babel/helper-plugin-utils@7.29.7 OK for: @babel/plugin-transform-unicode-sets-regex@7.29.7 want: ^7.29.7
702 silly placeDep node_modules/@babel/preset-modules @babel/helper-plugin-utils@7.29.7 OK for: @babel/preset-modules@0.1.6-no-external-plugins want: ^7.0.0
703 silly placeDep node_modules/@babel/preset-modules @babel/types@7.29.8 OK for: @babel/preset-modules@0.1.6-no-external-plugins want: ^7.4.4
704 silly placeDep ROOT esutils@2.0.3 OK for: @babel/preset-modules@0.1.6-no-external-plugins want: ^2.0.2
705 silly placeDep ROOT @babel/code-frame@7.29.7 REPLACE for: @babel/template@7.29.7 want: ^7.29.7
706 silly placeDep ROOT @babel/parser@7.29.8 REPLACE for: @babel/template@7.29.7 want: ^7.29.7
707 silly placeDep node_modules/@babel/template @babel/types@7.29.8 OK for: @babel/template@7.29.7 want: ^7.29.7
708 silly placeDep node_modules/@babel/code-frame @babel/helper-validator-identifier@7.29.7 OK for: @babel/code-frame@7.29.7 want: ^7.29.7
709 silly placeDep node_modules/@babel/parser @babel/types@7.29.8 OK for: @babel/parser@7.29.8 want: ^7.29.8
710 silly fetch manifest @babel/core@^7.4.0 || ^8.0.0-0 <8.0.0
711 silly packumentCache full:https://registry.npmjs.org/@babel%2fcore cache-hit
712 silly placeDep ROOT @babel/helper-define-polyfill-provider@0.6.8 OK for: babel-plugin-polyfill-corejs2@0.4.17 want: ^0.6.8
713 silly fetch manifest debug@^4.4.3
714 silly packumentCache full:https://registry.npmjs.org/debug cache-miss
715 silly fetch manifest resolve@^1.22.11
716 silly packumentCache full:https://registry.npmjs.org/resolve cache-miss
717 silly fetch manifest lodash.debounce@^4.0.8
718 silly packumentCache full:https://registry.npmjs.org/lodash.debounce cache-miss
719 silly fetch manifest @babel/helper-plugin-utils@^7.28.6
720 silly packumentCache full:https://registry.npmjs.org/@babel%2fhelper-plugin-utils cache-hit
721 http fetch GET 200 https://registry.npmjs.org/lodash.debounce 250ms (cache miss)
722 silly packumentCache full:https://registry.npmjs.org/lodash.debounce set size:undefined disposed:false
723 http fetch GET 200 https://registry.npmjs.org/debug 279ms (cache miss)
724 silly packumentCache full:https://registry.npmjs.org/debug set size:undefined disposed:false
725 http fetch GET 200 https://registry.npmjs.org/resolve 295ms (cache miss)
726 silly packumentCache full:https://registry.npmjs.org/resolve set size:undefined disposed:false
727 silly placeDep node_modules/@babel/helper-define-polyfill-provider @babel/helper-plugin-utils@7.29.7 OK for: @babel/helper-define-polyfill-provider@0.6.8 want: ^7.28.6
728 silly placeDep ROOT debug@4.4.3 REPLACE for: @babel/helper-define-polyfill-provider@0.6.8 want: ^4.4.3
729 silly placeDep ROOT lodash.debounce@4.0.8 OK for: @babel/helper-define-polyfill-provider@0.6.8 want: ^4.0.8
730 silly placeDep ROOT resolve@1.22.12 OK for: @babel/helper-define-polyfill-provider@0.6.8 want: ^1.22.11
731 silly fetch manifest es-errors@^1.3.0
732 silly packumentCache full:https://registry.npmjs.org/es-errors cache-miss
733 silly fetch manifest path-parse@^1.0.7
734 silly packumentCache full:https://registry.npmjs.org/path-parse cache-miss
735 silly fetch manifest is-core-module@^2.16.1
736 silly packumentCache full:https://registry.npmjs.org/is-core-module cache-miss
737 silly fetch manifest supports-preserve-symlinks-flag@^1.0.0
738 silly packumentCache full:https://registry.npmjs.org/supports-preserve-symlinks-flag cache-miss
739 http fetch GET 200 https://registry.npmjs.org/es-errors 251ms (cache miss)
740 silly packumentCache full:https://registry.npmjs.org/es-errors set size:undefined disposed:false
741 http fetch GET 200 https://registry.npmjs.org/path-parse 254ms (cache miss)
742 silly packumentCache full:https://registry.npmjs.org/path-parse set size:undefined disposed:false
743 http fetch GET 200 https://registry.npmjs.org/is-core-module 258ms (cache miss)
744 silly packumentCache full:https://registry.npmjs.org/is-core-module set size:undefined disposed:false
745 http fetch GET 200 https://registry.npmjs.org/supports-preserve-symlinks-flag 273ms (cache miss)
746 silly packumentCache full:https://registry.npmjs.org/supports-preserve-symlinks-flag set size:undefined disposed:false
747 silly placeDep ROOT browserslist@4.28.8 REPLACE for: core-js-compat@3.50.0 want: ^4.28.7
748 silly fetch manifest caniuse-lite@^1.0.30001809
749 silly packumentCache full:https://registry.npmjs.org/caniuse-lite cache-miss
750 silly fetch manifest node-releases@^2.0.53
751 silly packumentCache full:https://registry.npmjs.org/node-releases cache-miss
752 silly fetch manifest electron-to-chromium@^1.5.402
753 silly packumentCache full:https://registry.npmjs.org/electron-to-chromium cache-miss
754 silly fetch manifest update-browserslist-db@^1.3.0
755 silly packumentCache full:https://registry.npmjs.org/update-browserslist-db cache-miss
756 silly fetch manifest baseline-browser-mapping@^2.11.12
757 silly packumentCache full:https://registry.npmjs.org/baseline-browser-mapping cache-miss
758 http fetch GET 200 https://registry.npmjs.org/update-browserslist-db 286ms (cache miss)
759 silly packumentCache full:https://registry.npmjs.org/update-browserslist-db set size:undefined disposed:false
760 http fetch GET 200 https://registry.npmjs.org/baseline-browser-mapping 305ms (cache miss)
761 silly packumentCache full:https://registry.npmjs.org/baseline-browser-mapping set size:undefined disposed:false
762 http fetch GET 200 https://registry.npmjs.org/node-releases 373ms (cache miss)
763 silly packumentCache full:https://registry.npmjs.org/node-releases set size:undefined disposed:false
764 http fetch GET 200 https://registry.npmjs.org/caniuse-lite 992ms (cache miss)
765 silly packumentCache full:https://registry.npmjs.org/caniuse-lite set size:undefined disposed:false
766 http fetch GET 200 https://registry.npmjs.org/electron-to-chromium 1041ms (cache miss)
767 silly packumentCache full:https://registry.npmjs.org/electron-to-chromium set size:undefined disposed:false
768 silly fetch manifest browserslist@>= 4.21.0
769 silly packumentCache full:https://registry.npmjs.org/browserslist cache-miss
770 http cache https://registry.npmjs.org/browserslist 9ms (cache hit)
771 silly packumentCache full:https://registry.npmjs.org/browserslist set size:518659 disposed:false
772 silly placeDep ROOT baseline-browser-mapping@2.11.18 OK for: browserslist@4.28.8 want: ^2.11.12
773 silly placeDep ROOT caniuse-lite@1.0.30001809 OK for: browserslist@4.28.8 want: ^1.0.30001809
774 silly placeDep ROOT electron-to-chromium@1.5.412 OK for: browserslist@4.28.8 want: ^1.5.402
775 silly placeDep ROOT node-releases@2.0.53 OK for: browserslist@4.28.8 want: ^2.0.53
776 silly placeDep ROOT update-browserslist-db@1.3.1 OK for: browserslist@4.28.8 want: ^1.3.0
777 silly fetch manifest escalade@^3.2.0
778 silly packumentCache full:https://registry.npmjs.org/escalade cache-miss
779 http fetch GET 200 https://registry.npmjs.org/escalade 244ms (cache miss)
780 silly packumentCache full:https://registry.npmjs.org/escalade set size:undefined disposed:false
781 silly fetch manifest @esbuild/android-arm@0.18.20
782 silly packumentCache full:https://registry.npmjs.org/@esbuild%2fandroid-arm cache-miss
783 http fetch GET 200 https://registry.npmjs.org/@esbuild%2fandroid-arm 336ms (cache miss)
784 silly packumentCache full:https://registry.npmjs.org/@esbuild%2fandroid-arm set size:undefined disposed:false
785 silly fetch manifest @esbuild/android-arm64@0.18.20
786 silly packumentCache full:https://registry.npmjs.org/@esbuild%2fandroid-arm64 cache-miss
787 http fetch GET 200 https://registry.npmjs.org/@esbuild%2fandroid-arm64 329ms (cache miss)
788 silly packumentCache full:https://registry.npmjs.org/@esbuild%2fandroid-arm64 set size:undefined disposed:false
789 silly fetch manifest @esbuild/android-x64@0.18.20
790 silly packumentCache full:https://registry.npmjs.org/@esbuild%2fandroid-x64 cache-miss
791 http fetch GET 200 https://registry.npmjs.org/@esbuild%2fandroid-x64 310ms (cache miss)
792 silly packumentCache full:https://registry.npmjs.org/@esbuild%2fandroid-x64 set size:undefined disposed:false
793 silly fetch manifest @esbuild/darwin-arm64@0.18.20
794 silly packumentCache full:https://registry.npmjs.org/@esbuild%2fdarwin-arm64 cache-miss
795 http fetch GET 200 https://registry.npmjs.org/@esbuild%2fdarwin-arm64 276ms (cache miss)
796 silly packumentCache full:https://registry.npmjs.org/@esbuild%2fdarwin-arm64 set size:undefined disposed:false
797 silly fetch manifest @esbuild/darwin-x64@0.18.20
798 silly packumentCache full:https://registry.npmjs.org/@esbuild%2fdarwin-x64 cache-miss
799 http fetch GET 200 https://registry.npmjs.org/@esbuild%2fdarwin-x64 320ms (cache miss)
800 silly packumentCache full:https://registry.npmjs.org/@esbuild%2fdarwin-x64 set size:undefined disposed:false
801 silly fetch manifest @esbuild/freebsd-arm64@0.18.20
802 silly packumentCache full:https://registry.npmjs.org/@esbuild%2ffreebsd-arm64 cache-miss
803 http fetch GET 200 https://registry.npmjs.org/@esbuild%2ffreebsd-arm64 316ms (cache miss)
804 silly packumentCache full:https://registry.npmjs.org/@esbuild%2ffreebsd-arm64 set size:undefined disposed:false
805 silly fetch manifest @esbuild/freebsd-x64@0.18.20
806 silly packumentCache full:https://registry.npmjs.org/@esbuild%2ffreebsd-x64 cache-miss
807 http fetch GET 200 https://registry.npmjs.org/@esbuild%2ffreebsd-x64 302ms (cache miss)
808 silly packumentCache full:https://registry.npmjs.org/@esbuild%2ffreebsd-x64 set size:undefined disposed:false
809 silly fetch manifest @esbuild/linux-arm@0.18.20
810 silly packumentCache full:https://registry.npmjs.org/@esbuild%2flinux-arm cache-miss
811 http fetch GET 200 https://registry.npmjs.org/@esbuild%2flinux-arm 342ms (cache miss)
812 silly packumentCache full:https://registry.npmjs.org/@esbuild%2flinux-arm set size:undefined disposed:false
813 silly fetch manifest @esbuild/linux-arm64@0.18.20
814 silly packumentCache full:https://registry.npmjs.org/@esbuild%2flinux-arm64 cache-miss
815 http fetch GET 200 https://registry.npmjs.org/@esbuild%2flinux-arm64 262ms (cache miss)
816 silly packumentCache full:https://registry.npmjs.org/@esbuild%2flinux-arm64 set size:undefined disposed:false
817 silly fetch manifest @esbuild/linux-ia32@0.18.20
818 silly packumentCache full:https://registry.npmjs.org/@esbuild%2flinux-ia32 cache-miss
819 http fetch GET 200 https://registry.npmjs.org/@esbuild%2flinux-ia32 234ms (cache miss)
820 silly packumentCache full:https://registry.npmjs.org/@esbuild%2flinux-ia32 set size:undefined disposed:false
821 silly fetch manifest @esbuild/linux-loong64@0.18.20
822 silly packumentCache full:https://registry.npmjs.org/@esbuild%2flinux-loong64 cache-miss
823 http fetch GET 200 https://registry.npmjs.org/@esbuild%2flinux-loong64 539ms (cache miss)
824 silly packumentCache full:https://registry.npmjs.org/@esbuild%2flinux-loong64 set size:undefined disposed:false
825 silly fetch manifest @esbuild/linux-mips64el@0.18.20
826 silly packumentCache full:https://registry.npmjs.org/@esbuild%2flinux-mips64el cache-miss
827 http fetch GET 200 https://registry.npmjs.org/@esbuild%2flinux-mips64el 335ms (cache miss)
828 silly packumentCache full:https://registry.npmjs.org/@esbuild%2flinux-mips64el set size:undefined disposed:false
829 silly fetch manifest @esbuild/linux-ppc64@0.18.20
830 silly packumentCache full:https://registry.npmjs.org/@esbuild%2flinux-ppc64 cache-miss
831 http fetch GET 200 https://registry.npmjs.org/@esbuild%2flinux-ppc64 606ms (cache miss)
832 silly packumentCache full:https://registry.npmjs.org/@esbuild%2flinux-ppc64 set size:undefined disposed:false
833 silly fetch manifest @esbuild/linux-riscv64@0.18.20
834 silly packumentCache full:https://registry.npmjs.org/@esbuild%2flinux-riscv64 cache-miss
835 http fetch GET 200 https://registry.npmjs.org/@esbuild%2flinux-riscv64 323ms (cache miss)
836 silly packumentCache full:https://registry.npmjs.org/@esbuild%2flinux-riscv64 set size:undefined disposed:false
837 silly fetch manifest @esbuild/linux-s390x@0.18.20
838 silly packumentCache full:https://registry.npmjs.org/@esbuild%2flinux-s390x cache-miss
839 http fetch GET 200 https://registry.npmjs.org/@esbuild%2flinux-s390x 296ms (cache miss)
840 silly packumentCache full:https://registry.npmjs.org/@esbuild%2flinux-s390x set size:undefined disposed:false
841 silly fetch manifest @esbuild/linux-x64@0.18.20
842 silly packumentCache full:https://registry.npmjs.org/@esbuild%2flinux-x64 cache-miss
843 http fetch GET 200 https://registry.npmjs.org/@esbuild%2flinux-x64 354ms (cache miss)
844 silly packumentCache full:https://registry.npmjs.org/@esbuild%2flinux-x64 set size:undefined disposed:false
845 silly fetch manifest @esbuild/netbsd-x64@0.18.20
846 silly packumentCache full:https://registry.npmjs.org/@esbuild%2fnetbsd-x64 cache-miss
847 http fetch GET 200 https://registry.npmjs.org/@esbuild%2fnetbsd-x64 327ms (cache miss)
848 silly packumentCache full:https://registry.npmjs.org/@esbuild%2fnetbsd-x64 set size:undefined disposed:false
849 silly fetch manifest @esbuild/openbsd-x64@0.18.20
850 silly packumentCache full:https://registry.npmjs.org/@esbuild%2fopenbsd-x64 cache-miss
851 http fetch GET 200 https://registry.npmjs.org/@esbuild%2fopenbsd-x64 323ms (cache miss)
852 silly packumentCache full:https://registry.npmjs.org/@esbuild%2fopenbsd-x64 set size:undefined disposed:false
853 silly fetch manifest @esbuild/sunos-x64@0.18.20
854 silly packumentCache full:https://registry.npmjs.org/@esbuild%2fsunos-x64 cache-miss
855 http fetch GET 200 https://registry.npmjs.org/@esbuild%2fsunos-x64 333ms (cache miss)
856 silly packumentCache full:https://registry.npmjs.org/@esbuild%2fsunos-x64 set size:undefined disposed:false
857 silly fetch manifest @esbuild/win32-arm64@0.18.20
858 silly packumentCache full:https://registry.npmjs.org/@esbuild%2fwin32-arm64 cache-miss
859 http fetch GET 200 https://registry.npmjs.org/@esbuild%2fwin32-arm64 243ms (cache miss)
860 silly packumentCache full:https://registry.npmjs.org/@esbuild%2fwin32-arm64 set size:undefined disposed:false
861 silly fetch manifest @esbuild/win32-ia32@0.18.20
862 silly packumentCache full:https://registry.npmjs.org/@esbuild%2fwin32-ia32 cache-miss
863 http fetch GET 200 https://registry.npmjs.org/@esbuild%2fwin32-ia32 243ms (cache miss)
864 silly packumentCache full:https://registry.npmjs.org/@esbuild%2fwin32-ia32 set size:undefined disposed:false
865 silly placeDep ROOT @esbuild/android-arm@0.18.20 OK for: esbuild@0.18.20 want: 0.18.20
866 silly placeDep ROOT @esbuild/android-arm64@0.18.20 OK for: esbuild@0.18.20 want: 0.18.20
867 silly placeDep ROOT @esbuild/android-x64@0.18.20 OK for: esbuild@0.18.20 want: 0.18.20
868 silly placeDep ROOT @esbuild/darwin-arm64@0.18.20 OK for: esbuild@0.18.20 want: 0.18.20
869 silly placeDep ROOT @esbuild/darwin-x64@0.18.20 OK for: esbuild@0.18.20 want: 0.18.20
870 silly placeDep ROOT @esbuild/freebsd-arm64@0.18.20 OK for: esbuild@0.18.20 want: 0.18.20
871 silly placeDep ROOT @esbuild/freebsd-x64@0.18.20 OK for: esbuild@0.18.20 want: 0.18.20
872 silly placeDep ROOT @esbuild/linux-arm@0.18.20 OK for: esbuild@0.18.20 want: 0.18.20
873 silly placeDep ROOT @esbuild/linux-arm64@0.18.20 OK for: esbuild@0.18.20 want: 0.18.20
874 silly placeDep ROOT @esbuild/linux-ia32@0.18.20 OK for: esbuild@0.18.20 want: 0.18.20
875 silly placeDep ROOT @esbuild/linux-loong64@0.18.20 OK for: esbuild@0.18.20 want: 0.18.20
876 silly placeDep ROOT @esbuild/linux-mips64el@0.18.20 OK for: esbuild@0.18.20 want: 0.18.20
877 silly placeDep ROOT @esbuild/linux-ppc64@0.18.20 OK for: esbuild@0.18.20 want: 0.18.20
878 silly placeDep ROOT @esbuild/linux-riscv64@0.18.20 OK for: esbuild@0.18.20 want: 0.18.20
879 silly placeDep ROOT @esbuild/linux-s390x@0.18.20 OK for: esbuild@0.18.20 want: 0.18.20
880 silly placeDep ROOT @esbuild/linux-x64@0.18.20 OK for: esbuild@0.18.20 want: 0.18.20
881 silly placeDep ROOT @esbuild/netbsd-x64@0.18.20 OK for: esbuild@0.18.20 want: 0.18.20
882 silly placeDep ROOT @esbuild/openbsd-x64@0.18.20 OK for: esbuild@0.18.20 want: 0.18.20
883 silly placeDep ROOT @esbuild/sunos-x64@0.18.20 OK for: esbuild@0.18.20 want: 0.18.20
884 silly placeDep ROOT @esbuild/win32-arm64@0.18.20 OK for: esbuild@0.18.20 want: 0.18.20
885 silly placeDep ROOT @esbuild/win32-ia32@0.18.20 OK for: esbuild@0.18.20 want: 0.18.20
886 silly placeDep ROOT yallist@3.1.1 OK for: lru-cache@5.1.1 want: ^3.0.2
887 silly placeDep ROOT regenerate@1.4.2 OK for: regexpu-core@6.4.0 want: ^1.4.2
888 silly placeDep ROOT regenerate-unicode-properties@10.2.2 OK for: regexpu-core@6.4.0 want: ^10.2.2
889 silly placeDep ROOT regjsgen@0.8.0 OK for: regexpu-core@6.4.0 want: ^0.8.0
890 silly placeDep ROOT regjsparser@0.13.2 OK for: regexpu-core@6.4.0 want: ^0.13.0
891 silly placeDep ROOT unicode-match-property-ecmascript@2.0.0 OK for: regexpu-core@6.4.0 want: ^2.0.0
892 silly placeDep ROOT unicode-match-property-value-ecmascript@2.2.1 OK for: regexpu-core@6.4.0 want: ^2.2.1
893 silly fetch manifest jsesc@~3.1.0
894 silly packumentCache full:https://registry.npmjs.org/jsesc cache-miss
895 silly fetch manifest unicode-canonical-property-names-ecmascript@^2.0.0
896 silly packumentCache full:https://registry.npmjs.org/unicode-canonical-property-names-ecmascript cache-miss
897 silly fetch manifest unicode-property-aliases-ecmascript@^2.0.0
898 silly packumentCache full:https://registry.npmjs.org/unicode-property-aliases-ecmascript cache-miss
899 http fetch GET 200 https://registry.npmjs.org/unicode-canonical-property-names-ecmascript 247ms (cache miss)
900 silly packumentCache full:https://registry.npmjs.org/unicode-canonical-property-names-ecmascript set size:undefined disposed:false
901 http fetch GET 200 https://registry.npmjs.org/unicode-property-aliases-ecmascript 268ms (cache miss)
902 silly packumentCache full:https://registry.npmjs.org/unicode-property-aliases-ecmascript set size:undefined disposed:false
903 http fetch GET 200 https://registry.npmjs.org/jsesc 271ms (cache miss)
904 silly packumentCache full:https://registry.npmjs.org/jsesc set size:undefined disposed:false
905 silly placeDep ROOT jsesc@3.1.0 REPLACE for: regjsparser@0.13.2 want: ~3.1.0
906 silly placeDep ROOT es-errors@1.3.0 OK for: resolve@1.22.12 want: ^1.3.0
907 silly placeDep ROOT is-core-module@2.16.2 OK for: resolve@1.22.12 want: ^2.16.1
908 silly placeDep ROOT path-parse@1.0.7 OK for: resolve@1.22.12 want: ^1.0.7
909 silly placeDep ROOT supports-preserve-symlinks-flag@1.0.0 OK for: resolve@1.22.12 want: ^1.0.0
910 silly fetch manifest hasown@^2.0.3
911 silly packumentCache full:https://registry.npmjs.org/hasown cache-miss
912 http fetch GET 200 https://registry.npmjs.org/hasown 325ms (cache miss)
913 silly packumentCache full:https://registry.npmjs.org/hasown set size:undefined disposed:false
914 silly placeDep ROOT hasown@2.0.4 OK for: is-core-module@2.16.2 want: ^2.0.3
915 silly fetch manifest function-bind@^1.1.2
916 silly packumentCache full:https://registry.npmjs.org/function-bind cache-miss
917 http fetch GET 200 https://registry.npmjs.org/function-bind 253ms (cache miss)
918 silly packumentCache full:https://registry.npmjs.org/function-bind set size:undefined disposed:false
919 silly placeDep ROOT function-bind@1.1.2 OK for: hasown@2.0.4 want: ^1.1.2
920 silly fetch manifest fsevents@~2.3.2
921 silly packumentCache full:https://registry.npmjs.org/fsevents cache-miss
922 http fetch GET 200 https://registry.npmjs.org/fsevents 321ms (cache miss)
923 silly packumentCache full:https://registry.npmjs.org/fsevents set size:undefined disposed:false
924 silly placeDep ROOT fsevents@2.3.3 OK for: rollup@3.29.5 want: ~2.3.2
925 silly placeDep ROOT unicode-canonical-property-names-ecmascript@2.0.1 OK for: unicode-match-property-ecmascript@2.0.0 want: ^2.0.0
926 silly placeDep ROOT unicode-property-aliases-ecmascript@2.2.0 OK for: unicode-match-property-ecmascript@2.0.0 want: ^2.0.0
927 silly placeDep ROOT escalade@3.2.0 OK for: update-browserslist-db@1.3.1 want: ^3.2.0
928 silly placeDep node_modules/@babel/helper-annotate-as-pure @babel/helper-string-parser@7.29.7 OK for: @babel/types@7.29.8 want: ^7.29.7
929 silly placeDep node_modules/@babel/helper-annotate-as-pure @babel/helper-validator-identifier@7.29.7 OK for: @babel/types@7.29.8 want: ^7.29.7
930 silly placeDep ROOT @babel/generator@7.29.8 REPLACE for: @babel/traverse@7.29.8 want: ^7.29.8
931 silly placeDep node_modules/@babel/helper-create-class-features-plugin @babel/helper-globals@7.29.7 OK for: @babel/traverse@7.29.8 want: ^7.29.7
932 silly placeDep node_modules/@babel/helper-create-class-features-plugin @babel/types@7.29.8 OK for: @babel/traverse@7.29.8 want: ^7.29.8
933 silly fetch manifest @jridgewell/trace-mapping@^0.3.28
934 silly packumentCache full:https://registry.npmjs.org/@jridgewell%2ftrace-mapping cache-miss
935 http fetch GET 200 https://registry.npmjs.org/@jridgewell%2ftrace-mapping 260ms (cache miss)
936 silly packumentCache full:https://registry.npmjs.org/@jridgewell%2ftrace-mapping set size:undefined disposed:false
937 silly placeDep node_modules/@babel/generator @babel/types@7.29.8 OK for: @babel/generator@7.29.8 want: ^7.29.8
938 silly placeDep ROOT @jridgewell/trace-mapping@0.3.31 REPLACE for: @babel/generator@7.29.8 want: ^0.3.28
939 silly placeDep node_modules/@babel/generator @babel/helper-string-parser@7.29.7 OK for: @babel/types@7.29.8 want: ^7.29.7
940 silly placeDep node_modules/@babel/generator @babel/helper-validator-identifier@7.29.7 OK for: @babel/types@7.29.8 want: ^7.29.7
941 silly placeDep node_modules/@babel/helper-create-class-features-plugin @babel/helper-string-parser@7.29.7 OK for: @babel/types@7.29.8 want: ^7.29.7
942 silly placeDep node_modules/@babel/helper-create-class-features-plugin @babel/helper-validator-identifier@7.29.7 OK for: @babel/types@7.29.8 want: ^7.29.7
943 silly placeDep node_modules/@babel/helper-member-expression-to-functions @babel/helper-globals@7.29.7 OK for: @babel/traverse@7.29.8 want: ^7.29.7
944 silly placeDep node_modules/@babel/helper-member-expression-to-functions @babel/helper-string-parser@7.29.7 OK for: @babel/types@7.29.8 want: ^7.29.7
945 silly placeDep node_modules/@babel/helper-member-expression-to-functions @babel/helper-validator-identifier@7.29.7 OK for: @babel/types@7.29.8 want: ^7.29.7
946 silly placeDep node_modules/@babel/helper-module-transforms @babel/types@7.29.8 OK for: @babel/helper-module-imports@7.29.7 want: ^7.29.7
947 silly placeDep node_modules/@babel/helper-module-transforms @babel/helper-globals@7.29.7 OK for: @babel/traverse@7.29.8 want: ^7.29.7
948 silly placeDep node_modules/@babel/helper-module-transforms @babel/helper-string-parser@7.29.7 OK for: @babel/types@7.29.8 want: ^7.29.7
949 silly placeDep node_modules/@babel/helper-optimise-call-expression @babel/helper-string-parser@7.29.7 OK for: @babel/types@7.29.8 want: ^7.29.7
950 silly placeDep node_modules/@babel/helper-optimise-call-expression @babel/helper-validator-identifier@7.29.7 OK for: @babel/types@7.29.8 want: ^7.29.7
951 silly placeDep node_modules/@babel/helper-remap-async-to-generator @babel/helper-globals@7.29.7 OK for: @babel/traverse@7.29.8 want: ^7.29.7
952 silly placeDep node_modules/@babel/helper-remap-async-to-generator @babel/types@7.29.8 OK for: @babel/traverse@7.29.8 want: ^7.29.8
953 silly placeDep node_modules/@babel/helper-remap-async-to-generator @babel/helper-string-parser@7.29.7 OK for: @babel/types@7.29.8 want: ^7.29.7
954 silly placeDep node_modules/@babel/helper-remap-async-to-generator @babel/helper-validator-identifier@7.29.7 OK for: @babel/types@7.29.8 want: ^7.29.7
955 silly placeDep node_modules/@babel/helper-replace-supers @babel/helper-globals@7.29.7 OK for: @babel/traverse@7.29.8 want: ^7.29.7
956 silly placeDep node_modules/@babel/helper-replace-supers @babel/types@7.29.8 OK for: @babel/traverse@7.29.8 want: ^7.29.8
957 silly placeDep node_modules/@babel/helper-replace-supers @babel/helper-string-parser@7.29.7 OK for: @babel/types@7.29.8 want: ^7.29.7
958 silly placeDep node_modules/@babel/helper-replace-supers @babel/helper-validator-identifier@7.29.7 OK for: @babel/types@7.29.8 want: ^7.29.7
959 silly placeDep node_modules/@babel/helper-skip-transparent-expression-wrappers @babel/helper-globals@7.29.7 OK for: @babel/traverse@7.29.8 want: ^7.29.7
960 silly placeDep node_modules/@babel/helper-skip-transparent-expression-wrappers @babel/helper-string-parser@7.29.7 OK for: @babel/types@7.29.8 want: ^7.29.7
961 silly placeDep node_modules/@babel/helper-skip-transparent-expression-wrappers @babel/helper-validator-identifier@7.29.7 OK for: @babel/types@7.29.8 want: ^7.29.7
962 silly placeDep node_modules/@babel/helper-wrap-function @babel/helper-globals@7.29.7 OK for: @babel/traverse@7.29.8 want: ^7.29.7
963 silly placeDep node_modules/@babel/helper-wrap-function @babel/helper-string-parser@7.29.7 OK for: @babel/types@7.29.8 want: ^7.29.7
964 silly placeDep node_modules/@babel/helper-wrap-function @babel/helper-validator-identifier@7.29.7 OK for: @babel/types@7.29.8 want: ^7.29.7
965 silly placeDep node_modules/@babel/parser @babel/helper-string-parser@7.29.7 OK for: @babel/types@7.29.8 want: ^7.29.7
966 silly placeDep node_modules/@babel/parser @babel/helper-validator-identifier@7.29.7 OK for: @babel/types@7.29.8 want: ^7.29.7
967 silly placeDep node_modules/@babel/plugin-bugfix-firefox-class-in-computed-class-key @babel/helper-globals@7.29.7 OK for: @babel/traverse@7.29.8 want: ^7.29.7
968 silly placeDep node_modules/@babel/plugin-bugfix-firefox-class-in-computed-class-key @babel/types@7.29.8 OK for: @babel/traverse@7.29.8 want: ^7.29.8
969 silly placeDep node_modules/@babel/plugin-bugfix-firefox-class-in-computed-class-key @babel/helper-string-parser@7.29.7 OK for: @babel/types@7.29.8 want: ^7.29.7
970 silly placeDep node_modules/@babel/plugin-bugfix-firefox-class-in-computed-class-key @babel/helper-validator-identifier@7.29.7 OK for: @babel/types@7.29.8 want: ^7.29.7
971 silly placeDep node_modules/@babel/plugin-bugfix-v8-static-class-fields-redefine-readonly @babel/helper-globals@7.29.7 OK for: @babel/traverse@7.29.8 want: ^7.29.7
972 silly placeDep node_modules/@babel/plugin-bugfix-v8-static-class-fields-redefine-readonly @babel/types@7.29.8 OK for: @babel/traverse@7.29.8 want: ^7.29.8
973 silly placeDep node_modules/@babel/plugin-bugfix-v8-static-class-fields-redefine-readonly @babel/helper-string-parser@7.29.7 OK for: @babel/types@7.29.8 want: ^7.29.7
974 silly placeDep node_modules/@babel/plugin-bugfix-v8-static-class-fields-redefine-readonly @babel/helper-validator-identifier@7.29.7 OK for: @babel/types@7.29.8 want: ^7.29.7
975 silly placeDep node_modules/@babel/plugin-transform-async-generator-functions @babel/helper-globals@7.29.7 OK for: @babel/traverse@7.29.8 want: ^7.29.7
976 silly placeDep node_modules/@babel/plugin-transform-async-generator-functions @babel/types@7.29.8 OK for: @babel/traverse@7.29.8 want: ^7.29.8
977 silly placeDep node_modules/@babel/plugin-transform-async-generator-functions @babel/helper-string-parser@7.29.7 OK for: @babel/types@7.29.8 want: ^7.29.7
978 silly placeDep node_modules/@babel/plugin-transform-async-generator-functions @babel/helper-validator-identifier@7.29.7 OK for: @babel/types@7.29.8 want: ^7.29.7
979 silly placeDep node_modules/@babel/plugin-transform-async-to-generator @babel/traverse@7.29.8 OK for: @babel/helper-module-imports@7.29.7 want: ^7.29.7
980 silly placeDep node_modules/@babel/plugin-transform-async-to-generator @babel/types@7.29.8 OK for: @babel/helper-module-imports@7.29.7 want: ^7.29.7
981 silly placeDep node_modules/@babel/plugin-transform-async-to-generator @babel/helper-globals@7.29.7 OK for: @babel/traverse@7.29.8 want: ^7.29.7
982 silly placeDep node_modules/@babel/plugin-transform-async-to-generator @babel/helper-string-parser@7.29.7 OK for: @babel/types@7.29.8 want: ^7.29.7
983 silly placeDep node_modules/@babel/plugin-transform-async-to-generator @babel/helper-validator-identifier@7.29.7 OK for: @babel/types@7.29.8 want: ^7.29.7
984 silly placeDep node_modules/@babel/plugin-transform-classes @babel/types@7.29.8 OK for: @babel/traverse@7.29.8 want: ^7.29.8
985 silly placeDep node_modules/@babel/plugin-transform-classes @babel/helper-string-parser@7.29.7 OK for: @babel/types@7.29.8 want: ^7.29.7
986 silly placeDep node_modules/@babel/plugin-transform-classes @babel/helper-validator-identifier@7.29.7 OK for: @babel/types@7.29.8 want: ^7.29.7
987 silly placeDep node_modules/@babel/plugin-transform-destructuring @babel/helper-globals@7.29.7 OK for: @babel/traverse@7.29.8 want: ^7.29.7
988 silly placeDep node_modules/@babel/plugin-transform-destructuring @babel/types@7.29.8 OK for: @babel/traverse@7.29.8 want: ^7.29.8
989 silly placeDep node_modules/@babel/plugin-transform-destructuring @babel/helper-string-parser@7.29.7 OK for: @babel/types@7.29.8 want: ^7.29.7
990 silly placeDep node_modules/@babel/plugin-transform-destructuring @babel/helper-validator-identifier@7.29.7 OK for: @babel/types@7.29.8 want: ^7.29.7
991 silly placeDep node_modules/@babel/plugin-transform-function-name @babel/helper-globals@7.29.7 OK for: @babel/traverse@7.29.8 want: ^7.29.7
992 silly placeDep node_modules/@babel/plugin-transform-function-name @babel/types@7.29.8 OK for: @babel/traverse@7.29.8 want: ^7.29.8
993 silly placeDep node_modules/@babel/plugin-transform-function-name @babel/helper-string-parser@7.29.7 OK for: @babel/types@7.29.8 want: ^7.29.7
994 silly placeDep node_modules/@babel/plugin-transform-function-name @babel/helper-validator-identifier@7.29.7 OK for: @babel/types@7.29.8 want: ^7.29.7
995 silly placeDep node_modules/@babel/plugin-transform-modules-systemjs @babel/helper-globals@7.29.7 OK for: @babel/traverse@7.29.8 want: ^7.29.7
996 silly placeDep node_modules/@babel/plugin-transform-modules-systemjs @babel/types@7.29.8 OK for: @babel/traverse@7.29.8 want: ^7.29.8
997 silly placeDep node_modules/@babel/plugin-transform-modules-systemjs @babel/helper-string-parser@7.29.7 OK for: @babel/types@7.29.8 want: ^7.29.7
998 silly placeDep node_modules/@babel/plugin-transform-object-rest-spread @babel/helper-globals@7.29.7 OK for: @babel/traverse@7.29.8 want: ^7.29.7
999 silly placeDep node_modules/@babel/plugin-transform-object-rest-spread @babel/types@7.29.8 OK for: @babel/traverse@7.29.8 want: ^7.29.8
1000 silly placeDep node_modules/@babel/plugin-transform-object-rest-spread @babel/helper-string-parser@7.29.7 OK for: @babel/types@7.29.8 want: ^7.29.7
1001 silly placeDep node_modules/@babel/plugin-transform-object-rest-spread @babel/helper-validator-identifier@7.29.7 OK for: @babel/types@7.29.8 want: ^7.29.7
1002 silly placeDep node_modules/@babel/preset-modules @babel/helper-string-parser@7.29.7 OK for: @babel/types@7.29.8 want: ^7.29.7
1003 silly placeDep node_modules/@babel/preset-modules @babel/helper-validator-identifier@7.29.7 OK for: @babel/types@7.29.8 want: ^7.29.7
1004 silly placeDep node_modules/@babel/template @babel/helper-string-parser@7.29.7 OK for: @babel/types@7.29.8 want: ^7.29.7
1005 silly placeDep node_modules/@babel/template @babel/helper-validator-identifier@7.29.7 OK for: @babel/types@7.29.8 want: ^7.29.7
1006 silly reify mark retired [
1006 silly reify   'D:\\workspaces\\project-template-v3\\utils\\node_modules\\babel-plugin-polyfill-corejs3'
1006 silly reify ]
1007 silly reify mark retired [
1007 silly reify   'D:\\workspaces\\project-template-v3\\utils\\node_modules\\baseline-browser-mapping',
1007 silly reify   'D:\\workspaces\\project-template-v3\\utils\\node_modules\\.bin\\baseline-browser-mapping',
1007 silly reify   'D:\\workspaces\\project-template-v3\\utils\\node_modules\\.bin\\baseline-browser-mapping.cmd',
1007 silly reify   'D:\\workspaces\\project-template-v3\\utils\\node_modules\\.bin\\baseline-browser-mapping.ps1'
1007 silly reify ]
1008 silly reify mark retired [
1008 silly reify   'D:\\workspaces\\project-template-v3\\utils\\node_modules\\browserslist',
1008 silly reify   'D:\\workspaces\\project-template-v3\\utils\\node_modules\\.bin\\browserslist',
1008 silly reify   'D:\\workspaces\\project-template-v3\\utils\\node_modules\\.bin\\browserslist.cmd',
1008 silly reify   'D:\\workspaces\\project-template-v3\\utils\\node_modules\\.bin\\browserslist.ps1'
1008 silly reify ]
1009 silly reify mark retired [
1009 silly reify   'D:\\workspaces\\project-template-v3\\utils\\node_modules\\caniuse-lite'
1009 silly reify ]
1010 silly reify mark retired [
1010 silly reify   'D:\\workspaces\\project-template-v3\\utils\\node_modules\\esbuild',
1010 silly reify   'D:\\workspaces\\project-template-v3\\utils\\node_modules\\.bin\\esbuild',
1010 silly reify   'D:\\workspaces\\project-template-v3\\utils\\node_modules\\.bin\\esbuild.cmd',
1010 silly reify   'D:\\workspaces\\project-template-v3\\utils\\node_modules\\.bin\\esbuild.ps1'
1010 silly reify ]
1011 silly reify mark retired [ 'D:\\workspaces\\project-template-v3\\utils\\node_modules\\debug' ]
1012 silly reify mark retired [
1012 silly reify   'D:\\workspaces\\project-template-v3\\utils\\node_modules\\core-js-compat\\node_modules\\browserslist',
1012 silly reify   'D:\\workspaces\\project-template-v3\\utils\\node_modules\\core-js-compat\\node_modules\\.bin\\browserslist',
1012 silly reify   'D:\\workspaces\\project-template-v3\\utils\\node_modules\\core-js-compat\\node_modules\\.bin\\browserslist.cmd',
1012 silly reify   'D:\\workspaces\\project-template-v3\\utils\\node_modules\\core-js-compat\\node_modules\\.bin\\browserslist.ps1'
1012 silly reify ]
1013 silly reify mark retired [
1013 silly reify   'D:\\workspaces\\project-template-v3\\utils\\node_modules\\core-js-compat\\node_modules\\electron-to-chromium'
1013 silly reify ]
1014 silly reify mark retired [
1014 silly reify   'D:\\workspaces\\project-template-v3\\utils\\node_modules\\core-js-compat\\node_modules\\caniuse-lite'
1014 silly reify ]
1015 silly reify mark retired [
1015 silly reify   'D:\\workspaces\\project-template-v3\\utils\\node_modules\\core-js-compat\\node_modules\\node-releases'
1015 silly reify ]
1016 silly reify mark retired [
1016 silly reify   'D:\\workspaces\\project-template-v3\\utils\\node_modules\\core-js-compat\\node_modules\\update-browserslist-db',
1016 silly reify   'D:\\workspaces\\project-template-v3\\utils\\node_modules\\core-js-compat\\node_modules\\.bin\\update-browserslist-db',
1016 silly reify   'D:\\workspaces\\project-template-v3\\utils\\node_modules\\core-js-compat\\node_modules\\.bin\\update-browserslist-db.cmd',
1016 silly reify   'D:\\workspaces\\project-template-v3\\utils\\node_modules\\core-js-compat\\node_modules\\.bin\\update-browserslist-db.ps1'
1016 silly reify ]
1017 silly reify mark retired [
1017 silly reify   'D:\\workspaces\\project-template-v3\\utils\\node_modules\\electron-to-chromium'
1017 silly reify ]
1018 silly reify mark retired [
1018 silly reify   'D:\\workspaces\\project-template-v3\\utils\\node_modules\\jsesc',
1018 silly reify   'D:\\workspaces\\project-template-v3\\utils\\node_modules\\.bin\\jsesc',
1018 silly reify   'D:\\workspaces\\project-template-v3\\utils\\node_modules\\.bin\\jsesc.cmd',
1018 silly reify   'D:\\workspaces\\project-template-v3\\utils\\node_modules\\.bin\\jsesc.ps1'
1018 silly reify ]
1019 silly reify mark retired [
1019 silly reify   'D:\\workspaces\\project-template-v3\\utils\\node_modules\\json5',
1019 silly reify   'D:\\workspaces\\project-template-v3\\utils\\node_modules\\.bin\\json5',
1019 silly reify   'D:\\workspaces\\project-template-v3\\utils\\node_modules\\.bin\\json5.cmd',
1019 silly reify   'D:\\workspaces\\project-template-v3\\utils\\node_modules\\.bin\\json5.ps1'
1019 silly reify ]
1020 silly reify mark retired [
1020 silly reify   'D:\\workspaces\\project-template-v3\\utils\\node_modules\\lru-cache'
1020 silly reify ]
1021 silly reify mark retired [
1021 silly reify   'D:\\workspaces\\project-template-v3\\utils\\node_modules\\nanoid',
1021 silly reify   'D:\\workspaces\\project-template-v3\\utils\\node_modules\\.bin\\nanoid',
1021 silly reify   'D:\\workspaces\\project-template-v3\\utils\\node_modules\\.bin\\nanoid.cmd',
1021 silly reify   'D:\\workspaces\\project-template-v3\\utils\\node_modules\\.bin\\nanoid.ps1'
1021 silly reify ]
1022 silly reify mark retired [
1022 silly reify   'D:\\workspaces\\project-template-v3\\utils\\node_modules\\node-releases'
1022 silly reify ]
1023 silly reify mark retired [ 'D:\\workspaces\\project-template-v3\\utils\\node_modules\\obug' ]
1024 silly reify mark retired [
1024 silly reify   'D:\\workspaces\\project-template-v3\\utils\\node_modules\\regjsparser',
1024 silly reify   'D:\\workspaces\\project-template-v3\\utils\\node_modules\\.bin\\regjsparser',
1024 silly reify   'D:\\workspaces\\project-template-v3\\utils\\node_modules\\.bin\\regjsparser.cmd',
1024 silly reify   'D:\\workspaces\\project-template-v3\\utils\\node_modules\\.bin\\regjsparser.ps1'
1024 silly reify ]
1025 silly reify mark retired [
1025 silly reify   'D:\\workspaces\\project-template-v3\\utils\\node_modules\\rollup',
1025 silly reify   'D:\\workspaces\\project-template-v3\\utils\\node_modules\\.bin\\rollup',
1025 silly reify   'D:\\workspaces\\project-template-v3\\utils\\node_modules\\.bin\\rollup.cmd',
1025 silly reify   'D:\\workspaces\\project-template-v3\\utils\\node_modules\\.bin\\rollup.ps1'
1025 silly reify ]
1026 silly reify mark retired [
1026 silly reify   'D:\\workspaces\\project-template-v3\\utils\\node_modules\\semver',
1026 silly reify   'D:\\workspaces\\project-template-v3\\utils\\node_modules\\.bin\\semver',
1026 silly reify   'D:\\workspaces\\project-template-v3\\utils\\node_modules\\.bin\\semver.cmd',
1026 silly reify   'D:\\workspaces\\project-template-v3\\utils\\node_modules\\.bin\\semver.ps1'
1026 silly reify ]
1027 silly reify mark retired [
1027 silly reify   'D:\\workspaces\\project-template-v3\\utils\\node_modules\\vite',
1027 silly reify   'D:\\workspaces\\project-template-v3\\utils\\node_modules\\.bin\\vite',
1027 silly reify   'D:\\workspaces\\project-template-v3\\utils\\node_modules\\.bin\\vite.cmd',
1027 silly reify   'D:\\workspaces\\project-template-v3\\utils\\node_modules\\.bin\\vite.ps1'
1027 silly reify ]
1028 silly reify mark retired [
1028 silly reify   'D:\\workspaces\\project-template-v3\\utils\\node_modules\\@babel\\code-frame'
1028 silly reify ]
1029 silly reify mark retired [
1029 silly reify   'D:\\workspaces\\project-template-v3\\utils\\node_modules\\@babel\\compat-data'
1029 silly reify ]
1030 silly reify mark retired [
1030 silly reify   'D:\\workspaces\\project-template-v3\\utils\\node_modules\\@babel\\core\\node_modules\\lru-cache'
1030 silly reify ]
1031 silly reify mark retired [
1031 silly reify   'D:\\workspaces\\project-template-v3\\utils\\node_modules\\@babel\\core\\node_modules\\semver',
1031 silly reify   'D:\\workspaces\\project-template-v3\\utils\\node_modules\\@babel\\core\\node_modules\\.bin\\semver',
1031 silly reify   'D:\\workspaces\\project-template-v3\\utils\\node_modules\\@babel\\core\\node_modules\\.bin\\semver.cmd',
1031 silly reify   'D:\\workspaces\\project-template-v3\\utils\\node_modules\\@babel\\core\\node_modules\\.bin\\semver.ps1'
1031 silly reify ]
1032 silly reify mark retired [
1032 silly reify   'D:\\workspaces\\project-template-v3\\utils\\node_modules\\@babel\\core\\node_modules\\@babel\\helper-compilation-targets'
1032 silly reify ]
1033 silly reify mark retired [
1033 silly reify   'D:\\workspaces\\project-template-v3\\utils\\node_modules\\@babel\\core\\node_modules\\@babel\\compat-data'
1033 silly reify ]
1034 silly reify mark retired [
1034 silly reify   'D:\\workspaces\\project-template-v3\\utils\\node_modules\\@babel\\core\\node_modules\\@babel\\helper-module-transforms'
1034 silly reify ]
1035 silly reify mark retired [
1035 silly reify   'D:\\workspaces\\project-template-v3\\utils\\node_modules\\@babel\\core\\node_modules\\@babel\\helper-validator-option'
1035 silly reify ]
1036 silly reify mark retired [
1036 silly reify   'D:\\workspaces\\project-template-v3\\utils\\node_modules\\@babel\\core\\node_modules\\@babel\\helper-module-imports'
1036 silly reify ]
1037 silly reify mark retired [
1037 silly reify   'D:\\workspaces\\project-template-v3\\utils\\node_modules\\@babel\\helper-create-regexp-features-plugin'
1037 silly reify ]
1038 silly reify mark retired [
1038 silly reify   'D:\\workspaces\\project-template-v3\\utils\\node_modules\\@babel\\helper-compilation-targets'
1038 silly reify ]
1039 silly reify mark retired [
1039 silly reify   'D:\\workspaces\\project-template-v3\\utils\\node_modules\\update-browserslist-db',
1039 silly reify   'D:\\workspaces\\project-template-v3\\utils\\node_modules\\.bin\\update-browserslist-db',
1039 silly reify   'D:\\workspaces\\project-template-v3\\utils\\node_modules\\.bin\\update-browserslist-db.cmd',
1039 silly reify   'D:\\workspaces\\project-template-v3\\utils\\node_modules\\.bin\\update-browserslist-db.ps1'
1039 silly reify ]
1040 silly reify mark retired [
1040 silly reify   'D:\\workspaces\\project-template-v3\\utils\\node_modules\\@babel\\helper-member-expression-to-functions'
1040 silly reify ]
1041 silly reify mark retired [
1041 silly reify   'D:\\workspaces\\project-template-v3\\utils\\node_modules\\@babel\\helper-module-imports'
1041 silly reify ]
1042 silly reify mark retired [
1042 silly reify   'D:\\workspaces\\project-template-v3\\utils\\node_modules\\@babel\\helper-create-class-features-plugin'
1042 silly reify ]
1043 silly reify mark retired [
1043 silly reify   'D:\\workspaces\\project-template-v3\\utils\\node_modules\\@babel\\helper-globals'
1043 silly reify ]
1044 silly reify mark retired [
1044 silly reify   'D:\\workspaces\\project-template-v3\\utils\\node_modules\\@babel\\helper-module-transforms'
1044 silly reify ]
1045 silly reify mark retired [
1045 silly reify   'D:\\workspaces\\project-template-v3\\utils\\node_modules\\@babel\\helper-annotate-as-pure'
1045 silly reify ]
1046 silly reify mark retired [
1046 silly reify   'D:\\workspaces\\project-template-v3\\utils\\node_modules\\@babel\\helper-define-polyfill-provider'
1046 silly reify ]
1047 silly reify mark retired [
1047 silly reify   'D:\\workspaces\\project-template-v3\\utils\\node_modules\\@babel\\helper-replace-supers'
1047 silly reify ]
1048 silly reify mark retired [
1048 silly reify   'D:\\workspaces\\project-template-v3\\utils\\node_modules\\@babel\\helper-environment-visitor'
1048 silly reify ]
1049 silly reify mark retired [
1049 silly reify   'D:\\workspaces\\project-template-v3\\utils\\node_modules\\@babel\\helper-skip-transparent-expression-wrappers'
1049 silly reify ]
1050 silly reify mark retired [
1050 silly reify   'D:\\workspaces\\project-template-v3\\utils\\node_modules\\@babel\\helper-optimise-call-expression'
1050 silly reify ]
1051 silly reify mark retired [
1051 silly reify   'D:\\workspaces\\project-template-v3\\utils\\node_modules\\@babel\\helper-remap-async-to-generator'
1051 silly reify ]
1052 silly reify mark retired [
1052 silly reify   'D:\\workspaces\\project-template-v3\\utils\\node_modules\\@babel\\helper-validator-option'
1052 silly reify ]
1053 silly reify mark retired [
1053 silly reify   'D:\\workspaces\\project-template-v3\\utils\\node_modules\\@babel\\helper-string-parser'
1053 silly reify ]
1054 silly reify mark retired [
1054 silly reify   'D:\\workspaces\\project-template-v3\\utils\\node_modules\\@babel\\helper-validator-identifier'
1054 silly reify ]
1055 silly reify mark retired [
1055 silly reify   'D:\\workspaces\\project-template-v3\\utils\\node_modules\\@babel\\plugin-bugfix-firefox-class-in-computed-class-key'
1055 silly reify ]
1056 silly reify mark retired [
1056 silly reify   'D:\\workspaces\\project-template-v3\\utils\\node_modules\\@babel\\helper-wrap-function'
1056 silly reify ]
1057 silly reify mark retired [
1057 silly reify   'D:\\workspaces\\project-template-v3\\utils\\node_modules\\@babel\\plugin-bugfix-safari-class-field-initializer-scope'
1057 silly reify ]
1058 silly reify mark retired [
1058 silly reify   'D:\\workspaces\\project-template-v3\\utils\\node_modules\\@babel\\helper-plugin-utils'
1058 silly reify ]
1059 silly reify mark retired [
1059 silly reify   'D:\\workspaces\\project-template-v3\\utils\\node_modules\\@babel\\plugin-bugfix-safari-rest-destructuring-rhs-array'
1059 silly reify ]
1060 silly reify mark retired [
1060 silly reify   'D:\\workspaces\\project-template-v3\\utils\\node_modules\\@babel\\generator'
1060 silly reify ]
1061 silly reify mark retired [
1061 silly reify   'D:\\workspaces\\project-template-v3\\utils\\node_modules\\@babel\\plugin-proposal-async-generator-functions'
1061 silly reify ]
1062 silly reify mark retired [
1062 silly reify   'D:\\workspaces\\project-template-v3\\utils\\node_modules\\@babel\\parser',
1062 silly reify   'D:\\workspaces\\project-template-v3\\utils\\node_modules\\.bin\\parser',
1062 silly reify   'D:\\workspaces\\project-template-v3\\utils\\node_modules\\.bin\\parser.cmd',
1062 silly reify   'D:\\workspaces\\project-template-v3\\utils\\node_modules\\.bin\\parser.ps1'
1062 silly reify ]
1063 silly reify mark retired [
1063 silly reify   'D:\\workspaces\\project-template-v3\\utils\\node_modules\\@babel\\plugin-proposal-optional-chaining'
1063 silly reify ]
1064 silly reify mark retired [
1064 silly reify   'D:\\workspaces\\project-template-v3\\utils\\node_modules\\@babel\\plugin-bugfix-v8-static-class-fields-redefine-readonly'
1064 silly reify ]
1065 silly reify mark retired [
1065 silly reify   'D:\\workspaces\\project-template-v3\\utils\\node_modules\\@babel\\plugin-proposal-logical-assignment-operators'
1065 silly reify ]
1066 silly reify mark retired [
1066 silly reify   'D:\\workspaces\\project-template-v3\\utils\\node_modules\\@babel\\plugin-bugfix-safari-id-destructuring-collision-in-function-expression'
1066 silly reify ]
1067 silly reify mark retired [
1067 silly reify   'D:\\workspaces\\project-template-v3\\utils\\node_modules\\@babel\\plugin-syntax-async-generators'
1067 silly reify ]
1068 silly reify mark retired [
1068 silly reify   'D:\\workspaces\\project-template-v3\\utils\\node_modules\\@babel\\plugin-bugfix-v8-spread-parameters-in-optional-chaining'
1068 silly reify ]
1069 silly reify mark retired [
1069 silly reify   'D:\\workspaces\\project-template-v3\\utils\\node_modules\\@babel\\plugin-syntax-optional-chaining'
1069 silly reify ]
1070 silly reify mark retired [
1070 silly reify   'D:\\workspaces\\project-template-v3\\utils\\node_modules\\@babel\\plugin-proposal-nullish-coalescing-operator'
1070 silly reify ]
1071 silly reify mark retired [
1071 silly reify   'D:\\workspaces\\project-template-v3\\utils\\node_modules\\@babel\\plugin-transform-arrow-functions'
1071 silly reify ]
1072 silly reify mark retired [
1072 silly reify   'D:\\workspaces\\project-template-v3\\utils\\node_modules\\@babel\\plugin-syntax-logical-assignment-operators'
1072 silly reify ]
1073 silly reify mark retired [
1073 silly reify   'D:\\workspaces\\project-template-v3\\utils\\node_modules\\@babel\\plugin-transform-block-scoped-functions'
1073 silly reify ]
1074 silly reify mark retired [
1074 silly reify   'D:\\workspaces\\project-template-v3\\utils\\node_modules\\@babel\\plugin-syntax-nullish-coalescing-operator'
1074 silly reify ]
1075 silly reify mark retired [
1075 silly reify   'D:\\workspaces\\project-template-v3\\utils\\node_modules\\@babel\\plugin-transform-class-properties'
1075 silly reify ]
1076 silly reify mark retired [
1076 silly reify   'D:\\workspaces\\project-template-v3\\utils\\node_modules\\@babel\\plugin-transform-async-generator-functions'
1076 silly reify ]
1077 silly reify mark retired [
1077 silly reify   'D:\\workspaces\\project-template-v3\\utils\\node_modules\\@babel\\plugin-transform-classes'
1077 silly reify ]
1078 silly reify mark retired [
1078 silly reify   'D:\\workspaces\\project-template-v3\\utils\\node_modules\\@babel\\plugin-transform-block-scoping'
1078 silly reify ]
1079 silly reify mark retired [
1079 silly reify   'D:\\workspaces\\project-template-v3\\utils\\node_modules\\@babel\\plugin-transform-dotall-regex'
1079 silly reify ]
1080 silly reify mark retired [
1080 silly reify   'D:\\workspaces\\project-template-v3\\utils\\node_modules\\@babel\\plugin-transform-async-to-generator'
1080 silly reify ]
1081 silly reify mark retired [
1081 silly reify   'D:\\workspaces\\project-template-v3\\utils\\node_modules\\@babel\\plugin-transform-duplicate-keys'
1081 silly reify ]
1082 silly reify mark retired [
1082 silly reify   'D:\\workspaces\\project-template-v3\\utils\\node_modules\\@babel\\plugin-transform-class-static-block'
1082 silly reify ]
1083 silly reify mark retired [
1083 silly reify   'D:\\workspaces\\project-template-v3\\utils\\node_modules\\@babel\\plugin-transform-computed-properties'
1083 silly reify ]
1084 silly reify mark retired [
1084 silly reify   'D:\\workspaces\\project-template-v3\\utils\\node_modules\\@babel\\plugin-transform-duplicate-named-capturing-groups-regex'
1084 silly reify ]
1085 silly reify mark retired [
1085 silly reify   'D:\\workspaces\\project-template-v3\\utils\\node_modules\\@babel\\plugin-transform-destructuring'
1085 silly reify ]
1086 silly reify mark retired [
1086 silly reify   'D:\\workspaces\\project-template-v3\\utils\\node_modules\\@babel\\plugin-transform-for-of'
1086 silly reify ]
1087 silly reify mark retired [
1087 silly reify   'D:\\workspaces\\project-template-v3\\utils\\node_modules\\@babel\\plugin-transform-dynamic-import'
1087 silly reify ]
1088 silly reify mark retired [
1088 silly reify   'D:\\workspaces\\project-template-v3\\utils\\node_modules\\@babel\\plugin-transform-function-name'
1088 silly reify ]
1089 silly reify mark retired [
1089 silly reify   'D:\\workspaces\\project-template-v3\\utils\\node_modules\\@babel\\plugin-transform-explicit-resource-management'
1089 silly reify ]
1090 silly reify mark retired [
1090 silly reify   'D:\\workspaces\\project-template-v3\\utils\\node_modules\\@babel\\plugin-transform-logical-assignment-operators'
1090 silly reify ]
1091 silly reify mark retired [
1091 silly reify   'D:\\workspaces\\project-template-v3\\utils\\node_modules\\@babel\\plugin-transform-export-namespace-from'
1091 silly reify ]
1092 silly reify mark retired [
1092 silly reify   'D:\\workspaces\\project-template-v3\\utils\\node_modules\\@babel\\plugin-transform-member-expression-literals'
1092 silly reify ]
1093 silly reify mark retired [
1093 silly reify   'D:\\workspaces\\project-template-v3\\utils\\node_modules\\@babel\\plugin-transform-exponentiation-operator'
1093 silly reify ]
1094 silly reify mark retired [
1094 silly reify   'D:\\workspaces\\project-template-v3\\utils\\node_modules\\@babel\\plugin-transform-modules-commonjs'
1094 silly reify ]
1095 silly reify mark retired [
1095 silly reify   'D:\\workspaces\\project-template-v3\\utils\\node_modules\\@babel\\plugin-transform-numeric-separator'
1095 silly reify ]
1096 silly reify mark retired [
1096 silly reify   'D:\\workspaces\\project-template-v3\\utils\\node_modules\\@babel\\plugin-transform-literals'
1096 silly reify ]
1097 silly reify mark retired [
1097 silly reify   'D:\\workspaces\\project-template-v3\\utils\\node_modules\\@babel\\plugin-transform-modules-umd'
1097 silly reify ]
1098 silly reify mark retired [
1098 silly reify   'D:\\workspaces\\project-template-v3\\utils\\node_modules\\@babel\\plugin-transform-modules-systemjs'
1098 silly reify ]
1099 silly reify mark retired [
1099 silly reify   'D:\\workspaces\\project-template-v3\\utils\\node_modules\\@babel\\plugin-transform-named-capturing-groups-regex'
1099 silly reify ]
1100 silly reify mark retired [
1100 silly reify   'D:\\workspaces\\project-template-v3\\utils\\node_modules\\@babel\\plugin-transform-json-strings'
1100 silly reify ]
1101 silly reify mark retired [
1101 silly reify   'D:\\workspaces\\project-template-v3\\utils\\node_modules\\@babel\\plugin-transform-object-rest-spread'
1101 silly reify ]
1102 silly reify mark retired [
1102 silly reify   'D:\\workspaces\\project-template-v3\\utils\\node_modules\\@babel\\plugin-transform-modules-amd'
1102 silly reify ]
1103 silly reify mark retired [
1103 silly reify   'D:\\workspaces\\project-template-v3\\utils\\node_modules\\@babel\\plugin-transform-optional-chaining'
1103 silly reify ]
1104 silly reify mark retired [
1104 silly reify   'D:\\workspaces\\project-template-v3\\utils\\node_modules\\@babel\\plugin-transform-new-target'
1104 silly reify ]
1105 silly reify mark retired [
1105 silly reify   'D:\\workspaces\\project-template-v3\\utils\\node_modules\\@babel\\plugin-transform-parameters'
1105 silly reify ]
1106 silly reify mark retired [
1106 silly reify   'D:\\workspaces\\project-template-v3\\utils\\node_modules\\@babel\\plugin-transform-nullish-coalescing-operator'
1106 silly reify ]
1107 silly reify mark retired [
1107 silly reify   'D:\\workspaces\\project-template-v3\\utils\\node_modules\\@babel\\plugin-transform-property-literals'
1107 silly reify ]
1108 silly reify mark retired [
1108 silly reify   'D:\\workspaces\\project-template-v3\\utils\\node_modules\\@babel\\plugin-transform-object-super'
1108 silly reify ]
1109 silly reify mark retired [
1109 silly reify   'D:\\workspaces\\project-template-v3\\utils\\node_modules\\@babel\\plugin-transform-private-methods'
1109 silly reify ]
1110 silly reify mark retired [
1110 silly reify   'D:\\workspaces\\project-template-v3\\utils\\node_modules\\@babel\\plugin-transform-optional-catch-binding'
1110 silly reify ]
1111 silly reify mark retired [
1111 silly reify   'D:\\workspaces\\project-template-v3\\utils\\node_modules\\@babel\\plugin-transform-runtime'
1111 silly reify ]
1112 silly reify mark retired [
1112 silly reify   'D:\\workspaces\\project-template-v3\\utils\\node_modules\\@babel\\plugin-transform-private-property-in-object'
1112 silly reify ]
1113 silly reify mark retired [
1113 silly reify   'D:\\workspaces\\project-template-v3\\utils\\node_modules\\@babel\\plugin-transform-shorthand-properties'
1113 silly reify ]
1114 silly reify mark retired [
1114 silly reify   'D:\\workspaces\\project-template-v3\\utils\\node_modules\\@babel\\plugin-transform-regenerator'
1114 silly reify ]
1115 silly reify mark retired [
1115 silly reify   'D:\\workspaces\\project-template-v3\\utils\\node_modules\\@babel\\plugin-transform-sticky-regex'
1115 silly reify ]
1116 silly reify mark retired [
1116 silly reify   'D:\\workspaces\\project-template-v3\\utils\\node_modules\\@babel\\plugin-transform-regexp-modifiers'
1116 silly reify ]
1117 silly reify mark retired [
1117 silly reify   'D:\\workspaces\\project-template-v3\\utils\\node_modules\\@babel\\plugin-transform-reserved-words'
1117 silly reify ]
1118 silly reify mark retired [
1118 silly reify   'D:\\workspaces\\project-template-v3\\utils\\node_modules\\@babel\\plugin-transform-typeof-symbol'
1118 silly reify ]
1119 silly reify mark retired [
1119 silly reify   'D:\\workspaces\\project-template-v3\\utils\\node_modules\\@babel\\plugin-transform-spread'
1119 silly reify ]
1120 silly reify mark retired [
1120 silly reify   'D:\\workspaces\\project-template-v3\\utils\\node_modules\\@babel\\plugin-transform-unicode-escapes'
1120 silly reify ]
1121 silly reify mark retired [
1121 silly reify   'D:\\workspaces\\project-template-v3\\utils\\node_modules\\@babel\\plugin-transform-template-literals'
1121 silly reify ]
1122 silly reify mark retired [
1122 silly reify   'D:\\workspaces\\project-template-v3\\utils\\node_modules\\@babel\\preset-env'
1122 silly reify ]
1123 silly reify mark retired [
1123 silly reify   'D:\\workspaces\\project-template-v3\\utils\\node_modules\\@babel\\plugin-transform-unicode-sets-regex'
1123 silly reify ]
1124 silly reify mark retired [
1124 silly reify   'D:\\workspaces\\project-template-v3\\utils\\node_modules\\@babel\\plugin-transform-unicode-property-regex'
1124 silly reify ]
1125 silly reify mark retired [
1125 silly reify   'D:\\workspaces\\project-template-v3\\utils\\node_modules\\@babel\\preset-modules'
1125 silly reify ]
1126 silly reify mark retired [
1126 silly reify   'D:\\workspaces\\project-template-v3\\utils\\node_modules\\@babel\\template'
1126 silly reify ]
1127 silly reify mark retired [
1127 silly reify   'D:\\workspaces\\project-template-v3\\utils\\node_modules\\@babel\\plugin-transform-unicode-regex'
1127 silly reify ]
1128 silly reify mark retired [
1128 silly reify   'D:\\workspaces\\project-template-v3\\utils\\node_modules\\@babel\\types'
1128 silly reify ]
1129 silly reify mark retired [
1129 silly reify   'D:\\workspaces\\project-template-v3\\utils\\node_modules\\@babel\\traverse'
1129 silly reify ]
1130 silly reify mark retired [
1130 silly reify   'D:\\workspaces\\project-template-v3\\utils\\node_modules\\@jridgewell\\trace-mapping'
1130 silly reify ]
1131 silly reify mark retired [
1131 silly reify   'D:\\workspaces\\project-template-v3\\utils\\node_modules\\@types\\jsesc'
1131 silly reify ]
1132 silly reify moves {
1132 silly reify   'D:\\workspaces\\project-template-v3\\utils\\node_modules\\babel-plugin-polyfill-corejs3': 'D:\\workspaces\\project-template-v3\\utils\\node_modules\\.babel-plugin-polyfill-corejs3-a7MfF3uu',
1132 silly reify   'D:\\workspaces\\project-template-v3\\utils\\node_modules\\baseline-browser-mapping': 'D:\\workspaces\\project-template-v3\\utils\\node_modules\\.baseline-browser-mapping-FeJTzKOw',
1132 silly reify   'D:\\workspaces\\project-template-v3\\utils\\node_modules\\.bin\\baseline-browser-mapping': 'D:\\workspaces\\project-template-v3\\utils\\node_modules\\.bin\\.baseline-browser-mapping-8KNBhePi',
1132 silly reify   'D:\\workspaces\\project-template-v3\\utils\\node_modules\\.bin\\baseline-browser-mapping.cmd': 'D:\\workspaces\\project-template-v3\\utils\\node_modules\\.bin\\.baseline-browser-mapping.cmd-TrY8zz0O',
1132 silly reify   'D:\\workspaces\\project-template-v3\\utils\\node_modules\\.bin\\baseline-browser-mapping.ps1': 'D:\\workspaces\\project-template-v3\\utils\\node_modules\\.bin\\.baseline-browser-mapping.ps1-k4h0O3Ug',
1132 silly reify   'D:\\workspaces\\project-template-v3\\utils\\node_modules\\browserslist': 'D:\\workspaces\\project-template-v3\\utils\\node_modules\\.browserslist-em2WtnJS',
1132 silly reify   'D:\\workspaces\\project-template-v3\\utils\\node_modules\\.bin\\browserslist': 'D:\\workspaces\\project-template-v3\\utils\\node_modules\\.bin\\.browserslist-XUxVhQyS',
1132 silly reify   'D:\\workspaces\\project-template-v3\\utils\\node_modules\\.bin\\browserslist.cmd': 'D:\\workspaces\\project-template-v3\\utils\\node_modules\\.bin\\.browserslist.cmd-uiH2wbNV',
1132 silly reify   'D:\\workspaces\\project-template-v3\\utils\\node_modules\\.bin\\browserslist.ps1': 'D:\\workspaces\\project-template-v3\\utils\\node_modules\\.bin\\.browserslist.ps1-MPUjluNj',
1132 silly reify   'D:\\workspaces\\project-template-v3\\utils\\node_modules\\caniuse-lite': 'D:\\workspaces\\project-template-v3\\utils\\node_modules\\.caniuse-lite-xhMyhw30',
1132 silly reify   'D:\\workspaces\\project-template-v3\\utils\\node_modules\\esbuild': 'D:\\workspaces\\project-template-v3\\utils\\node_modules\\.esbuild-D2vjqEue',
1132 silly reify   'D:\\workspaces\\project-template-v3\\utils\\node_modules\\.bin\\esbuild': 'D:\\workspaces\\project-template-v3\\utils\\node_modules\\.bin\\.esbuild-a4HirFiO',
1132 silly reify   'D:\\workspaces\\project-template-v3\\utils\\node_modules\\.bin\\esbuild.cmd': 'D:\\workspaces\\project-template-v3\\utils\\node_modules\\.bin\\.esbuild.cmd-ycT3XkVN',
1132 silly reify   'D:\\workspaces\\project-template-v3\\utils\\node_modules\\.bin\\esbuild.ps1': 'D:\\workspaces\\project-template-v3\\utils\\node_modules\\.bin\\.esbuild.ps1-KF3iWdnI',
1132 silly reify   'D:\\workspaces\\project-template-v3\\utils\\node_modules\\debug': 'D:\\workspaces\\project-template-v3\\utils\\node_modules\\.debug-j5K8ZP1P',
1132 silly reify   'D:\\workspaces\\project-template-v3\\utils\\node_modules\\core-js-compat\\node_modules\\browserslist': 'D:\\workspaces\\project-template-v3\\utils\\node_modules\\core-js-compat\\node_modules\\.browserslist-2JaLh8iZ',
1132 silly reify   'D:\\workspaces\\project-template-v3\\utils\\node_modules\\core-js-compat\\node_modules\\.bin\\browserslist': 'D:\\workspaces\\project-template-v3\\utils\\node_modules\\core-js-compat\\node_modules\\.bin\\.browserslist-KpYA0ksv',
1132 silly reify   'D:\\workspaces\\project-template-v3\\utils\\node_modules\\core-js-compat\\node_modules\\.bin\\browserslist.cmd': 'D:\\workspaces\\project-template-v3\\utils\\node_modules\\core-js-compat\\node_modules\\.bin\\.browserslist.cmd-94iyhXLq',
1132 silly reify   'D:\\workspaces\\project-template-v3\\utils\\node_modules\\core-js-compat\\node_modules\\.bin\\browserslist.ps1': 'D:\\workspaces\\project-template-v3\\utils\\node_modules\\core-js-compat\\node_modules\\.bin\\.browserslist.ps1-V4HQodSZ',
1132 silly reify   'D:\\workspaces\\project-template-v3\\utils\\node_modules\\core-js-compat\\node_modules\\electron-to-chromium': 'D:\\workspaces\\project-template-v3\\utils\\node_modules\\core-js-compat\\node_modules\\.electron-to-chromium-HMOSSwYR',
1132 silly reify   'D:\\workspaces\\project-template-v3\\utils\\node_modules\\core-js-compat\\node_modules\\caniuse-lite': 'D:\\workspaces\\project-template-v3\\utils\\node_modules\\core-js-compat\\node_modules\\.caniuse-lite-S2ax1SKC',
1132 silly reify   'D:\\workspaces\\project-template-v3\\utils\\node_modules\\core-js-compat\\node_modules\\node-releases': 'D:\\workspaces\\project-template-v3\\utils\\node_modules\\core-js-compat\\node_modules\\.node-releases-Uocd6kaE',
1132 silly reify   'D:\\workspaces\\project-template-v3\\utils\\node_modules\\core-js-compat\\node_modules\\update-browserslist-db': 'D:\\workspaces\\project-template-v3\\utils\\node_modules\\core-js-compat\\node_modules\\.update-browserslist-db-JhCttRCe',
1132 silly reify   'D:\\workspaces\\project-template-v3\\utils\\node_modules\\core-js-compat\\node_modules\\.bin\\update-browserslist-db': 'D:\\workspaces\\project-template-v3\\utils\\node_modules\\core-js-compat\\node_modules\\.bin\\.update-browserslist-db-cwO1cQ19',
1132 silly reify   'D:\\workspaces\\project-template-v3\\utils\\node_modules\\core-js-compat\\node_modules\\.bin\\update-browserslist-db.cmd': 'D:\\workspaces\\project-template-v3\\utils\\node_modules\\core-js-compat\\node_modules\\.bin\\.update-browserslist-db.cmd-jv0ZBkIl',
1132 silly reify   'D:\\workspaces\\project-template-v3\\utils\\node_modules\\core-js-compat\\node_modules\\.bin\\update-browserslist-db.ps1': 'D:\\workspaces\\project-template-v3\\utils\\node_modules\\core-js-compat\\node_modules\\.bin\\.update-browserslist-db.ps1-YM6ZhjEA',
1132 silly reify   'D:\\workspaces\\project-template-v3\\utils\\node_modules\\electron-to-chromium': 'D:\\workspaces\\project-template-v3\\utils\\node_modules\\.electron-to-chromium-CmrZBWRV',
1132 silly reify   'D:\\workspaces\\project-template-v3\\utils\\node_modules\\jsesc': 'D:\\workspaces\\project-template-v3\\utils\\node_modules\\.jsesc-0KRtXOhl',
1132 silly reify   'D:\\workspaces\\project-template-v3\\utils\\node_modules\\.bin\\jsesc': 'D:\\workspaces\\project-template-v3\\utils\\node_modules\\.bin\\.jsesc-mXDsvS9D',
1132 silly reify   'D:\\workspaces\\project-template-v3\\utils\\node_modules\\.bin\\jsesc.cmd': 'D:\\workspaces\\project-template-v3\\utils\\node_modules\\.bin\\.jsesc.cmd-jJCYdaUy',
1132 silly reify   'D:\\workspaces\\project-template-v3\\utils\\node_modules\\.bin\\jsesc.ps1': 'D:\\workspaces\\project-template-v3\\utils\\node_modules\\.bin\\.jsesc.ps1-GvRwCHHz',
1132 silly reify   'D:\\workspaces\\project-template-v3\\utils\\node_modules\\json5': 'D:\\workspaces\\project-template-v3\\utils\\node_modules\\.json5-hjsvVYoP',
1132 silly reify   'D:\\workspaces\\project-template-v3\\utils\\node_modules\\.bin\\json5': 'D:\\workspaces\\project-template-v3\\utils\\node_modules\\.bin\\.json5-kiMabpzH',
1132 silly reify   'D:\\workspaces\\project-template-v3\\utils\\node_modules\\.bin\\json5.cmd': 'D:\\workspaces\\project-template-v3\\utils\\node_modules\\.bin\\.json5.cmd-JFp5LvLf',
1132 silly reify   'D:\\workspaces\\project-template-v3\\utils\\node_modules\\.bin\\json5.ps1': 'D:\\workspaces\\project-template-v3\\utils\\node_modules\\.bin\\.json5.ps1-ci26SjLi',
1132 silly reify   'D:\\workspaces\\project-template-v3\\utils\\node_modules\\lru-cache': 'D:\\workspaces\\project-template-v3\\utils\\node_modules\\.lru-cache-uGVqAei9',
1132 silly reify   'D:\\workspaces\\project-template-v3\\utils\\node_modules\\nanoid': 'D:\\workspaces\\project-template-v3\\utils\\node_modules\\.nanoid-jK2hszil',
1132 silly reify   'D:\\workspaces\\project-template-v3\\utils\\node_modules\\.bin\\nanoid': 'D:\\workspaces\\project-template-v3\\utils\\node_modules\\.bin\\.nanoid-4PvcvwQJ',
1132 silly reify   'D:\\workspaces\\project-template-v3\\utils\\node_modules\\.bin\\nanoid.cmd': 'D:\\workspaces\\project-template-v3\\utils\\node_modules\\.bin\\.nanoid.cmd-I6mpsOn8',
1132 silly reify   'D:\\workspaces\\project-template-v3\\utils\\node_modules\\.bin\\nanoid.ps1': 'D:\\workspaces\\project-template-v3\\utils\\node_modules\\.bin\\.nanoid.ps1-cQtB3w8N',
1132 silly reify   'D:\\workspaces\\project-template-v3\\utils\\node_modules\\node-releases': 'D:\\workspaces\\project-template-v3\\utils\\node_modules\\.node-releases-wVcefoLa',
1132 silly reify   'D:\\workspaces\\project-template-v3\\utils\\node_modules\\obug': 'D:\\workspaces\\project-template-v3\\utils\\node_modules\\.obug-g2z7fxCU',
1132 silly reify   'D:\\workspaces\\project-template-v3\\utils\\node_modules\\regjsparser': 'D:\\workspaces\\project-template-v3\\utils\\node_modules\\.regjsparser-Enuy2a6C',
1132 silly reify   'D:\\workspaces\\project-template-v3\\utils\\node_modules\\.bin\\regjsparser': 'D:\\workspaces\\project-template-v3\\utils\\node_modules\\.bin\\.regjsparser-BTdJ9YVt',
1132 silly reify   'D:\\workspaces\\project-template-v3\\utils\\node_modules\\.bin\\regjsparser.cmd': 'D:\\workspaces\\project-template-v3\\utils\\node_modules\\.bin\\.regjsparser.cmd-8oxLEk7Y',
1132 silly reify   'D:\\workspaces\\project-template-v3\\utils\\node_modules\\.bin\\regjsparser.ps1': 'D:\\workspaces\\project-template-v3\\utils\\node_modules\\.bin\\.regjsparser.ps1-SecILfuK',
1132 silly reify   'D:\\workspaces\\project-template-v3\\utils\\node_modules\\rollup': 'D:\\workspaces\\project-template-v3\\utils\\node_modules\\.rollup-58iFhHRl',
1132 silly reify   'D:\\workspaces\\project-template-v3\\utils\\node_modules\\.bin\\rollup': 'D:\\workspaces\\project-template-v3\\utils\\node_modules\\.bin\\.rollup-wI09YBm1',
1132 silly reify   'D:\\workspaces\\project-template-v3\\utils\\node_modules\\.bin\\rollup.cmd': 'D:\\workspaces\\project-template-v3\\utils\\node_modules\\.bin\\.rollup.cmd-1DidvmQi',
1132 silly reify   'D:\\workspaces\\project-template-v3\\utils\\node_modules\\.bin\\rollup.ps1': 'D:\\workspaces\\project-template-v3\\utils\\node_modules\\.bin\\.rollup.ps1-9gmCSWmX',
1132 silly reify   'D:\\workspaces\\project-template-v3\\utils\\node_modules\\semver': 'D:\\workspaces\\project-template-v3\\utils\\node_modules\\.semver-EmySz4xJ',
1132 silly reify   'D:\\workspaces\\project-template-v3\\utils\\node_modules\\.bin\\semver': 'D:\\workspaces\\project-template-v3\\utils\\node_modules\\.bin\\.semver-rwH3DG9g',
1132 silly reify   'D:\\workspaces\\project-template-v3\\utils\\node_modules\\.bin\\semver.cmd': 'D:\\workspaces\\project-template-v3\\utils\\node_modules\\.bin\\.semver.cmd-ps0STTwz',
1132 silly reify   'D:\\workspaces\\project-template-v3\\utils\\node_modules\\.bin\\semver.ps1': 'D:\\workspaces\\project-template-v3\\utils\\node_modules\\.bin\\.semver.ps1-J07iewps',
1132 silly reify   'D:\\workspaces\\project-template-v3\\utils\\node_modules\\vite': 'D:\\workspaces\\project-template-v3\\utils\\node_modules\\.vite-Nu8MuBUJ',
1132 silly reify   'D:\\workspaces\\project-template-v3\\utils\\node_modules\\.bin\\vite': 'D:\\workspaces\\project-template-v3\\utils\\node_modules\\.bin\\.vite-GFeoIiOx',
1132 silly reify   'D:\\workspaces\\project-template-v3\\utils\\node_modules\\.bin\\vite.cmd': 'D:\\workspaces\\project-template-v3\\utils\\node_modules\\.bin\\.vite.cmd-jpbsCueI',
1132 silly reify   'D:\\workspaces\\project-template-v3\\utils\\node_modules\\.bin\\vite.ps1': 'D:\\workspaces\\project-template-v3\\utils\\node_modules\\.bin\\.vite.ps1-71Bu4PHq',
1132 silly reify   'D:\\workspaces\\project-template-v3\\utils\\node_modules\\@babel\\code-frame': 'D:\\workspaces\\project-template-v3\\utils\\node_modules\\@babel\\.code-frame-9X4pbAo4',
1132 silly reify   'D:\\workspaces\\project-template-v3\\utils\\node_modules\\@babel\\compat-data': 'D:\\workspaces\\project-template-v3\\utils\\node_modules\\@babel\\.compat-data-FbD5nf5s',
1132 silly reify   'D:\\workspaces\\project-template-v3\\utils\\node_modules\\@babel\\core\\node_modules\\lru-cache': 'D:\\workspaces\\project-template-v3\\utils\\node_modules\\@babel\\core\\node_modules\\.lru-cache-hOgil9to',
1132 silly reify   'D:\\workspaces\\project-template-v3\\utils\\node_modules\\@babel\\core\\node_modules\\semver': 'D:\\workspaces\\project-template-v3\\utils\\node_modules\\@babel\\core\\node_modules\\.semver-uqXXTVhz',
1132 silly reify   'D:\\workspaces\\project-template-v3\\utils\\node_modules\\@babel\\core\\node_modules\\.bin\\semver': 'D:\\workspaces\\project-template-v3\\utils\\node_modules\\@babel\\core\\node_modules\\.bin\\.semver-bJshcrzh',
1132 silly reify   'D:\\workspaces\\project-template-v3\\utils\\node_modules\\@babel\\core\\node_modules\\.bin\\semver.cmd': 'D:\\workspaces\\project-template-v3\\utils\\node_modules\\@babel\\core\\node_modules\\.bin\\.semver.cmd-Jnzpas7i',
1132 silly reify   'D:\\workspaces\\project-template-v3\\utils\\node_modules\\@babel\\core\\node_modules\\.bin\\semver.ps1': 'D:\\workspaces\\project-template-v3\\utils\\node_modules\\@babel\\core\\node_modules\\.bin\\.semver.ps1-PCXuTUHL',
1132 silly reify   'D:\\workspaces\\project-template-v3\\utils\\node_modules\\@babel\\core\\node_modules\\@babel\\helper-compilation-targets': 'D:\\workspaces\\project-template-v3\\utils\\node_modules\\@babel\\core\\node_modules\\@babel\\.helper-compilation-targets-0TkZjXuH',
1132 silly reify   'D:\\workspaces\\project-template-v3\\utils\\node_modules\\@babel\\core\\node_modules\\@babel\\compat-data': 'D:\\workspaces\\project-template-v3\\utils\\node_modules\\@babel\\core\\node_modules\\@babel\\.compat-data-Q1MvhBSz',
1132 silly reify   'D:\\workspaces\\project-template-v3\\utils\\node_modules\\@babel\\core\\node_modules\\@babel\\helper-module-transforms': 'D:\\workspaces\\project-template-v3\\utils\\node_modules\\@babel\\core\\node_modules\\@babel\\.helper-module-transforms-IMEC5Ynt',
1132 silly reify   'D:\\workspaces\\project-template-v3\\utils\\node_modules\\@babel\\core\\node_modules\\@babel\\helper-validator-option': 'D:\\workspaces\\project-template-v3\\utils\\node_modules\\@babel\\core\\node_modules\\@babel\\.helper-validator-option-UbGXBWwO',
1132 silly reify   'D:\\workspaces\\project-template-v3\\utils\\node_modules\\@babel\\core\\node_modules\\@babel\\helper-module-imports': 'D:\\workspaces\\project-template-v3\\utils\\node_modules\\@babel\\core\\node_modules\\@babel\\.helper-module-imports-50BZeUWM',
1132 silly reify   'D:\\workspaces\\project-template-v3\\utils\\node_modules\\@babel\\helper-create-regexp-features-plugin': 'D:\\workspaces\\project-template-v3\\utils\\node_modules\\@babel\\.helper-create-regexp-features-plugin-syspZpgW',
1132 silly reify   'D:\\workspaces\\project-template-v3\\utils\\node_modules\\@babel\\helper-compilation-targets': 'D:\\workspaces\\project-template-v3\\utils\\node_modules\\@babel\\.helper-compilation-targets-LDdAfB2g',
1132 silly reify   'D:\\workspaces\\project-template-v3\\utils\\node_modules\\update-browserslist-db': 'D:\\workspaces\\project-template-v3\\utils\\node_modules\\.update-browserslist-db-DsEuFaJL',
1132 silly reify   'D:\\workspaces\\project-template-v3\\utils\\node_modules\\.bin\\update-browserslist-db': 'D:\\workspaces\\project-template-v3\\utils\\node_modules\\.bin\\.update-browserslist-db-NRzp4A64',
1132 silly reify   'D:\\workspaces\\project-template-v3\\utils\\node_modules\\.bin\\update-browserslist-db.cmd': 'D:\\workspaces\\project-template-v3\\utils\\node_modules\\.bin\\.update-browserslist-db.cmd-kJtMEWYQ',
1132 silly reify   'D:\\workspaces\\project-template-v3\\utils\\node_modules\\.bin\\update-browserslist-db.ps1': 'D:\\workspaces\\project-template-v3\\utils\\node_modules\\.bin\\.update-browserslist-db.ps1-PuKewcxp',
1132 silly reify   'D:\\workspaces\\project-template-v3\\utils\\node_modules\\@babel\\helper-member-expression-to-functions': 'D:\\workspaces\\project-template-v3\\utils\\node_modules\\@babel\\.helper-member-expression-to-functions-rDPAlZXg',
1132 silly reify   'D:\\workspaces\\project-template-v3\\utils\\node_modules\\@babel\\helper-module-imports': 'D:\\workspaces\\project-template-v3\\utils\\node_modules\\@babel\\.helper-module-imports-qoNn7BAw',
1132 silly reify   'D:\\workspaces\\project-template-v3\\utils\\node_modules\\@babel\\helper-create-class-features-plugin': 'D:\\workspaces\\project-template-v3\\utils\\node_modules\\@babel\\.helper-create-class-features-plugin-A6qDKh4x',
1132 silly reify   'D:\\workspaces\\project-template-v3\\utils\\node_modules\\@babel\\helper-globals': 'D:\\workspaces\\project-template-v3\\utils\\node_modules\\@babel\\.helper-globals-1wLyEaVJ',
1132 silly reify   'D:\\workspaces\\project-template-v3\\utils\\node_modules\\@babel\\helper-module-transforms': 'D:\\workspaces\\project-template-v3\\utils\\node_modules\\@babel\\.helper-module-transforms-m6YxBwpu',
1132 silly reify   'D:\\workspaces\\project-template-v3\\utils\\node_modules\\@babel\\helper-annotate-as-pure': 'D:\\workspaces\\project-template-v3\\utils\\node_modules\\@babel\\.helper-annotate-as-pure-wBE4i7mP',
1132 silly reify   'D:\\workspaces\\project-template-v3\\utils\\node_modules\\@babel\\helper-define-polyfill-provider': 'D:\\workspaces\\project-template-v3\\utils\\node_modules\\@babel\\.helper-define-polyfill-provider-xQNHLdlb',
1132 silly reify   'D:\\workspaces\\project-template-v3\\utils\\node_modules\\@babel\\helper-replace-supers': 'D:\\workspaces\\project-template-v3\\utils\\node_modules\\@babel\\.helper-replace-supers-1oCdwkx7',
1132 silly reify   'D:\\workspaces\\project-template-v3\\utils\\node_modules\\@babel\\helper-environment-visitor': 'D:\\workspaces\\project-template-v3\\utils\\node_modules\\@babel\\.helper-environment-visitor-OJq4nF1c',
1132 silly reify   'D:\\workspaces\\project-template-v3\\utils\\node_modules\\@babel\\helper-skip-transparent-expression-wrappers': 'D:\\workspaces\\project-template-v3\\utils\\node_modules\\@babel\\.helper-skip-transparent-expression-wrappers-LzwQFkad',
1132 silly reify   'D:\\workspaces\\project-template-v3\\utils\\node_modules\\@babel\\helper-optimise-call-expression': 'D:\\workspaces\\project-template-v3\\utils\\node_modules\\@babel\\.helper-optimise-call-expression-uNrT4Noq',
1132 silly reify   'D:\\workspaces\\project-template-v3\\utils\\node_modules\\@babel\\helper-remap-async-to-generator': 'D:\\workspaces\\project-template-v3\\utils\\node_modules\\@babel\\.helper-remap-async-to-generator-P2tOnkht',
1132 silly reify   'D:\\workspaces\\project-template-v3\\utils\\node_modules\\@babel\\helper-validator-option': 'D:\\workspaces\\project-template-v3\\utils\\node_modules\\@babel\\.helper-validator-option-vdBvsihE',
1132 silly reify   'D:\\workspaces\\project-template-v3\\utils\\node_modules\\@babel\\helper-string-parser': 'D:\\workspaces\\project-template-v3\\utils\\node_modules\\@babel\\.helper-string-parser-w8AIcZNj',
1132 silly reify   'D:\\workspaces\\project-template-v3\\utils\\node_modules\\@babel\\helper-validator-identifier': 'D:\\workspaces\\project-template-v3\\utils\\node_modules\\@babel\\.helper-validator-identifier-ErK8MBya',
1132 silly reify   'D:\\workspaces\\project-template-v3\\utils\\node_modules\\@babel\\plugin-bugfix-firefox-class-in-computed-class-key': 'D:\\workspaces\\project-template-v3\\utils\\node_modules\\@babel\\.plugin-bugfix-firefox-class-in-computed-class-key-JpEgf308',
1132 silly reify   'D:\\workspaces\\project-template-v3\\utils\\node_modules\\@babel\\helper-wrap-function': 'D:\\workspaces\\project-template-v3\\utils\\node_modules\\@babel\\.helper-wrap-function-MuahHL3O',
1132 silly reify   'D:\\workspaces\\project-template-v3\\utils\\node_modules\\@babel\\plugin-bugfix-safari-class-field-initializer-scope': 'D:\\workspaces\\project-template-v3\\utils\\node_modules\\@babel\\.plugin-bugfix-safari-class-field-initializer-scope-inRsMJDh',
1132 silly reify   'D:\\workspaces\\project-template-v3\\utils\\node_modules\\@babel\\helper-plugin-utils': 'D:\\workspaces\\project-template-v3\\utils\\node_modules\\@babel\\.helper-plugin-utils-jelIbwfw',
1132 silly reify   'D:\\workspaces\\project-template-v3\\utils\\node_modules\\@babel\\plugin-bugfix-safari-rest-destructuring-rhs-array': 'D:\\workspaces\\project-template-v3\\utils\\node_modules\\@babel\\.plugin-bugfix-safari-rest-destructuring-rhs-array-R8V51E3y',
1132 silly reify   'D:\\workspaces\\project-template-v3\\utils\\node_modules\\@babel\\generator': 'D:\\workspaces\\project-template-v3\\utils\\node_modules\\@babel\\.generator-Mjt6JlVP',
1132 silly reify   'D:\\workspaces\\project-template-v3\\utils\\node_modules\\@babel\\plugin-proposal-async-generator-functions': 'D:\\workspaces\\project-template-v3\\utils\\node_modules\\@babel\\.plugin-proposal-async-generator-functions-nQbuTBBv',
1132 silly reify   'D:\\workspaces\\project-template-v3\\utils\\node_modules\\@babel\\parser': 'D:\\workspaces\\project-template-v3\\utils\\node_modules\\@babel\\.parser-og6uvIDq',
1132 silly reify   'D:\\workspaces\\project-template-v3\\utils\\node_modules\\.bin\\parser': 'D:\\workspaces\\project-template-v3\\utils\\node_modules\\.bin\\.parser-jj9leCRX',
1132 silly reify   'D:\\workspaces\\project-template-v3\\utils\\node_modules\\.bin\\parser.cmd': 'D:\\workspaces\\project-template-v3\\utils\\node_modules\\.bin\\.parser.cmd-vvdVJCcq',
1132 silly reify   'D:\\workspaces\\project-template-v3\\utils\\node_modules\\.bin\\parser.ps1': 'D:\\workspaces\\project-template-v3\\utils\\node_modules\\.bin\\.parser.ps1-wmqKA6ha',
1132 silly reify   'D:\\workspaces\\project-template-v3\\utils\\node_modules\\@babel\\plugin-proposal-optional-chaining': 'D:\\workspaces\\project-template-v3\\utils\\node_modules\\@babel\\.plugin-proposal-optional-chaining-zezYyynJ',
1132 silly reify   'D:\\workspaces\\project-template-v3\\utils\\node_modules\\@babel\\plugin-bugfix-v8-static-class-fields-redefine-readonly': 'D:\\workspaces\\project-template-v3\\utils\\node_modules\\@babel\\.plugin-bugfix-v8-static-class-fields-redefine-readonly-fh5EyhoP',
1132 silly reify   'D:\\workspaces\\project-template-v3\\utils\\node_modules\\@babel\\plugin-proposal-logical-assignment-operators': 'D:\\workspaces\\project-template-v3\\utils\\node_modules\\@babel\\.plugin-proposal-logical-assignment-operators-Nmxezjb9',
1132 silly reify   'D:\\workspaces\\project-template-v3\\utils\\node_modules\\@babel\\plugin-bugfix-safari-id-destructuring-collision-in-function-expression': 'D:\\workspaces\\project-template-v3\\utils\\node_modules\\@babel\\.plugin-bugfix-safari-id-destructuring-collision-in-function-expression-T0cZjNGB',
1132 silly reify   'D:\\workspaces\\project-template-v3\\utils\\node_modules\\@babel\\plugin-syntax-async-generators': 'D:\\workspaces\\project-template-v3\\utils\\node_modules\\@babel\\.plugin-syntax-async-generators-2qqSvxfd',
1132 silly reify   'D:\\workspaces\\project-template-v3\\utils\\node_modules\\@babel\\plugin-bugfix-v8-spread-parameters-in-optional-chaining': 'D:\\workspaces\\project-template-v3\\utils\\node_modules\\@babel\\.plugin-bugfix-v8-spread-parameters-in-optional-chaining-z8YoZ5WN',
1132 silly reify   'D:\\workspaces\\project-template-v3\\utils\\node_modules\\@babel\\plugin-syntax-optional-chaining': 'D:\\workspaces\\project-template-v3\\utils\\node_modules\\@babel\\.plugin-syntax-optional-chaining-0iRXro8e',
1132 silly reify   'D:\\workspaces\\project-template-v3\\utils\\node_modules\\@babel\\plugin-proposal-nullish-coalescing-operator': 'D:\\workspaces\\project-template-v3\\utils\\node_modules\\@babel\\.plugin-proposal-nullish-coalescing-operator-2L30sYRZ',
1132 silly reify   'D:\\workspaces\\project-template-v3\\utils\\node_modules\\@babel\\plugin-transform-arrow-functions': 'D:\\workspaces\\project-template-v3\\utils\\node_modules\\@babel\\.plugin-transform-arrow-functions-KXZFDB2r',
1132 silly reify   'D:\\workspaces\\project-template-v3\\utils\\node_modules\\@babel\\plugin-syntax-logical-assignment-operators': 'D:\\workspaces\\project-template-v3\\utils\\node_modules\\@babel\\.plugin-syntax-logical-assignment-operators-vPgkwNnQ',
1132 silly reify   'D:\\workspaces\\project-template-v3\\utils\\node_modules\\@babel\\plugin-transform-block-scoped-functions': 'D:\\workspaces\\project-template-v3\\utils\\node_modules\\@babel\\.plugin-transform-block-scoped-functions-lDEpkJ3D',
1132 silly reify   'D:\\workspaces\\project-template-v3\\utils\\node_modules\\@babel\\plugin-syntax-nullish-coalescing-operator': 'D:\\workspaces\\project-template-v3\\utils\\node_modules\\@babel\\.plugin-syntax-nullish-coalescing-operator-n6k3aFuJ',
1132 silly reify   'D:\\workspaces\\project-template-v3\\utils\\node_modules\\@babel\\plugin-transform-class-properties': 'D:\\workspaces\\project-template-v3\\utils\\node_modules\\@babel\\.plugin-transform-class-properties-kMGKMSoB',
1132 silly reify   'D:\\workspaces\\project-template-v3\\utils\\node_modules\\@babel\\plugin-transform-async-generator-functions': 'D:\\workspaces\\project-template-v3\\utils\\node_modules\\@babel\\.plugin-transform-async-generator-functions-79iGAe6J',
1132 silly reify   'D:\\workspaces\\project-template-v3\\utils\\node_modules\\@babel\\plugin-transform-classes': 'D:\\workspaces\\project-template-v3\\utils\\node_modules\\@babel\\.plugin-transform-classes-HDmibmgo',
1132 silly reify   'D:\\workspaces\\project-template-v3\\utils\\node_modules\\@babel\\plugin-transform-block-scoping': 'D:\\workspaces\\project-template-v3\\utils\\node_modules\\@babel\\.plugin-transform-block-scoping-0nBrl4n7',
1132 silly reify   'D:\\workspaces\\project-template-v3\\utils\\node_modules\\@babel\\plugin-transform-dotall-regex': 'D:\\workspaces\\project-template-v3\\utils\\node_modules\\@babel\\.plugin-transform-dotall-regex-o0fyQzKn',
1132 silly reify   'D:\\workspaces\\project-template-v3\\utils\\node_modules\\@babel\\plugin-transform-async-to-generator': 'D:\\workspaces\\project-template-v3\\utils\\node_modules\\@babel\\.plugin-transform-async-to-generator-q5QqSeCR',
1132 silly reify   'D:\\workspaces\\project-template-v3\\utils\\node_modules\\@babel\\plugin-transform-duplicate-keys': 'D:\\workspaces\\project-template-v3\\utils\\node_modules\\@babel\\.plugin-transform-duplicate-keys-ywvwdDhZ',
1132 silly reify   'D:\\workspaces\\project-template-v3\\utils\\node_modules\\@babel\\plugin-transform-class-static-block': 'D:\\workspaces\\project-template-v3\\utils\\node_modules\\@babel\\.plugin-transform-class-static-block-wHAv7eBR',
1132 silly reify   'D:\\workspaces\\project-template-v3\\utils\\node_modules\\@babel\\plugin-transform-computed-properties': 'D:\\workspaces\\project-template-v3\\utils\\node_modules\\@babel\\.plugin-transform-computed-properties-5bBWJ9Rb',
1132 silly reify   'D:\\workspaces\\project-template-v3\\utils\\node_modules\\@babel\\plugin-transform-duplicate-named-capturing-groups-regex': 'D:\\workspaces\\project-template-v3\\utils\\node_modules\\@babel\\.plugin-transform-duplicate-named-capturing-groups-regex-yzbaF6Ai',
1132 silly reify   'D:\\workspaces\\project-template-v3\\utils\\node_modules\\@babel\\plugin-transform-destructuring': 'D:\\workspaces\\project-template-v3\\utils\\node_modules\\@babel\\.plugin-transform-destructuring-3pZNmTK4',
1132 silly reify   'D:\\workspaces\\project-template-v3\\utils\\node_modules\\@babel\\plugin-transform-for-of': 'D:\\workspaces\\project-template-v3\\utils\\node_modules\\@babel\\.plugin-transform-for-of-yxi7AvsM',
1132 silly reify   'D:\\workspaces\\project-template-v3\\utils\\node_modules\\@babel\\plugin-transform-dynamic-import': 'D:\\workspaces\\project-template-v3\\utils\\node_modules\\@babel\\.plugin-transform-dynamic-import-rIXFkOGm',
1132 silly reify   'D:\\workspaces\\project-template-v3\\utils\\node_modules\\@babel\\plugin-transform-function-name': 'D:\\workspaces\\project-template-v3\\utils\\node_modules\\@babel\\.plugin-transform-function-name-4FauF7Lj',
1132 silly reify   'D:\\workspaces\\project-template-v3\\utils\\node_modules\\@babel\\plugin-transform-explicit-resource-management': 'D:\\workspaces\\project-template-v3\\utils\\node_modules\\@babel\\.plugin-transform-explicit-resource-management-gnZqKQbl',
1132 silly reify   'D:\\workspaces\\project-template-v3\\utils\\node_modules\\@babel\\plugin-transform-logical-assignment-operators': 'D:\\workspaces\\project-template-v3\\utils\\node_modules\\@babel\\.plugin-transform-logical-assignment-operators-VR2DUVpD',
1132 silly reify   'D:\\workspaces\\project-template-v3\\utils\\node_modules\\@babel\\plugin-transform-export-namespace-from': 'D:\\workspaces\\project-template-v3\\utils\\node_modules\\@babel\\.plugin-transform-export-namespace-from-5dWsxemM',
1132 silly reify   'D:\\workspaces\\project-template-v3\\utils\\node_modules\\@babel\\plugin-transform-member-expression-literals': 'D:\\workspaces\\project-template-v3\\utils\\node_modules\\@babel\\.plugin-transform-member-expression-literals-ukAV07x5',
1132 silly reify   'D:\\workspaces\\project-template-v3\\utils\\node_modules\\@babel\\plugin-transform-exponentiation-operator': 'D:\\workspaces\\project-template-v3\\utils\\node_modules\\@babel\\.plugin-transform-exponentiation-operator-JF9fC518',
1132 silly reify   'D:\\workspaces\\project-template-v3\\utils\\node_modules\\@babel\\plugin-transform-modules-commonjs': 'D:\\workspaces\\project-template-v3\\utils\\node_modules\\@babel\\.plugin-transform-modules-commonjs-6ll3BH8G',
1132 silly reify   'D:\\workspaces\\project-template-v3\\utils\\node_modules\\@babel\\plugin-transform-numeric-separator': 'D:\\workspaces\\project-template-v3\\utils\\node_modules\\@babel\\.plugin-transform-numeric-separator-rDE1ti9K',
1132 silly reify   'D:\\workspaces\\project-template-v3\\utils\\node_modules\\@babel\\plugin-transform-literals': 'D:\\workspaces\\project-template-v3\\utils\\node_modules\\@babel\\.plugin-transform-literals-rI4mY92S',
1132 silly reify   'D:\\workspaces\\project-template-v3\\utils\\node_modules\\@babel\\plugin-transform-modules-umd': 'D:\\workspaces\\project-template-v3\\utils\\node_modules\\@babel\\.plugin-transform-modules-umd-dGsJe62v',
1132 silly reify   'D:\\workspaces\\project-template-v3\\utils\\node_modules\\@babel\\plugin-transform-modules-systemjs': 'D:\\workspaces\\project-template-v3\\utils\\node_modules\\@babel\\.plugin-transform-modules-systemjs-wagSv5I7',
1132 silly reify   'D:\\workspaces\\project-template-v3\\utils\\node_modules\\@babel\\plugin-transform-named-capturing-groups-regex': 'D:\\workspaces\\project-template-v3\\utils\\node_modules\\@babel\\.plugin-transform-named-capturing-groups-regex-7kB8IC4H',
1132 silly reify   'D:\\workspaces\\project-template-v3\\utils\\node_modules\\@babel\\plugin-transform-json-strings': 'D:\\workspaces\\project-template-v3\\utils\\node_modules\\@babel\\.plugin-transform-json-strings-yq7eHVjR',
1132 silly reify   'D:\\workspaces\\project-template-v3\\utils\\node_modules\\@babel\\plugin-transform-object-rest-spread': 'D:\\workspaces\\project-template-v3\\utils\\node_modules\\@babel\\.plugin-transform-object-rest-spread-l3TbBDjL',
1132 silly reify   'D:\\workspaces\\project-template-v3\\utils\\node_modules\\@babel\\plugin-transform-modules-amd': 'D:\\workspaces\\project-template-v3\\utils\\node_modules\\@babel\\.plugin-transform-modules-amd-wEC6aHJq',
1132 silly reify   'D:\\workspaces\\project-template-v3\\utils\\node_modules\\@babel\\plugin-transform-optional-chaining': 'D:\\workspaces\\project-template-v3\\utils\\node_modules\\@babel\\.plugin-transform-optional-chaining-YPWt3Uzh',
1132 silly reify   'D:\\workspaces\\project-template-v3\\utils\\node_modules\\@babel\\plugin-transform-new-target': 'D:\\workspaces\\project-template-v3\\utils\\node_modules\\@babel\\.plugin-transform-new-target-RK6OwxTR',
1132 silly reify   'D:\\workspaces\\project-template-v3\\utils\\node_modules\\@babel\\plugin-transform-parameters': 'D:\\workspaces\\project-template-v3\\utils\\node_modules\\@babel\\.plugin-transform-parameters-kx5JOlPk',
1132 silly reify   'D:\\workspaces\\project-template-v3\\utils\\node_modules\\@babel\\plugin-transform-nullish-coalescing-operator': 'D:\\workspaces\\project-template-v3\\utils\\node_modules\\@babel\\.plugin-transform-nullish-coalescing-operator-OrNwsWnc',
1132 silly reify   'D:\\workspaces\\project-template-v3\\utils\\node_modules\\@babel\\plugin-transform-property-literals': 'D:\\workspaces\\project-template-v3\\utils\\node_modules\\@babel\\.plugin-transform-property-literals-vtKk4Ew6',
1132 silly reify   'D:\\workspaces\\project-template-v3\\utils\\node_modules\\@babel\\plugin-transform-object-super': 'D:\\workspaces\\project-template-v3\\utils\\node_modules\\@babel\\.plugin-transform-object-super-SSQr6zVl',
1132 silly reify   'D:\\workspaces\\project-template-v3\\utils\\node_modules\\@babel\\plugin-transform-private-methods': 'D:\\workspaces\\project-template-v3\\utils\\node_modules\\@babel\\.plugin-transform-private-methods-G1dWWilY',
1132 silly reify   'D:\\workspaces\\project-template-v3\\utils\\node_modules\\@babel\\plugin-transform-optional-catch-binding': 'D:\\workspaces\\project-template-v3\\utils\\node_modules\\@babel\\.plugin-transform-optional-catch-binding-Ahv2UbBc',
1132 silly reify   'D:\\workspaces\\project-template-v3\\utils\\node_modules\\@babel\\plugin-transform-runtime': 'D:\\workspaces\\project-template-v3\\utils\\node_modules\\@babel\\.plugin-transform-runtime-2qgRw2KT',
1132 silly reify   'D:\\workspaces\\project-template-v3\\utils\\node_modules\\@babel\\plugin-transform-private-property-in-object': 'D:\\workspaces\\project-template-v3\\utils\\node_modules\\@babel\\.plugin-transform-private-property-in-object-wv1mDS4B',
1132 silly reify   'D:\\workspaces\\project-template-v3\\utils\\node_modules\\@babel\\plugin-transform-shorthand-properties': 'D:\\workspaces\\project-template-v3\\utils\\node_modules\\@babel\\.plugin-transform-shorthand-properties-gs5mWjZc',
1132 silly reify   'D:\\workspaces\\project-template-v3\\utils\\node_modules\\@babel\\plugin-transform-regenerator': 'D:\\workspaces\\project-template-v3\\utils\\node_modules\\@babel\\.plugin-transform-regenerator-jhYO1OIY',
1132 silly reify   'D:\\workspaces\\project-template-v3\\utils\\node_modules\\@babel\\plugin-transform-sticky-regex': 'D:\\workspaces\\project-template-v3\\utils\\node_modules\\@babel\\.plugin-transform-sticky-regex-j4bTReBC',
1132 silly reify   'D:\\workspaces\\project-template-v3\\utils\\node_modules\\@babel\\plugin-transform-regexp-modifiers': 'D:\\workspaces\\project-template-v3\\utils\\node_modules\\@babel\\.plugin-transform-regexp-modifiers-FMnLsWGi',
1132 silly reify   'D:\\workspaces\\project-template-v3\\utils\\node_modules\\@babel\\plugin-transform-reserved-words': 'D:\\workspaces\\project-template-v3\\utils\\node_modules\\@babel\\.plugin-transform-reserved-words-lrnTC1Mp',
1132 silly reify   'D:\\workspaces\\project-template-v3\\utils\\node_modules\\@babel\\plugin-transform-typeof-symbol': 'D:\\workspaces\\project-template-v3\\utils\\node_modules\\@babel\\.plugin-transform-typeof-symbol-VA5JyhZY',
1132 silly reify   'D:\\workspaces\\project-template-v3\\utils\\node_modules\\@babel\\plugin-transform-spread': 'D:\\workspaces\\project-template-v3\\utils\\node_modules\\@babel\\.plugin-transform-spread-z9VsGuLD',
1132 silly reify   'D:\\workspaces\\project-template-v3\\utils\\node_modules\\@babel\\plugin-transform-unicode-escapes': 'D:\\workspaces\\project-template-v3\\utils\\node_modules\\@babel\\.plugin-transform-unicode-escapes-G41F9E3K',
1132 silly reify   'D:\\workspaces\\project-template-v3\\utils\\node_modules\\@babel\\plugin-transform-template-literals': 'D:\\workspaces\\project-template-v3\\utils\\node_modules\\@babel\\.plugin-transform-template-literals-TUX3cSqK',
1132 silly reify   'D:\\workspaces\\project-template-v3\\utils\\node_modules\\@babel\\preset-env': 'D:\\workspaces\\project-template-v3\\utils\\node_modules\\@babel\\.preset-env-yJbnHs7s',
1132 silly reify   'D:\\workspaces\\project-template-v3\\utils\\node_modules\\@babel\\plugin-transform-unicode-sets-regex': 'D:\\workspaces\\project-template-v3\\utils\\node_modules\\@babel\\.plugin-transform-unicode-sets-regex-qukD2nkG',
1132 silly reify   'D:\\workspaces\\project-template-v3\\utils\\node_modules\\@babel\\plugin-transform-unicode-property-regex': 'D:\\workspaces\\project-template-v3\\utils\\node_modules\\@babel\\.plugin-transform-unicode-property-regex-SQLeqFeU',
1132 silly reify   'D:\\workspaces\\project-template-v3\\utils\\node_modules\\@babel\\preset-modules': 'D:\\workspaces\\project-template-v3\\utils\\node_modules\\@babel\\.preset-modules-XpOiHMgA',
1132 silly reify   'D:\\workspaces\\project-template-v3\\utils\\node_modules\\@babel\\template': 'D:\\workspaces\\project-template-v3\\utils\\node_modules\\@babel\\.template-euYd3RIF',
1132 silly reify   'D:\\workspaces\\project-template-v3\\utils\\node_modules\\@babel\\plugin-transform-unicode-regex': 'D:\\workspaces\\project-template-v3\\utils\\node_modules\\@babel\\.plugin-transform-unicode-regex-ZCBytPsq',
1132 silly reify   'D:\\workspaces\\project-template-v3\\utils\\node_modules\\@babel\\types': 'D:\\workspaces\\project-template-v3\\utils\\node_modules\\@babel\\.types-88nrNIZh',
1132 silly reify   'D:\\workspaces\\project-template-v3\\utils\\node_modules\\@babel\\traverse': 'D:\\workspaces\\project-template-v3\\utils\\node_modules\\@babel\\.traverse-t9NuGSDr',
1132 silly reify   'D:\\workspaces\\project-template-v3\\utils\\node_modules\\@jridgewell\\trace-mapping': 'D:\\workspaces\\project-template-v3\\utils\\node_modules\\@jridgewell\\.trace-mapping-38urcxg9',
1132 silly reify   'D:\\workspaces\\project-template-v3\\utils\\node_modules\\@types\\jsesc': 'D:\\workspaces\\project-template-v3\\utils\\node_modules\\@types\\.jsesc-lNR93vmY'
1132 silly reify }
1133 silly audit bulk request {
1133 silly audit   'array-union': [ '2.1.0' ],
1133 silly audit   braces: [ '3.0.3' ],
1133 silly audit   'brace-expansion': [ '1.1.11' ],
1133 silly audit   colorette: [ '1.4.0' ],
1133 silly audit   'convert-source-map': [ '2.0.0' ],
1133 silly audit   'decimal.js': [ '10.4.3' ],
1133 silly audit   'dir-glob': [ '3.0.1' ],
1133 silly audit   'concat-map': [ '0.0.1' ],
1133 silly audit   esbuild: [ '0.18.20' ],
1133 silly audit   'fast-glob': [ '3.3.2' ],
1133 silly audit   'estree-walker': [ '2.0.2' ],
1133 silly audit   fastq: [ '1.17.1' ],
1133 silly audit   'fs-extra': [ '8.1.0' ],
1133 silly audit   gensync: [ '1.0.0-beta.2' ],
1133 silly audit   'fill-range': [ '7.1.1' ],
1133 silly audit   'fs.realpath': [ '1.0.0' ],
1133 silly audit   glob: [ '7.2.3' ],
1133 silly audit   globals: [ '11.12.0' ],
1133 silly audit   'glob-parent': [ '5.1.2' ],
1133 silly audit   'graceful-fs': [ '4.2.11' ],
1133 silly audit   inherits: [ '2.0.4' ],
1133 silly audit   inflight: [ '1.0.6' ],
1133 silly audit   globby: [ '10.0.1' ],
1133 silly audit   'js-tokens': [ '4.0.0' ],
1133 silly audit   'is-plain-object': [ '3.0.1' ],
1133 silly audit   'is-extglob': [ '2.1.1' ],
1133 silly audit   'is-number': [ '7.0.0' ],
1133 silly audit   json5: [ '2.2.3' ],
1133 silly audit   ignore: [ '5.3.2' ],
1133 silly audit   merge2: [ '1.4.1' ],
1133 silly audit   lodash: [ '4.17.21' ],
1133 silly audit   jsonfile: [ '4.0.0' ],
1133 silly audit   micromatch: [ '4.0.8' ],
1133 silly audit   picomatch: [ '2.3.1', '4.0.2' ],
1133 silly audit   minimatch: [ '3.1.2' ],
1133 silly audit   ms: [ '2.1.3' ],
1133 silly audit   nanoid: [ '3.3.7' ],
1133 silly audit   'balanced-match': [ '1.0.2' ],
1133 silly audit   once: [ '1.4.0' ],
1133 silly audit   'path-is-absolute': [ '1.0.1' ],
1133 silly audit   'path-type': [ '4.0.0' ],
1133 silly audit   picocolors: [ '1.1.1' ],
1133 silly audit   postcss: [ '8.4.47' ],
1133 silly audit   'queue-microtask': [ '1.2.3' ],
1133 silly audit   'is-glob': [ '4.0.3' ],
1133 silly audit   'rollup-plugin-copy': [ '3.5.0' ],
1133 silly audit   'run-parallel': [ '1.2.0' ],
1133 silly audit   semver: [ '6.3.1' ],
1133 silly audit   rollup: [ '3.29.5' ],
1133 silly audit   reusify: [ '1.0.4' ],
1133 silly audit   'source-map-js': [ '1.2.1' ],
1133 silly audit   'to-regex-range': [ '5.0.1' ],
1133 silly audit   universalify: [ '0.1.2' ],
1133 silly audit   slash: [ '3.0.0' ],
1133 silly audit   'undici-types': [ '6.19.8' ],
1133 silly audit   vite: [ '4.5.5' ],
1133 silly audit   wrappy: [ '1.0.2' ],
1133 silly audit   '@ampproject/remapping': [ '2.3.0' ],
1133 silly audit   '@jridgewell/gen-mapping': [ '0.3.5', '0.3.13' ],
1133 silly audit   '@babel/code-frame': [ '7.29.7' ],
1133 silly audit   '@babel/helper-validator-identifier': [ '7.25.9', '7.29.7' ],
1133 silly audit   '@babel/compat-data': [ '7.29.7' ],
1133 silly audit   '@babel/generator': [ '7.29.8' ],
1133 silly audit   '@babel/helper-string-parser': [ '7.25.9', '7.29.7' ],
1133 silly audit   '@babel/types': [ '7.26.0', '7.29.8' ],
1133 silly audit   '@babel/helper-annotate-as-pure': [ '7.29.7' ],
1133 silly audit   '@babel/core': [ '7.26.0' ],
1133 silly audit   '@babel/helper-module-imports': [ '7.25.9', '7.29.7' ],
1133 silly audit   '@babel/helper-compilation-targets': [ '7.29.7' ],
1133 silly audit   '@babel/helper-module-transforms': [ '7.29.7' ],
1133 silly audit   '@babel/traverse': [ '7.25.9', '7.29.8' ],
1133 silly audit   '@babel/helper-globals': [ '7.29.7' ],
1133 silly audit   '@babel/helper-plugin-utils': [ '7.29.7' ],
1133 silly audit   '@babel/parser': [ '7.29.8' ],
1133 silly audit   '@babel/template': [ '7.29.7' ],
1133 silly audit   '@jridgewell/trace-mapping': [ '0.3.31' ],
1133 silly audit   '@jridgewell/sourcemap-codec': [ '1.5.5', '1.5.0' ],
1133 silly audit   '@babel/helper-skip-transparent-expression-wrappers': [ '7.29.7' ],
1133 silly audit   '@babel/helpers': [ '7.26.0' ],
1133 silly audit   '@esbuild/win32-x64': [ '0.18.20' ],
1133 silly audit   '@jridgewell/resolve-uri': [ '3.1.2' ],
1133 silly audit   '@nodelib/fs.stat': [ '2.0.5' ],
1133 silly audit   '@jridgewell/set-array': [ '1.2.1' ],
1133 silly audit   '@nodelib/fs.scandir': [ '2.1.5' ],
1133 silly audit   '@rollup/plugin-babel': [ '6.0.4' ],
1133 silly audit   '@types/fs-extra': [ '8.1.5' ],
1133 silly audit   '@rollup/pluginutils': [ '5.1.3' ],
1133 silly audit   '@nodelib/fs.walk': [ '1.2.8' ],
1133 silly audit   '@types/estree': [ '1.0.6' ],
1133 silly audit   '@types/glob': [ '7.2.0' ],
1133 silly audit   '@types/minimatch': [ '5.1.2' ],
1133 silly audit   '@types/node': [ '22.9.0' ],
1133 silly audit   '@babel/preset-env': [ '7.29.7' ],
1133 silly audit   '@babel/helper-validator-option': [ '7.29.7' ],
1133 silly audit   '@babel/plugin-bugfix-firefox-class-in-computed-class-key': [ '7.29.7' ],
1133 silly audit   '@babel/plugin-bugfix-safari-class-field-initializer-scope': [ '7.29.7' ],
1133 silly audit   '@babel/plugin-bugfix-safari-id-destructuring-collision-in-function-expression': [ '7.29.7' ],
1133 silly audit   '@babel/plugin-bugfix-safari-rest-destructuring-rhs-array': [ '7.29.7' ],
1133 silly audit   '@babel/plugin-bugfix-v8-spread-parameters-in-optional-chaining': [ '7.29.7' ],
1133 silly audit   '@babel/plugin-bugfix-v8-static-class-fields-redefine-readonly': [ '7.29.7' ],
1133 silly audit   '@babel/plugin-proposal-private-property-in-object': [ '7.21.0-placeholder-for-preset-env.2' ],
1133 silly audit   '@babel/plugin-syntax-import-assertions': [ '7.29.7' ],
1133 silly audit   '@babel/plugin-syntax-import-attributes': [ '7.29.7' ],
1133 silly audit   '@babel/plugin-syntax-unicode-sets-regex': [ '7.18.6' ],
1133 silly audit   '@babel/plugin-transform-arrow-functions': [ '7.29.7' ],
1133 silly audit   '@babel/plugin-transform-async-generator-functions': [ '7.29.7' ],
1133 silly audit   '@babel/plugin-transform-async-to-generator': [ '7.29.7' ],
1133 silly audit   '@babel/plugin-transform-block-scoped-functions': [ '7.29.7' ],
1133 silly audit   '@babel/plugin-transform-block-scoping': [ '7.29.7' ],
1133 silly audit   '@babel/plugin-transform-class-properties': [ '7.29.7' ],
1133 silly audit   '@babel/plugin-transform-class-static-block': [ '7.29.7' ],
1133 silly audit   '@babel/plugin-transform-classes': [ '7.29.7' ],
1133 silly audit   '@babel/plugin-transform-computed-properties': [ '7.29.7' ],
1133 silly audit   '@babel/plugin-transform-destructuring': [ '7.29.7' ],
1133 silly audit   '@babel/plugin-transform-dotall-regex': [ '7.29.7' ],
1133 silly audit   '@babel/plugin-transform-duplicate-keys': [ '7.29.7' ],
1133 silly audit   '@babel/plugin-transform-duplicate-named-capturing-groups-regex': [ '7.29.7' ],
1133 silly audit   '@babel/plugin-transform-dynamic-import': [ '7.29.7' ],
1133 silly audit   '@babel/plugin-transform-explicit-resource-management': [ '7.29.7' ],
1133 silly audit   '@babel/plugin-transform-exponentiation-operator': [ '7.29.7' ],
1133 silly audit   '@babel/plugin-transform-export-namespace-from': [ '7.29.7' ],
1133 silly audit   '@babel/plugin-transform-for-of': [ '7.29.7' ],
1133 silly audit   '@babel/plugin-transform-function-name': [ '7.29.7' ],
1133 silly audit   '@babel/plugin-transform-json-strings': [ '7.29.7' ],
1133 silly audit   '@babel/plugin-transform-literals': [ '7.29.7' ],
1133 silly audit   '@babel/plugin-transform-logical-assignment-operators': [ '7.29.7' ],
1133 silly audit   '@babel/plugin-transform-member-expression-literals': [ '7.29.7' ],
1133 silly audit   '@babel/plugin-transform-modules-amd': [ '7.29.7' ],
1133 silly audit   '@babel/plugin-transform-modules-commonjs': [ '7.29.7' ],
1133 silly audit   '@babel/plugin-transform-modules-systemjs': [ '7.29.8' ],
1133 silly audit   '@babel/plugin-transform-modules-umd': [ '7.29.7' ],
1133 silly audit   '@babel/plugin-transform-named-capturing-groups-regex': [ '7.29.7' ],
1133 silly audit   '@babel/plugin-transform-new-target': [ '7.29.7' ],
1133 silly audit   '@babel/plugin-transform-nullish-coalescing-operator': [ '7.29.7' ],
1133 silly audit   '@babel/plugin-transform-numeric-separator': [ '7.29.7' ],
1133 silly audit   '@babel/plugin-transform-object-rest-spread': [ '7.29.7' ],
1133 silly audit   '@babel/plugin-transform-object-super': [ '7.29.7' ],
1133 silly audit   '@babel/plugin-transform-optional-catch-binding': [ '7.29.7' ],
1133 silly audit   '@babel/plugin-transform-optional-chaining': [ '7.29.7' ],
1133 silly audit   '@babel/plugin-transform-parameters': [ '7.29.7' ],
1133 silly audit   '@babel/plugin-transform-private-methods': [ '7.29.7' ],
1133 silly audit   '@babel/plugin-transform-private-property-in-object': [ '7.29.7' ],
1133 silly audit   '@babel/plugin-transform-property-literals': [ '7.29.7' ],
1133 silly audit   '@babel/plugin-transform-regenerator': [ '7.29.8' ],
1133 silly audit   '@babel/plugin-transform-regexp-modifiers': [ '7.29.7' ],
1133 silly audit   '@babel/plugin-transform-reserved-words': [ '7.29.7' ],
1133 silly audit   '@babel/plugin-transform-shorthand-properties': [ '7.29.7' ],
1133 silly audit   '@babel/plugin-transform-spread': [ '7.29.8' ],
1133 silly audit   '@babel/plugin-transform-sticky-regex': [ '7.29.7' ],
1133 silly audit   '@babel/plugin-transform-template-literals': [ '7.29.7' ],
1133 silly audit   '@babel/plugin-transform-typeof-symbol': [ '7.29.7' ],
1133 silly audit   '@babel/plugin-transform-unicode-escapes': [ '7.29.7' ],
1133 silly audit   '@babel/plugin-transform-unicode-property-regex': [ '7.29.7' ],
1133 silly audit   '@babel/plugin-transform-unicode-regex': [ '7.29.7' ],
1133 silly audit   '@babel/plugin-transform-unicode-sets-regex': [ '7.29.7' ],
1133 silly audit   '@babel/preset-modules': [ '0.1.6-no-external-plugins' ],
1133 silly audit   'babel-plugin-polyfill-corejs2': [ '0.4.17' ],
1133 silly audit   'babel-plugin-polyfill-corejs3': [ '0.14.2' ],
1133 silly audit   'babel-plugin-polyfill-regenerator': [ '0.6.8' ],
1133 silly audit   'core-js-compat': [ '3.50.0' ],
1133 silly audit   'lru-cache': [ '5.1.1' ],
1133 silly audit   '@babel/helper-create-regexp-features-plugin': [ '7.29.7' ],
1133 silly audit   'regexpu-core': [ '6.4.0' ],
1133 silly audit   '@babel/helper-remap-async-to-generator': [ '7.29.7' ],
1133 silly audit   '@babel/helper-wrap-function': [ '7.29.7' ],
1133 silly audit   '@babel/helper-create-class-features-plugin': [ '7.29.7' ],
1133 silly audit   '@babel/helper-member-expression-to-functions': [ '7.29.7' ],
1133 silly audit   '@babel/helper-optimise-call-expression': [ '7.29.7' ],
1133 silly audit   '@babel/helper-replace-supers': [ '7.29.7' ],
1133 silly audit   esutils: [ '2.0.3' ],
1133 silly audit   '@babel/helper-define-polyfill-provider': [ '0.6.8' ],
1133 silly audit   debug: [ '4.4.3' ],
1133 silly audit   'lodash.debounce': [ '4.0.8' ],
1133 silly audit   resolve: [ '1.22.12' ],
1133 silly audit   browserslist: [ '4.28.8' ],
1133 silly audit   'baseline-browser-mapping': [ '2.11.18' ],
1133 silly audit   'caniuse-lite': [ '1.0.30001809' ],
1133 silly audit   'electron-to-chromium': [ '1.5.412' ],
1133 silly audit   'node-releases': [ '2.0.53' ],
1133 silly audit   'update-browserslist-db': [ '1.3.1' ],
1133 silly audit   '@esbuild/android-arm': [ '0.18.20' ],
1133 silly audit   '@esbuild/android-arm64': [ '0.18.20' ],
1133 silly audit   '@esbuild/android-x64': [ '0.18.20' ],
1133 silly audit   '@esbuild/darwin-arm64': [ '0.18.20' ],
1133 silly audit   '@esbuild/darwin-x64': [ '0.18.20' ],
1133 silly audit   '@esbuild/freebsd-arm64': [ '0.18.20' ],
1133 silly audit   '@esbuild/freebsd-x64': [ '0.18.20' ],
1133 silly audit   '@esbuild/linux-arm': [ '0.18.20' ],
1133 silly audit   '@esbuild/linux-arm64': [ '0.18.20' ],
1133 silly audit   '@esbuild/linux-ia32': [ '0.18.20' ],
1133 silly audit   '@esbuild/linux-loong64': [ '0.18.20' ],
1133 silly audit   '@esbuild/linux-mips64el': [ '0.18.20' ],
1133 silly audit   '@esbuild/linux-ppc64': [ '0.18.20' ],
1133 silly audit   '@esbuild/linux-riscv64': [ '0.18.20' ],
1133 silly audit   '@esbuild/linux-s390x': [ '0.18.20' ],
1133 silly audit   '@esbuild/linux-x64': [ '0.18.20' ],
1133 silly audit   '@esbuild/netbsd-x64': [ '0.18.20' ],
1133 silly audit   '@esbuild/openbsd-x64': [ '0.18.20' ],
1133 silly audit   '@esbuild/sunos-x64': [ '0.18.20' ],
1133 silly audit   '@esbuild/win32-arm64': [ '0.18.20' ],
1133 silly audit   '@esbuild/win32-ia32': [ '0.18.20' ],
1133 silly audit   yallist: [ '3.1.1' ],
1133 silly audit   regenerate: [ '1.4.2' ],
1133 silly audit   'regenerate-unicode-properties': [ '10.2.2' ],
1133 silly audit   regjsgen: [ '0.8.0' ],
1133 silly audit   regjsparser: [ '0.13.2' ],
1133 silly audit   'unicode-match-property-ecmascript': [ '2.0.0' ],
1133 silly audit   'unicode-match-property-value-ecmascript': [ '2.2.1' ],
1133 silly audit   jsesc: [ '3.1.0' ],
1133 silly audit   'es-errors': [ '1.3.0' ],
1133 silly audit   'is-core-module': [ '2.16.2' ],
1133 silly audit   'path-parse': [ '1.0.7' ],
1133 silly audit   'supports-preserve-symlinks-flag': [ '1.0.0' ],
1133 silly audit   hasown: [ '2.0.4' ],
1133 silly audit   'function-bind': [ '1.1.2' ],
1133 silly audit   fsevents: [ '2.3.3' ],
1133 silly audit   'unicode-canonical-property-names-ecmascript': [ '2.0.1' ],
1133 silly audit   'unicode-property-aliases-ecmascript': [ '2.2.0' ],
1133 silly audit   escalade: [ '3.2.0' ]
1133 silly audit }
1134 http cache regjsparser@https://registry.npmjs.org/regjsparser/-/regjsparser-0.13.2.tgz 0ms (cache hit)
1135 http cache hasown@https://registry.npmjs.org/hasown/-/hasown-2.0.4.tgz 0ms (cache hit)
1136 http cache function-bind@https://registry.npmjs.org/function-bind/-/function-bind-1.1.2.tgz 0ms (cache hit)
1137 http cache supports-preserve-symlinks-flag@https://registry.npmjs.org/supports-preserve-symlinks-flag/-/supports-preserve-symlinks-flag-1.0.0.tgz 0ms (cache hit)
1138 http cache es-errors@https://registry.npmjs.org/es-errors/-/es-errors-1.3.0.tgz 0ms (cache hit)
1139 http cache path-parse@https://registry.npmjs.org/path-parse/-/path-parse-1.0.7.tgz 0ms (cache hit)
1140 http cache resolve@https://registry.npmjs.org/resolve/-/resolve-1.22.12.tgz 0ms (cache hit)
1141 http cache is-core-module@https://registry.npmjs.org/is-core-module/-/is-core-module-2.16.2.tgz 0ms (cache hit)
1142 http cache babel-plugin-polyfill-corejs2@https://registry.npmjs.org/babel-plugin-polyfill-corejs2/-/babel-plugin-polyfill-corejs2-0.4.17.tgz 0ms (cache hit)
1143 http cache babel-plugin-polyfill-regenerator@https://registry.npmjs.org/babel-plugin-polyfill-regenerator/-/babel-plugin-polyfill-regenerator-0.6.8.tgz 0ms (cache hit)
1144 http cache @jridgewell/trace-mapping@https://registry.npmjs.org/@jridgewell/trace-mapping/-/trace-mapping-0.3.31.tgz 0ms (cache hit)
1145 http cache @babel/plugin-syntax-unicode-sets-regex@https://registry.npmjs.org/@babel/plugin-syntax-unicode-sets-regex/-/plugin-syntax-unicode-sets-regex-7.18.6.tgz 0ms (cache hit)
1146 http cache @babel/plugin-proposal-private-property-in-object@https://registry.npmjs.org/@babel/plugin-proposal-private-property-in-object/-/plugin-proposal-private-property-in-object-7.21.0-placeholder-for-preset-env.2.tgz 0ms (cache hit)
1147 http cache @babel/plugin-transform-unicode-regex@https://registry.npmjs.org/@babel/plugin-transform-unicode-regex/-/plugin-transform-unicode-regex-7.29.7.tgz 0ms (cache hit)
1148 http cache @babel/plugin-syntax-import-attributes@https://registry.npmjs.org/@babel/plugin-syntax-import-attributes/-/plugin-syntax-import-attributes-7.29.7.tgz 0ms (cache hit)
1149 http cache @babel/plugin-syntax-import-assertions@https://registry.npmjs.org/@babel/plugin-syntax-import-assertions/-/plugin-syntax-import-assertions-7.29.7.tgz 0ms (cache hit)
1150 http cache @babel/preset-modules@https://registry.npmjs.org/@babel/preset-modules/-/preset-modules-0.1.6-no-external-plugins.tgz 0ms (cache hit)
1151 http cache @babel/plugin-transform-unicode-property-regex@https://registry.npmjs.org/@babel/plugin-transform-unicode-property-regex/-/plugin-transform-unicode-property-regex-7.29.7.tgz 0ms (cache hit)
1152 http cache @babel/preset-env@https://registry.npmjs.org/@babel/preset-env/-/preset-env-7.29.7.tgz 0ms (cache hit)
1153 http cache @babel/template@https://registry.npmjs.org/@babel/template/-/template-7.29.7.tgz 0ms (cache hit)
1154 http cache @babel/plugin-transform-unicode-sets-regex@https://registry.npmjs.org/@babel/plugin-transform-unicode-sets-regex/-/plugin-transform-unicode-sets-regex-7.29.7.tgz 0ms (cache hit)
1155 http cache @babel/plugin-transform-template-literals@https://registry.npmjs.org/@babel/plugin-transform-template-literals/-/plugin-transform-template-literals-7.29.7.tgz 0ms (cache hit)
1156 http cache @babel/plugin-transform-unicode-escapes@https://registry.npmjs.org/@babel/plugin-transform-unicode-escapes/-/plugin-transform-unicode-escapes-7.29.7.tgz 0ms (cache hit)
1157 http cache @babel/plugin-transform-spread@https://registry.npmjs.org/@babel/plugin-transform-spread/-/plugin-transform-spread-7.29.8.tgz 0ms (cache hit)
1158 http cache @babel/plugin-transform-typeof-symbol@https://registry.npmjs.org/@babel/plugin-transform-typeof-symbol/-/plugin-transform-typeof-symbol-7.29.7.tgz 0ms (cache hit)
1159 http cache @babel/plugin-transform-regexp-modifiers@https://registry.npmjs.org/@babel/plugin-transform-regexp-modifiers/-/plugin-transform-regexp-modifiers-7.29.7.tgz 0ms (cache hit)
1160 http cache @babel/plugin-transform-reserved-words@https://registry.npmjs.org/@babel/plugin-transform-reserved-words/-/plugin-transform-reserved-words-7.29.7.tgz 0ms (cache hit)
1161 http cache @babel/plugin-transform-sticky-regex@https://registry.npmjs.org/@babel/plugin-transform-sticky-regex/-/plugin-transform-sticky-regex-7.29.7.tgz 0ms (cache hit)
1162 http cache @babel/plugin-transform-regenerator@https://registry.npmjs.org/@babel/plugin-transform-regenerator/-/plugin-transform-regenerator-7.29.8.tgz 0ms (cache hit)
1163 http cache @babel/plugin-transform-private-property-in-object@https://registry.npmjs.org/@babel/plugin-transform-private-property-in-object/-/plugin-transform-private-property-in-object-7.29.7.tgz 0ms (cache hit)
1164 http cache @babel/plugin-transform-shorthand-properties@https://registry.npmjs.org/@babel/plugin-transform-shorthand-properties/-/plugin-transform-shorthand-properties-7.29.7.tgz 0ms (cache hit)
1165 http cache @babel/plugin-transform-optional-catch-binding@https://registry.npmjs.org/@babel/plugin-transform-optional-catch-binding/-/plugin-transform-optional-catch-binding-7.29.7.tgz 0ms (cache hit)
1166 http cache @babel/plugin-transform-private-methods@https://registry.npmjs.org/@babel/plugin-transform-private-methods/-/plugin-transform-private-methods-7.29.7.tgz 0ms (cache hit)
1167 http cache @babel/plugin-transform-object-super@https://registry.npmjs.org/@babel/plugin-transform-object-super/-/plugin-transform-object-super-7.29.7.tgz 0ms (cache hit)
1168 http cache @babel/plugin-transform-property-literals@https://registry.npmjs.org/@babel/plugin-transform-property-literals/-/plugin-transform-property-literals-7.29.7.tgz 0ms (cache hit)
1169 http cache @babel/plugin-transform-new-target@https://registry.npmjs.org/@babel/plugin-transform-new-target/-/plugin-transform-new-target-7.29.7.tgz 0ms (cache hit)
1170 http cache @babel/plugin-transform-optional-chaining@https://registry.npmjs.org/@babel/plugin-transform-optional-chaining/-/plugin-transform-optional-chaining-7.29.7.tgz 0ms (cache hit)
1171 http cache @babel/plugin-transform-nullish-coalescing-operator@https://registry.npmjs.org/@babel/plugin-transform-nullish-coalescing-operator/-/plugin-transform-nullish-coalescing-operator-7.29.7.tgz 0ms (cache hit)
1172 http cache @babel/plugin-transform-parameters@https://registry.npmjs.org/@babel/plugin-transform-parameters/-/plugin-transform-parameters-7.29.7.tgz 0ms (cache hit)
1173 http cache @babel/plugin-transform-modules-amd@https://registry.npmjs.org/@babel/plugin-transform-modules-amd/-/plugin-transform-modules-amd-7.29.7.tgz 0ms (cache hit)
1174 http cache @babel/plugin-transform-object-rest-spread@https://registry.npmjs.org/@babel/plugin-transform-object-rest-spread/-/plugin-transform-object-rest-spread-7.29.7.tgz 0ms (cache hit)
1175 http cache @babel/plugin-transform-json-strings@https://registry.npmjs.org/@babel/plugin-transform-json-strings/-/plugin-transform-json-strings-7.29.7.tgz 0ms (cache hit)
1176 http cache @babel/plugin-transform-named-capturing-groups-regex@https://registry.npmjs.org/@babel/plugin-transform-named-capturing-groups-regex/-/plugin-transform-named-capturing-groups-regex-7.29.7.tgz 0ms (cache hit)
1177 http cache @babel/plugin-transform-modules-systemjs@https://registry.npmjs.org/@babel/plugin-transform-modules-systemjs/-/plugin-transform-modules-systemjs-7.29.8.tgz 0ms (cache hit)
1178 http cache @babel/plugin-transform-modules-umd@https://registry.npmjs.org/@babel/plugin-transform-modules-umd/-/plugin-transform-modules-umd-7.29.7.tgz 0ms (cache hit)
1179 http cache @babel/plugin-transform-literals@https://registry.npmjs.org/@babel/plugin-transform-literals/-/plugin-transform-literals-7.29.7.tgz 0ms (cache hit)
1180 http cache @babel/plugin-transform-export-namespace-from@https://registry.npmjs.org/@babel/plugin-transform-export-namespace-from/-/plugin-transform-export-namespace-from-7.29.7.tgz 0ms (cache hit)
1181 http cache @babel/plugin-transform-modules-commonjs@https://registry.npmjs.org/@babel/plugin-transform-modules-commonjs/-/plugin-transform-modules-commonjs-7.29.7.tgz 0ms (cache hit)
1182 http cache @babel/plugin-transform-numeric-separator@https://registry.npmjs.org/@babel/plugin-transform-numeric-separator/-/plugin-transform-numeric-separator-7.29.7.tgz 0ms (cache hit)
1183 http cache @babel/plugin-transform-member-expression-literals@https://registry.npmjs.org/@babel/plugin-transform-member-expression-literals/-/plugin-transform-member-expression-literals-7.29.7.tgz 0ms (cache hit)
1184 http cache @babel/plugin-transform-exponentiation-operator@https://registry.npmjs.org/@babel/plugin-transform-exponentiation-operator/-/plugin-transform-exponentiation-operator-7.29.7.tgz 0ms (cache hit)
1185 http cache @babel/plugin-transform-explicit-resource-management@https://registry.npmjs.org/@babel/plugin-transform-explicit-resource-management/-/plugin-transform-explicit-resource-management-7.29.7.tgz 0ms (cache hit)
1186 http cache @babel/plugin-transform-dynamic-import@https://registry.npmjs.org/@babel/plugin-transform-dynamic-import/-/plugin-transform-dynamic-import-7.29.7.tgz 0ms (cache hit)
1187 http cache @babel/plugin-transform-logical-assignment-operators@https://registry.npmjs.org/@babel/plugin-transform-logical-assignment-operators/-/plugin-transform-logical-assignment-operators-7.29.7.tgz 0ms (cache hit)
1188 http cache @babel/plugin-transform-function-name@https://registry.npmjs.org/@babel/plugin-transform-function-name/-/plugin-transform-function-name-7.29.7.tgz 0ms (cache hit)
1189 http cache @babel/plugin-transform-for-of@https://registry.npmjs.org/@babel/plugin-transform-for-of/-/plugin-transform-for-of-7.29.7.tgz 0ms (cache hit)
1190 http cache @babel/plugin-transform-duplicate-named-capturing-groups-regex@https://registry.npmjs.org/@babel/plugin-transform-duplicate-named-capturing-groups-regex/-/plugin-transform-duplicate-named-capturing-groups-regex-7.29.7.tgz 0ms (cache hit)
1191 http cache @babel/plugin-transform-destructuring@https://registry.npmjs.org/@babel/plugin-transform-destructuring/-/plugin-transform-destructuring-7.29.7.tgz 0ms (cache hit)
1192 http cache @babel/plugin-transform-computed-properties@https://registry.npmjs.org/@babel/plugin-transform-computed-properties/-/plugin-transform-computed-properties-7.29.7.tgz 0ms (cache hit)
1193 http cache @babel/plugin-transform-class-static-block@https://registry.npmjs.org/@babel/plugin-transform-class-static-block/-/plugin-transform-class-static-block-7.29.7.tgz 0ms (cache hit)
1194 http cache @babel/plugin-transform-duplicate-keys@https://registry.npmjs.org/@babel/plugin-transform-duplicate-keys/-/plugin-transform-duplicate-keys-7.29.7.tgz 0ms (cache hit)
1195 http cache @babel/plugin-transform-async-to-generator@https://registry.npmjs.org/@babel/plugin-transform-async-to-generator/-/plugin-transform-async-to-generator-7.29.7.tgz 0ms (cache hit)
1196 http cache @babel/plugin-transform-block-scoping@https://registry.npmjs.org/@babel/plugin-transform-block-scoping/-/plugin-transform-block-scoping-7.29.7.tgz 0ms (cache hit)
1197 http cache @babel/plugin-transform-dotall-regex@https://registry.npmjs.org/@babel/plugin-transform-dotall-regex/-/plugin-transform-dotall-regex-7.29.7.tgz 0ms (cache hit)
1198 http cache @babel/plugin-transform-classes@https://registry.npmjs.org/@babel/plugin-transform-classes/-/plugin-transform-classes-7.29.7.tgz 0ms (cache hit)
1199 http cache @babel/plugin-transform-class-properties@https://registry.npmjs.org/@babel/plugin-transform-class-properties/-/plugin-transform-class-properties-7.29.7.tgz 0ms (cache hit)
1200 http cache @babel/plugin-transform-async-generator-functions@https://registry.npmjs.org/@babel/plugin-transform-async-generator-functions/-/plugin-transform-async-generator-functions-7.29.7.tgz 0ms (cache hit)
1201 http cache @babel/plugin-transform-block-scoped-functions@https://registry.npmjs.org/@babel/plugin-transform-block-scoped-functions/-/plugin-transform-block-scoped-functions-7.29.7.tgz 0ms (cache hit)
1202 http cache @babel/plugin-bugfix-v8-spread-parameters-in-optional-chaining@https://registry.npmjs.org/@babel/plugin-bugfix-v8-spread-parameters-in-optional-chaining/-/plugin-bugfix-v8-spread-parameters-in-optional-chaining-7.29.7.tgz 0ms (cache hit)
1203 http cache @babel/plugin-transform-arrow-functions@https://registry.npmjs.org/@babel/plugin-transform-arrow-functions/-/plugin-transform-arrow-functions-7.29.7.tgz 0ms (cache hit)
1204 http cache @babel/plugin-bugfix-safari-id-destructuring-collision-in-function-expression@https://registry.npmjs.org/@babel/plugin-bugfix-safari-id-destructuring-collision-in-function-expression/-/plugin-bugfix-safari-id-destructuring-collision-in-function-expression-7.29.7.tgz 0ms (cache hit)
1205 http cache @babel/parser@https://registry.npmjs.org/@babel/parser/-/parser-7.29.8.tgz 0ms (cache hit)
1206 http cache @babel/helper-wrap-function@https://registry.npmjs.org/@babel/helper-wrap-function/-/helper-wrap-function-7.29.7.tgz 0ms (cache hit)
1207 http cache @babel/plugin-bugfix-v8-static-class-fields-redefine-readonly@https://registry.npmjs.org/@babel/plugin-bugfix-v8-static-class-fields-redefine-readonly/-/plugin-bugfix-v8-static-class-fields-redefine-readonly-7.29.7.tgz 0ms (cache hit)
1208 http cache @babel/generator@https://registry.npmjs.org/@babel/generator/-/generator-7.29.8.tgz 0ms (cache hit)
1209 http cache @babel/plugin-bugfix-safari-class-field-initializer-scope@https://registry.npmjs.org/@babel/plugin-bugfix-safari-class-field-initializer-scope/-/plugin-bugfix-safari-class-field-initializer-scope-7.29.7.tgz 0ms (cache hit)
1210 http cache @babel/plugin-bugfix-safari-rest-destructuring-rhs-array@https://registry.npmjs.org/@babel/plugin-bugfix-safari-rest-destructuring-rhs-array/-/plugin-bugfix-safari-rest-destructuring-rhs-array-7.29.7.tgz 0ms (cache hit)
1211 http cache @babel/helper-validator-option@https://registry.npmjs.org/@babel/helper-validator-option/-/helper-validator-option-7.29.7.tgz 0ms (cache hit)
1212 http cache @babel/plugin-bugfix-firefox-class-in-computed-class-key@https://registry.npmjs.org/@babel/plugin-bugfix-firefox-class-in-computed-class-key/-/plugin-bugfix-firefox-class-in-computed-class-key-7.29.7.tgz 0ms (cache hit)
1213 http cache @babel/helper-remap-async-to-generator@https://registry.npmjs.org/@babel/helper-remap-async-to-generator/-/helper-remap-async-to-generator-7.29.7.tgz 0ms (cache hit)
1214 http cache @babel/helper-optimise-call-expression@https://registry.npmjs.org/@babel/helper-optimise-call-expression/-/helper-optimise-call-expression-7.29.7.tgz 0ms (cache hit)
1215 http cache @babel/helper-define-polyfill-provider@https://registry.npmjs.org/@babel/helper-define-polyfill-provider/-/helper-define-polyfill-provider-0.6.8.tgz 0ms (cache hit)
1216 http cache @babel/helper-skip-transparent-expression-wrappers@https://registry.npmjs.org/@babel/helper-skip-transparent-expression-wrappers/-/helper-skip-transparent-expression-wrappers-7.29.7.tgz 0ms (cache hit)
1217 http cache @babel/helper-replace-supers@https://registry.npmjs.org/@babel/helper-replace-supers/-/helper-replace-supers-7.29.7.tgz 1ms (cache hit)
1218 http cache @babel/helper-module-transforms@https://registry.npmjs.org/@babel/helper-module-transforms/-/helper-module-transforms-7.29.7.tgz 0ms (cache hit)
1219 http cache @babel/helper-annotate-as-pure@https://registry.npmjs.org/@babel/helper-annotate-as-pure/-/helper-annotate-as-pure-7.29.7.tgz 0ms (cache hit)
1220 http cache update-browserslist-db@https://registry.npmjs.org/update-browserslist-db/-/update-browserslist-db-1.3.1.tgz 0ms (cache hit)
1221 http cache @babel/helper-create-class-features-plugin@https://registry.npmjs.org/@babel/helper-create-class-features-plugin/-/helper-create-class-features-plugin-7.29.7.tgz 0ms (cache hit)
1222 http cache @babel/helper-member-expression-to-functions@https://registry.npmjs.org/@babel/helper-member-expression-to-functions/-/helper-member-expression-to-functions-7.29.7.tgz 0ms (cache hit)
1223 http cache @babel/helper-create-regexp-features-plugin@https://registry.npmjs.org/@babel/helper-create-regexp-features-plugin/-/helper-create-regexp-features-plugin-7.29.7.tgz 0ms (cache hit)
1224 http cache @babel/code-frame@https://registry.npmjs.org/@babel/code-frame/-/code-frame-7.29.7.tgz 0ms (cache hit)
1225 http cache @babel/helper-compilation-targets@https://registry.npmjs.org/@babel/helper-compilation-targets/-/helper-compilation-targets-7.29.7.tgz 0ms (cache hit)
1226 http cache vite@https://registry.npmmirror.com/vite/-/vite-4.5.5.tgz 0ms (cache hit)
1227 http cache @babel/compat-data@https://registry.npmjs.org/@babel/compat-data/-/compat-data-7.29.7.tgz 0ms (cache hit)
1228 http cache semver@https://registry.npmjs.org/semver/-/semver-6.3.1.tgz 0ms (cache hit)
1229 http cache rollup@https://registry.npmmirror.com/rollup/-/rollup-3.29.5.tgz 0ms (cache hit)
1230 http cache node-releases@https://registry.npmjs.org/node-releases/-/node-releases-2.0.53.tgz 0ms (cache hit)
1231 http cache lru-cache@https://registry.npmjs.org/lru-cache/-/lru-cache-5.1.1.tgz 0ms (cache hit)
1232 silly tarball no local data for regjsparser@https://registry.npmjs.org/regjsparser/-/regjsparser-0.13.2.tgz. Extracting by manifest.
1233 http cache json5@https://registry.npmmirror.com/json5/-/json5-2.2.3.tgz 0ms (cache hit)
1234 http cache nanoid@https://registry.npmmirror.com/nanoid/-/nanoid-3.3.7.tgz 0ms (cache hit)
1235 http cache jsesc@https://registry.npmjs.org/jsesc/-/jsesc-3.1.0.tgz 0ms (cache hit)
1236 http cache debug@https://registry.npmjs.org/debug/-/debug-4.4.3.tgz 0ms (cache hit)
1237 http cache electron-to-chromium@https://registry.npmjs.org/electron-to-chromium/-/electron-to-chromium-1.5.412.tgz 0ms (cache hit)
1238 http cache esbuild@https://registry.npmmirror.com/esbuild/-/esbuild-0.18.20.tgz 0ms (cache hit)
1239 http cache browserslist@https://registry.npmjs.org/browserslist/-/browserslist-4.28.8.tgz 0ms (cache hit)
1240 http cache caniuse-lite@https://registry.npmjs.org/caniuse-lite/-/caniuse-lite-1.0.30001809.tgz 0ms (cache hit)
1241 http cache babel-plugin-polyfill-corejs3@https://registry.npmjs.org/babel-plugin-polyfill-corejs3/-/babel-plugin-polyfill-corejs3-0.14.2.tgz 0ms (cache hit)
1242 http cache baseline-browser-mapping@https://registry.npmjs.org/baseline-browser-mapping/-/baseline-browser-mapping-2.11.18.tgz 0ms (cache hit)
1243 http cache @babel/helper-plugin-utils@https://registry.npmjs.org/@babel/helper-plugin-utils/-/helper-plugin-utils-7.29.7.tgz 0ms (cache hit)
1244 http cache @babel/helper-plugin-utils@https://registry.npmjs.org/@babel/helper-plugin-utils/-/helper-plugin-utils-7.29.7.tgz 0ms (cache hit)
1245 http cache @babel/helper-plugin-utils@https://registry.npmjs.org/@babel/helper-plugin-utils/-/helper-plugin-utils-7.29.7.tgz 0ms (cache hit)
1246 http cache @babel/helper-validator-identifier@https://registry.npmjs.org/@babel/helper-validator-identifier/-/helper-validator-identifier-7.29.7.tgz 0ms (cache hit)
1247 http cache @babel/helper-plugin-utils@https://registry.npmjs.org/@babel/helper-plugin-utils/-/helper-plugin-utils-7.29.7.tgz 0ms (cache hit)
1248 http cache @babel/types@https://registry.npmjs.org/@babel/types/-/types-7.29.8.tgz 0ms (cache hit)
1249 http cache @babel/helper-validator-identifier@https://registry.npmjs.org/@babel/helper-validator-identifier/-/helper-validator-identifier-7.29.7.tgz 0ms (cache hit)
1250 http cache @babel/helper-string-parser@https://registry.npmjs.org/@babel/helper-string-parser/-/helper-string-parser-7.29.7.tgz 0ms (cache hit)
1251 http cache @babel/helper-plugin-utils@https://registry.npmjs.org/@babel/helper-plugin-utils/-/helper-plugin-utils-7.29.7.tgz 0ms (cache hit)
1252 http cache @babel/helper-plugin-utils@https://registry.npmjs.org/@babel/helper-plugin-utils/-/helper-plugin-utils-7.29.7.tgz 0ms (cache hit)
1253 http cache @babel/helper-plugin-utils@https://registry.npmjs.org/@babel/helper-plugin-utils/-/helper-plugin-utils-7.29.7.tgz 0ms (cache hit)
1254 http cache @babel/helper-string-parser@https://registry.npmjs.org/@babel/helper-string-parser/-/helper-string-parser-7.29.7.tgz 0ms (cache hit)
1255 http cache @babel/helper-plugin-utils@https://registry.npmjs.org/@babel/helper-plugin-utils/-/helper-plugin-utils-7.29.7.tgz 0ms (cache hit)
1256 http cache @babel/types@https://registry.npmjs.org/@babel/types/-/types-7.29.8.tgz 0ms (cache hit)
1257 http cache @babel/helper-plugin-utils@https://registry.npmjs.org/@babel/helper-plugin-utils/-/helper-plugin-utils-7.29.7.tgz 0ms (cache hit)
1258 http cache @babel/helper-plugin-utils@https://registry.npmjs.org/@babel/helper-plugin-utils/-/helper-plugin-utils-7.29.7.tgz 0ms (cache hit)
1259 http cache @babel/helper-plugin-utils@https://registry.npmjs.org/@babel/helper-plugin-utils/-/helper-plugin-utils-7.29.7.tgz 0ms (cache hit)
1260 http cache @babel/helper-plugin-utils@https://registry.npmjs.org/@babel/helper-plugin-utils/-/helper-plugin-utils-7.29.7.tgz 0ms (cache hit)
1261 http cache @babel/helper-plugin-utils@https://registry.npmjs.org/@babel/helper-plugin-utils/-/helper-plugin-utils-7.29.7.tgz 0ms (cache hit)
1262 http cache @babel/helper-plugin-utils@https://registry.npmjs.org/@babel/helper-plugin-utils/-/helper-plugin-utils-7.29.7.tgz 0ms (cache hit)
1263 http cache @babel/helper-plugin-utils@https://registry.npmjs.org/@babel/helper-plugin-utils/-/helper-plugin-utils-7.29.7.tgz 0ms (cache hit)
1264 http cache @babel/helper-plugin-utils@https://registry.npmjs.org/@babel/helper-plugin-utils/-/helper-plugin-utils-7.29.7.tgz 0ms (cache hit)
1265 http cache @babel/helper-plugin-utils@https://registry.npmjs.org/@babel/helper-plugin-utils/-/helper-plugin-utils-7.29.7.tgz 0ms (cache hit)
1266 http cache @babel/helper-plugin-utils@https://registry.npmjs.org/@babel/helper-plugin-utils/-/helper-plugin-utils-7.29.7.tgz 0ms (cache hit)
1267 http cache @babel/helper-plugin-utils@https://registry.npmjs.org/@babel/helper-plugin-utils/-/helper-plugin-utils-7.29.7.tgz 0ms (cache hit)
1268 http cache @babel/helper-plugin-utils@https://registry.npmjs.org/@babel/helper-plugin-utils/-/helper-plugin-utils-7.29.7.tgz 0ms (cache hit)
1269 http cache @babel/helper-plugin-utils@https://registry.npmjs.org/@babel/helper-plugin-utils/-/helper-plugin-utils-7.29.7.tgz 0ms (cache hit)
1270 http cache @babel/helper-plugin-utils@https://registry.npmjs.org/@babel/helper-plugin-utils/-/helper-plugin-utils-7.29.7.tgz 0ms (cache hit)
1271 http cache @babel/helper-plugin-utils@https://registry.npmjs.org/@babel/helper-plugin-utils/-/helper-plugin-utils-7.29.7.tgz 0ms (cache hit)
1272 http cache @babel/helper-plugin-utils@https://registry.npmjs.org/@babel/helper-plugin-utils/-/helper-plugin-utils-7.29.7.tgz 0ms (cache hit)
1273 http cache @babel/helper-plugin-utils@https://registry.npmjs.org/@babel/helper-plugin-utils/-/helper-plugin-utils-7.29.7.tgz 0ms (cache hit)
1274 http cache @babel/helper-plugin-utils@https://registry.npmjs.org/@babel/helper-plugin-utils/-/helper-plugin-utils-7.29.7.tgz 0ms (cache hit)
1275 http cache @babel/helper-plugin-utils@https://registry.npmjs.org/@babel/helper-plugin-utils/-/helper-plugin-utils-7.29.7.tgz 0ms (cache hit)
1276 http cache @babel/helper-globals@https://registry.npmjs.org/@babel/helper-globals/-/helper-globals-7.29.7.tgz 0ms (cache hit)
1277 http cache @babel/helper-string-parser@https://registry.npmjs.org/@babel/helper-string-parser/-/helper-string-parser-7.29.7.tgz 0ms (cache hit)
1278 http cache @babel/types@https://registry.npmjs.org/@babel/types/-/types-7.29.8.tgz 0ms (cache hit)
1279 http cache @babel/helper-validator-identifier@https://registry.npmjs.org/@babel/helper-validator-identifier/-/helper-validator-identifier-7.29.7.tgz 0ms (cache hit)
1280 http cache @babel/helper-plugin-utils@https://registry.npmjs.org/@babel/helper-plugin-utils/-/helper-plugin-utils-7.29.7.tgz 0ms (cache hit)
1281 http cache @babel/helper-plugin-utils@https://registry.npmjs.org/@babel/helper-plugin-utils/-/helper-plugin-utils-7.29.7.tgz 0ms (cache hit)
1282 http cache @babel/helper-plugin-utils@https://registry.npmjs.org/@babel/helper-plugin-utils/-/helper-plugin-utils-7.29.7.tgz 0ms (cache hit)
1283 http cache @babel/traverse@https://registry.npmjs.org/@babel/traverse/-/traverse-7.29.8.tgz 0ms (cache hit)
1284 http cache @babel/helper-globals@https://registry.npmjs.org/@babel/helper-globals/-/helper-globals-7.29.7.tgz 0ms (cache hit)
1285 http cache @babel/helper-plugin-utils@https://registry.npmjs.org/@babel/helper-plugin-utils/-/helper-plugin-utils-7.29.7.tgz 0ms (cache hit)
1286 http cache @babel/traverse@https://registry.npmjs.org/@babel/traverse/-/traverse-7.29.8.tgz 0ms (cache hit)
1287 http cache @babel/helper-string-parser@https://registry.npmjs.org/@babel/helper-string-parser/-/helper-string-parser-7.29.7.tgz 0ms (cache hit)
1288 http cache @babel/helper-validator-identifier@https://registry.npmjs.org/@babel/helper-validator-identifier/-/helper-validator-identifier-7.29.7.tgz 0ms (cache hit)
1289 http cache @babel/types@https://registry.npmjs.org/@babel/types/-/types-7.29.8.tgz 0ms (cache hit)
1290 http cache @babel/helper-plugin-utils@https://registry.npmjs.org/@babel/helper-plugin-utils/-/helper-plugin-utils-7.29.7.tgz 0ms (cache hit)
1291 http cache @babel/helper-plugin-utils@https://registry.npmjs.org/@babel/helper-plugin-utils/-/helper-plugin-utils-7.29.7.tgz 0ms (cache hit)
1292 http cache @babel/helper-plugin-utils@https://registry.npmjs.org/@babel/helper-plugin-utils/-/helper-plugin-utils-7.29.7.tgz 0ms (cache hit)
1293 http cache @babel/helper-plugin-utils@https://registry.npmjs.org/@babel/helper-plugin-utils/-/helper-plugin-utils-7.29.7.tgz 0ms (cache hit)
1294 http cache @babel/helper-plugin-utils@https://registry.npmjs.org/@babel/helper-plugin-utils/-/helper-plugin-utils-7.29.7.tgz 0ms (cache hit)
1295 http cache @babel/helper-plugin-utils@https://registry.npmjs.org/@babel/helper-plugin-utils/-/helper-plugin-utils-7.29.7.tgz 0ms (cache hit)
1296 http cache @babel/helper-plugin-utils@https://registry.npmjs.org/@babel/helper-plugin-utils/-/helper-plugin-utils-7.29.7.tgz 0ms (cache hit)
1297 http cache @babel/helper-plugin-utils@https://registry.npmjs.org/@babel/helper-plugin-utils/-/helper-plugin-utils-7.29.7.tgz 0ms (cache hit)
1298 http cache @babel/helper-plugin-utils@https://registry.npmjs.org/@babel/helper-plugin-utils/-/helper-plugin-utils-7.29.7.tgz 0ms (cache hit)
1299 http cache @babel/helper-validator-identifier@https://registry.npmjs.org/@babel/helper-validator-identifier/-/helper-validator-identifier-7.29.7.tgz 0ms (cache hit)
1300 http cache @babel/helper-string-parser@https://registry.npmjs.org/@babel/helper-string-parser/-/helper-string-parser-7.29.7.tgz 0ms (cache hit)
1301 http cache @babel/helper-globals@https://registry.npmjs.org/@babel/helper-globals/-/helper-globals-7.29.7.tgz 0ms (cache hit)
1302 http cache @babel/types@https://registry.npmjs.org/@babel/types/-/types-7.29.8.tgz 0ms (cache hit)
1303 http cache @babel/helper-plugin-utils@https://registry.npmjs.org/@babel/helper-plugin-utils/-/helper-plugin-utils-7.29.7.tgz 0ms (cache hit)
1304 http cache @babel/traverse@https://registry.npmjs.org/@babel/traverse/-/traverse-7.29.8.tgz 0ms (cache hit)
1305 http cache @babel/helper-plugin-utils@https://registry.npmjs.org/@babel/helper-plugin-utils/-/helper-plugin-utils-7.29.7.tgz 0ms (cache hit)
1306 http cache @babel/helper-validator-identifier@https://registry.npmjs.org/@babel/helper-validator-identifier/-/helper-validator-identifier-7.29.7.tgz 0ms (cache hit)
1307 http cache @babel/helper-string-parser@https://registry.npmjs.org/@babel/helper-string-parser/-/helper-string-parser-7.29.7.tgz 0ms (cache hit)
1308 http cache @babel/helper-plugin-utils@https://registry.npmjs.org/@babel/helper-plugin-utils/-/helper-plugin-utils-7.29.7.tgz 0ms (cache hit)
1309 http cache @babel/types@https://registry.npmjs.org/@babel/types/-/types-7.29.8.tgz 0ms (cache hit)
1310 http cache @babel/helper-plugin-utils@https://registry.npmjs.org/@babel/helper-plugin-utils/-/helper-plugin-utils-7.29.7.tgz 0ms (cache hit)
1311 http cache @babel/helper-globals@https://registry.npmjs.org/@babel/helper-globals/-/helper-globals-7.29.7.tgz 0ms (cache hit)
1312 http cache @babel/traverse@https://registry.npmjs.org/@babel/traverse/-/traverse-7.29.8.tgz 0ms (cache hit)
1313 http cache @babel/helper-plugin-utils@https://registry.npmjs.org/@babel/helper-plugin-utils/-/helper-plugin-utils-7.29.7.tgz 0ms (cache hit)
1314 http cache @babel/helper-plugin-utils@https://registry.npmjs.org/@babel/helper-plugin-utils/-/helper-plugin-utils-7.29.7.tgz 0ms (cache hit)
1315 http cache @babel/helper-plugin-utils@https://registry.npmjs.org/@babel/helper-plugin-utils/-/helper-plugin-utils-7.29.7.tgz 0ms (cache hit)
1316 http cache @babel/types@https://registry.npmjs.org/@babel/types/-/types-7.29.8.tgz 0ms (cache hit)
1317 http cache @babel/helper-validator-identifier@https://registry.npmjs.org/@babel/helper-validator-identifier/-/helper-validator-identifier-7.29.7.tgz 0ms (cache hit)
1318 http cache @babel/helper-plugin-utils@https://registry.npmjs.org/@babel/helper-plugin-utils/-/helper-plugin-utils-7.29.7.tgz 0ms (cache hit)
1319 http cache @babel/helper-plugin-utils@https://registry.npmjs.org/@babel/helper-plugin-utils/-/helper-plugin-utils-7.29.7.tgz 0ms (cache hit)
1320 http cache @babel/traverse@https://registry.npmjs.org/@babel/traverse/-/traverse-7.29.8.tgz 0ms (cache hit)
1321 http cache @babel/helper-module-imports@https://registry.npmjs.org/@babel/helper-module-imports/-/helper-module-imports-7.29.7.tgz 0ms (cache hit)
1322 http cache @babel/helper-plugin-utils@https://registry.npmjs.org/@babel/helper-plugin-utils/-/helper-plugin-utils-7.29.7.tgz 0ms (cache hit)
1323 http cache @babel/helper-globals@https://registry.npmjs.org/@babel/helper-globals/-/helper-globals-7.29.7.tgz 0ms (cache hit)
1324 http cache @babel/helper-validator-identifier@https://registry.npmjs.org/@babel/helper-validator-identifier/-/helper-validator-identifier-7.29.7.tgz 0ms (cache hit)
1325 http cache @babel/helper-string-parser@https://registry.npmjs.org/@babel/helper-string-parser/-/helper-string-parser-7.29.7.tgz 0ms (cache hit)
1326 http cache @babel/types@https://registry.npmjs.org/@babel/types/-/types-7.29.8.tgz 0ms (cache hit)
1327 http cache @babel/helper-string-parser@https://registry.npmjs.org/@babel/helper-string-parser/-/helper-string-parser-7.29.7.tgz 0ms (cache hit)
1328 http cache @babel/helper-plugin-utils@https://registry.npmjs.org/@babel/helper-plugin-utils/-/helper-plugin-utils-7.29.7.tgz 0ms (cache hit)
1329 http cache @babel/traverse@https://registry.npmjs.org/@babel/traverse/-/traverse-7.29.8.tgz 0ms (cache hit)
1330 http cache @babel/helper-globals@https://registry.npmjs.org/@babel/helper-globals/-/helper-globals-7.29.7.tgz 0ms (cache hit)
1331 http cache @babel/helper-plugin-utils@https://registry.npmjs.org/@babel/helper-plugin-utils/-/helper-plugin-utils-7.29.7.tgz 0ms (cache hit)
1332 http cache @babel/helper-string-parser@https://registry.npmjs.org/@babel/helper-string-parser/-/helper-string-parser-7.29.7.tgz 0ms (cache hit)
1333 http cache @babel/helper-globals@https://registry.npmjs.org/@babel/helper-globals/-/helper-globals-7.29.7.tgz 0ms (cache hit)
1334 http cache @babel/types@https://registry.npmjs.org/@babel/types/-/types-7.29.8.tgz 0ms (cache hit)
1335 http cache @babel/helper-validator-identifier@https://registry.npmjs.org/@babel/helper-validator-identifier/-/helper-validator-identifier-7.29.7.tgz 0ms (cache hit)
1336 http cache @babel/traverse@https://registry.npmjs.org/@babel/traverse/-/traverse-7.29.8.tgz 0ms (cache hit)
1337 http cache @babel/helper-plugin-utils@https://registry.npmjs.org/@babel/helper-plugin-utils/-/helper-plugin-utils-7.29.7.tgz 0ms (cache hit)
1338 http cache @babel/helper-plugin-utils@https://registry.npmjs.org/@babel/helper-plugin-utils/-/helper-plugin-utils-7.29.7.tgz 0ms (cache hit)
1339 http cache @babel/helper-plugin-utils@https://registry.npmjs.org/@babel/helper-plugin-utils/-/helper-plugin-utils-7.29.7.tgz 0ms (cache hit)
1340 http cache @babel/helper-plugin-utils@https://registry.npmjs.org/@babel/helper-plugin-utils/-/helper-plugin-utils-7.29.7.tgz 0ms (cache hit)
1341 http cache @babel/helper-plugin-utils@https://registry.npmjs.org/@babel/helper-plugin-utils/-/helper-plugin-utils-7.29.7.tgz 0ms (cache hit)
1342 http cache @babel/types@https://registry.npmjs.org/@babel/types/-/types-7.29.8.tgz 0ms (cache hit)
1343 http cache @babel/helper-validator-identifier@https://registry.npmjs.org/@babel/helper-validator-identifier/-/helper-validator-identifier-7.29.7.tgz 0ms (cache hit)
1344 http cache @babel/helper-string-parser@https://registry.npmjs.org/@babel/helper-string-parser/-/helper-string-parser-7.29.7.tgz 0ms (cache hit)
1345 http cache @babel/helper-plugin-utils@https://registry.npmjs.org/@babel/helper-plugin-utils/-/helper-plugin-utils-7.29.7.tgz 0ms (cache hit)
1346 http cache @babel/helper-globals@https://registry.npmjs.org/@babel/helper-globals/-/helper-globals-7.29.7.tgz 0ms (cache hit)
1347 http cache @babel/helper-validator-identifier@https://registry.npmjs.org/@babel/helper-validator-identifier/-/helper-validator-identifier-7.29.7.tgz 0ms (cache hit)
1348 http cache @babel/traverse@https://registry.npmjs.org/@babel/traverse/-/traverse-7.29.8.tgz 0ms (cache hit)
1349 http cache @babel/helper-plugin-utils@https://registry.npmjs.org/@babel/helper-plugin-utils/-/helper-plugin-utils-7.29.7.tgz 0ms (cache hit)
1350 http cache @babel/types@https://registry.npmjs.org/@babel/types/-/types-7.29.8.tgz 0ms (cache hit)
1351 http cache @babel/types@https://registry.npmjs.org/@babel/types/-/types-7.29.8.tgz 0ms (cache hit)
1352 http cache @babel/helper-validator-identifier@https://registry.npmjs.org/@babel/helper-validator-identifier/-/helper-validator-identifier-7.29.7.tgz 0ms (cache hit)
1353 http cache @babel/helper-string-parser@https://registry.npmjs.org/@babel/helper-string-parser/-/helper-string-parser-7.29.7.tgz 0ms (cache hit)
1354 http cache @babel/helper-string-parser@https://registry.npmjs.org/@babel/helper-string-parser/-/helper-string-parser-7.29.7.tgz 0ms (cache hit)
1355 http cache @babel/helper-plugin-utils@https://registry.npmjs.org/@babel/helper-plugin-utils/-/helper-plugin-utils-7.29.7.tgz 0ms (cache hit)
1356 http cache @babel/helper-plugin-utils@https://registry.npmjs.org/@babel/helper-plugin-utils/-/helper-plugin-utils-7.29.7.tgz 0ms (cache hit)
1357 http cache @babel/types@https://registry.npmjs.org/@babel/types/-/types-7.29.8.tgz 0ms (cache hit)
1358 http cache @babel/traverse@https://registry.npmjs.org/@babel/traverse/-/traverse-7.29.8.tgz 0ms (cache hit)
1359 http cache @babel/helper-validator-identifier@https://registry.npmjs.org/@babel/helper-validator-identifier/-/helper-validator-identifier-7.29.7.tgz 0ms (cache hit)
1360 http cache @babel/helper-string-parser@https://registry.npmjs.org/@babel/helper-string-parser/-/helper-string-parser-7.29.7.tgz 0ms (cache hit)
1361 http cache @babel/helper-globals@https://registry.npmjs.org/@babel/helper-globals/-/helper-globals-7.29.7.tgz 0ms (cache hit)
1362 http cache @babel/helper-string-parser@https://registry.npmjs.org/@babel/helper-string-parser/-/helper-string-parser-7.29.7.tgz 0ms (cache hit)
1363 http cache @babel/helper-validator-identifier@https://registry.npmjs.org/@babel/helper-validator-identifier/-/helper-validator-identifier-7.29.7.tgz 0ms (cache hit)
1364 http cache @babel/types@https://registry.npmjs.org/@babel/types/-/types-7.29.8.tgz 0ms (cache hit)
1365 http cache @babel/helper-globals@https://registry.npmjs.org/@babel/helper-globals/-/helper-globals-7.29.7.tgz 0ms (cache hit)
1366 http cache @babel/helper-plugin-utils@https://registry.npmjs.org/@babel/helper-plugin-utils/-/helper-plugin-utils-7.29.7.tgz 0ms (cache hit)
1367 http cache @babel/traverse@https://registry.npmjs.org/@babel/traverse/-/traverse-7.29.8.tgz 0ms (cache hit)
1368 http cache @babel/types@https://registry.npmjs.org/@babel/types/-/types-7.29.8.tgz 0ms (cache hit)
1369 http cache @babel/helper-validator-identifier@https://registry.npmjs.org/@babel/helper-validator-identifier/-/helper-validator-identifier-7.29.7.tgz 0ms (cache hit)
1370 http cache @babel/traverse@https://registry.npmjs.org/@babel/traverse/-/traverse-7.29.8.tgz 0ms (cache hit)
1371 http cache @babel/helper-string-parser@https://registry.npmjs.org/@babel/helper-string-parser/-/helper-string-parser-7.29.7.tgz 0ms (cache hit)
1372 http cache @babel/helper-globals@https://registry.npmjs.org/@babel/helper-globals/-/helper-globals-7.29.7.tgz 0ms (cache hit)
1373 http cache @babel/helper-validator-identifier@https://registry.npmjs.org/@babel/helper-validator-identifier/-/helper-validator-identifier-7.29.7.tgz 0ms (cache hit)
1374 http cache @babel/helper-string-parser@https://registry.npmjs.org/@babel/helper-string-parser/-/helper-string-parser-7.29.7.tgz 0ms (cache hit)
1375 http cache @babel/types@https://registry.npmjs.org/@babel/types/-/types-7.29.8.tgz 0ms (cache hit)
1376 http cache @babel/helper-string-parser@https://registry.npmjs.org/@babel/helper-string-parser/-/helper-string-parser-7.29.7.tgz 0ms (cache hit)
1377 http cache @babel/helper-validator-identifier@https://registry.npmjs.org/@babel/helper-validator-identifier/-/helper-validator-identifier-7.29.7.tgz 0ms (cache hit)
1378 http cache @babel/traverse@https://registry.npmjs.org/@babel/traverse/-/traverse-7.29.8.tgz 0ms (cache hit)
1379 http cache @babel/helper-globals@https://registry.npmjs.org/@babel/helper-globals/-/helper-globals-7.29.7.tgz 0ms (cache hit)
1380 http cache @babel/types@https://registry.npmjs.org/@babel/types/-/types-7.29.8.tgz 0ms (cache hit)
1381 http cache @babel/helper-validator-identifier@https://registry.npmjs.org/@babel/helper-validator-identifier/-/helper-validator-identifier-7.29.7.tgz 0ms (cache hit)
1382 http cache @babel/helper-globals@https://registry.npmjs.org/@babel/helper-globals/-/helper-globals-7.29.7.tgz 0ms (cache hit)
1383 http cache @babel/types@https://registry.npmjs.org/@babel/types/-/types-7.29.8.tgz 0ms (cache hit)
1384 http cache @babel/helper-string-parser@https://registry.npmjs.org/@babel/helper-string-parser/-/helper-string-parser-7.29.7.tgz 0ms (cache hit)
1385 http cache @babel/helper-string-parser@https://registry.npmjs.org/@babel/helper-string-parser/-/helper-string-parser-7.29.7.tgz 0ms (cache hit)
1386 http cache @babel/traverse@https://registry.npmjs.org/@babel/traverse/-/traverse-7.29.8.tgz 0ms (cache hit)
1387 http cache @babel/helper-plugin-utils@https://registry.npmjs.org/@babel/helper-plugin-utils/-/helper-plugin-utils-7.29.7.tgz 0ms (cache hit)
1388 http cache @babel/helper-validator-identifier@https://registry.npmjs.org/@babel/helper-validator-identifier/-/helper-validator-identifier-7.29.7.tgz 0ms (cache hit)
1389 http cache @babel/types@https://registry.npmjs.org/@babel/types/-/types-7.29.8.tgz 0ms (cache hit)
1390 http cache @babel/helper-string-parser@https://registry.npmjs.org/@babel/helper-string-parser/-/helper-string-parser-7.29.7.tgz 0ms (cache hit)
1391 http cache @babel/types@https://registry.npmjs.org/@babel/types/-/types-7.29.8.tgz 0ms (cache hit)
1392 http cache @babel/traverse@https://registry.npmjs.org/@babel/traverse/-/traverse-7.29.8.tgz 0ms (cache hit)
1393 http cache @babel/helper-globals@https://registry.npmjs.org/@babel/helper-globals/-/helper-globals-7.29.7.tgz 0ms (cache hit)
1394 http cache @babel/helper-validator-identifier@https://registry.npmjs.org/@babel/helper-validator-identifier/-/helper-validator-identifier-7.29.7.tgz 0ms (cache hit)
1395 http cache @babel/helper-string-parser@https://registry.npmjs.org/@babel/helper-string-parser/-/helper-string-parser-7.29.7.tgz 0ms (cache hit)
1396 http cache @babel/helper-validator-identifier@https://registry.npmjs.org/@babel/helper-validator-identifier/-/helper-validator-identifier-7.29.7.tgz 0ms (cache hit)
1397 http cache @babel/types@https://registry.npmjs.org/@babel/types/-/types-7.29.8.tgz 0ms (cache hit)
1398 http cache @babel/traverse@https://registry.npmjs.org/@babel/traverse/-/traverse-7.29.8.tgz 0ms (cache hit)
1399 http cache @babel/helper-validator-identifier@https://registry.npmjs.org/@babel/helper-validator-identifier/-/helper-validator-identifier-7.29.7.tgz 0ms (cache hit)
1400 http cache @babel/helper-module-imports@https://registry.npmjs.org/@babel/helper-module-imports/-/helper-module-imports-7.29.7.tgz 0ms (cache hit)
1401 http cache @babel/helper-globals@https://registry.npmjs.org/@babel/helper-globals/-/helper-globals-7.29.7.tgz 0ms (cache hit)
1402 http cache @babel/helper-string-parser@https://registry.npmjs.org/@babel/helper-string-parser/-/helper-string-parser-7.29.7.tgz 0ms (cache hit)
1403 http cache @babel/traverse@https://registry.npmjs.org/@babel/traverse/-/traverse-7.29.8.tgz 0ms (cache hit)
1404 http cache @babel/helper-globals@https://registry.npmjs.org/@babel/helper-globals/-/helper-globals-7.29.7.tgz 0ms (cache hit)
1405 http cache @babel/types@https://registry.npmjs.org/@babel/types/-/types-7.29.8.tgz 0ms (cache hit)
1406 silly tarball no local data for hasown@https://registry.npmjs.org/hasown/-/hasown-2.0.4.tgz. Extracting by manifest.
1407 silly tarball no local data for function-bind@https://registry.npmjs.org/function-bind/-/function-bind-1.1.2.tgz. Extracting by manifest.
1408 silly tarball no local data for es-errors@https://registry.npmjs.org/es-errors/-/es-errors-1.3.0.tgz. Extracting by manifest.
1409 http cache @babel/helper-validator-identifier@https://registry.npmjs.org/@babel/helper-validator-identifier/-/helper-validator-identifier-7.29.7.tgz 0ms (cache hit)
1410 silly tarball no local data for supports-preserve-symlinks-flag@https://registry.npmjs.org/supports-preserve-symlinks-flag/-/supports-preserve-symlinks-flag-1.0.0.tgz. Extracting by manifest.
1411 silly tarball no local data for path-parse@https://registry.npmjs.org/path-parse/-/path-parse-1.0.7.tgz. Extracting by manifest.
1412 silly tarball no local data for resolve@https://registry.npmjs.org/resolve/-/resolve-1.22.12.tgz. Extracting by manifest.
1413 silly tarball no local data for babel-plugin-polyfill-corejs2@https://registry.npmjs.org/babel-plugin-polyfill-corejs2/-/babel-plugin-polyfill-corejs2-0.4.17.tgz. Extracting by manifest.
1414 silly tarball no local data for babel-plugin-polyfill-regenerator@https://registry.npmjs.org/babel-plugin-polyfill-regenerator/-/babel-plugin-polyfill-regenerator-0.6.8.tgz. Extracting by manifest.
1415 silly tarball no local data for is-core-module@https://registry.npmjs.org/is-core-module/-/is-core-module-2.16.2.tgz. Extracting by manifest.
1416 silly tarball no local data for @jridgewell/trace-mapping@https://registry.npmjs.org/@jridgewell/trace-mapping/-/trace-mapping-0.3.31.tgz. Extracting by manifest.
1417 silly tarball no local data for @babel/plugin-syntax-unicode-sets-regex@https://registry.npmjs.org/@babel/plugin-syntax-unicode-sets-regex/-/plugin-syntax-unicode-sets-regex-7.18.6.tgz. Extracting by manifest.
1418 silly tarball no local data for @babel/plugin-transform-unicode-regex@https://registry.npmjs.org/@babel/plugin-transform-unicode-regex/-/plugin-transform-unicode-regex-7.29.7.tgz. Extracting by manifest.
1419 silly tarball no local data for @babel/plugin-proposal-private-property-in-object@https://registry.npmjs.org/@babel/plugin-proposal-private-property-in-object/-/plugin-proposal-private-property-in-object-7.21.0-placeholder-for-preset-env.2.tgz. Extracting by manifest.
1420 silly tarball no local data for @babel/plugin-syntax-import-attributes@https://registry.npmjs.org/@babel/plugin-syntax-import-attributes/-/plugin-syntax-import-attributes-7.29.7.tgz. Extracting by manifest.
1421 silly tarball no local data for @babel/plugin-syntax-import-assertions@https://registry.npmjs.org/@babel/plugin-syntax-import-assertions/-/plugin-syntax-import-assertions-7.29.7.tgz. Extracting by manifest.
1422 silly tarball no local data for @babel/preset-modules@https://registry.npmjs.org/@babel/preset-modules/-/preset-modules-0.1.6-no-external-plugins.tgz. Extracting by manifest.
1423 silly tarball no local data for @babel/plugin-transform-unicode-property-regex@https://registry.npmjs.org/@babel/plugin-transform-unicode-property-regex/-/plugin-transform-unicode-property-regex-7.29.7.tgz. Extracting by manifest.
1424 silly tarball no local data for @babel/preset-env@https://registry.npmjs.org/@babel/preset-env/-/preset-env-7.29.7.tgz. Extracting by manifest.
1425 silly tarball no local data for @babel/plugin-transform-unicode-sets-regex@https://registry.npmjs.org/@babel/plugin-transform-unicode-sets-regex/-/plugin-transform-unicode-sets-regex-7.29.7.tgz. Extracting by manifest.
1426 silly tarball no local data for @babel/template@https://registry.npmjs.org/@babel/template/-/template-7.29.7.tgz. Extracting by manifest.
1427 silly tarball no local data for @babel/plugin-transform-template-literals@https://registry.npmjs.org/@babel/plugin-transform-template-literals/-/plugin-transform-template-literals-7.29.7.tgz. Extracting by manifest.
1428 silly tarball no local data for @babel/plugin-transform-unicode-escapes@https://registry.npmjs.org/@babel/plugin-transform-unicode-escapes/-/plugin-transform-unicode-escapes-7.29.7.tgz. Extracting by manifest.
1429 silly tarball no local data for @babel/plugin-transform-typeof-symbol@https://registry.npmjs.org/@babel/plugin-transform-typeof-symbol/-/plugin-transform-typeof-symbol-7.29.7.tgz. Extracting by manifest.
1430 silly tarball no local data for @babel/plugin-transform-spread@https://registry.npmjs.org/@babel/plugin-transform-spread/-/plugin-transform-spread-7.29.8.tgz. Extracting by manifest.
1431 silly tarball no local data for @babel/plugin-transform-regexp-modifiers@https://registry.npmjs.org/@babel/plugin-transform-regexp-modifiers/-/plugin-transform-regexp-modifiers-7.29.7.tgz. Extracting by manifest.
1432 silly tarball no local data for @babel/plugin-transform-reserved-words@https://registry.npmjs.org/@babel/plugin-transform-reserved-words/-/plugin-transform-reserved-words-7.29.7.tgz. Extracting by manifest.
1433 silly tarball no local data for @babel/plugin-transform-private-property-in-object@https://registry.npmjs.org/@babel/plugin-transform-private-property-in-object/-/plugin-transform-private-property-in-object-7.29.7.tgz. Extracting by manifest.
1434 silly tarball no local data for @babel/plugin-transform-sticky-regex@https://registry.npmjs.org/@babel/plugin-transform-sticky-regex/-/plugin-transform-sticky-regex-7.29.7.tgz. Extracting by manifest.
1435 silly tarball no local data for @babel/plugin-transform-regenerator@https://registry.npmjs.org/@babel/plugin-transform-regenerator/-/plugin-transform-regenerator-7.29.8.tgz. Extracting by manifest.
1436 silly tarball no local data for @babel/plugin-transform-shorthand-properties@https://registry.npmjs.org/@babel/plugin-transform-shorthand-properties/-/plugin-transform-shorthand-properties-7.29.7.tgz. Extracting by manifest.
1437 silly tarball no local data for @babel/plugin-transform-optional-catch-binding@https://registry.npmjs.org/@babel/plugin-transform-optional-catch-binding/-/plugin-transform-optional-catch-binding-7.29.7.tgz. Extracting by manifest.
1438 silly tarball no local data for @babel/plugin-transform-private-methods@https://registry.npmjs.org/@babel/plugin-transform-private-methods/-/plugin-transform-private-methods-7.29.7.tgz. Extracting by manifest.
1439 silly tarball no local data for @babel/plugin-transform-object-super@https://registry.npmjs.org/@babel/plugin-transform-object-super/-/plugin-transform-object-super-7.29.7.tgz. Extracting by manifest.
1440 silly tarball no local data for @babel/plugin-transform-new-target@https://registry.npmjs.org/@babel/plugin-transform-new-target/-/plugin-transform-new-target-7.29.7.tgz. Extracting by manifest.
1441 silly tarball no local data for @babel/plugin-transform-property-literals@https://registry.npmjs.org/@babel/plugin-transform-property-literals/-/plugin-transform-property-literals-7.29.7.tgz. Extracting by manifest.
1442 silly tarball no local data for @babel/plugin-transform-optional-chaining@https://registry.npmjs.org/@babel/plugin-transform-optional-chaining/-/plugin-transform-optional-chaining-7.29.7.tgz. Extracting by manifest.
1443 silly tarball no local data for @babel/plugin-transform-nullish-coalescing-operator@https://registry.npmjs.org/@babel/plugin-transform-nullish-coalescing-operator/-/plugin-transform-nullish-coalescing-operator-7.29.7.tgz. Extracting by manifest.
1444 silly tarball no local data for @babel/plugin-transform-parameters@https://registry.npmjs.org/@babel/plugin-transform-parameters/-/plugin-transform-parameters-7.29.7.tgz. Extracting by manifest.
1445 silly tarball no local data for @babel/plugin-transform-modules-amd@https://registry.npmjs.org/@babel/plugin-transform-modules-amd/-/plugin-transform-modules-amd-7.29.7.tgz. Extracting by manifest.
1446 silly tarball no local data for @babel/plugin-transform-object-rest-spread@https://registry.npmjs.org/@babel/plugin-transform-object-rest-spread/-/plugin-transform-object-rest-spread-7.29.7.tgz. Extracting by manifest.
1447 silly tarball no local data for @babel/plugin-transform-json-strings@https://registry.npmjs.org/@babel/plugin-transform-json-strings/-/plugin-transform-json-strings-7.29.7.tgz. Extracting by manifest.
1448 silly tarball no local data for @babel/plugin-transform-named-capturing-groups-regex@https://registry.npmjs.org/@babel/plugin-transform-named-capturing-groups-regex/-/plugin-transform-named-capturing-groups-regex-7.29.7.tgz. Extracting by manifest.
1449 silly tarball no local data for @babel/plugin-transform-modules-systemjs@https://registry.npmjs.org/@babel/plugin-transform-modules-systemjs/-/plugin-transform-modules-systemjs-7.29.8.tgz. Extracting by manifest.
1450 silly tarball no local data for @babel/plugin-transform-modules-umd@https://registry.npmjs.org/@babel/plugin-transform-modules-umd/-/plugin-transform-modules-umd-7.29.7.tgz. Extracting by manifest.
1451 silly tarball no local data for @babel/plugin-transform-literals@https://registry.npmjs.org/@babel/plugin-transform-literals/-/plugin-transform-literals-7.29.7.tgz. Extracting by manifest.
1452 silly tarball no local data for @babel/plugin-transform-export-namespace-from@https://registry.npmjs.org/@babel/plugin-transform-export-namespace-from/-/plugin-transform-export-namespace-from-7.29.7.tgz. Extracting by manifest.
1453 silly tarball no local data for @babel/plugin-transform-modules-commonjs@https://registry.npmjs.org/@babel/plugin-transform-modules-commonjs/-/plugin-transform-modules-commonjs-7.29.7.tgz. Extracting by manifest.
1454 silly tarball no local data for @babel/plugin-transform-numeric-separator@https://registry.npmjs.org/@babel/plugin-transform-numeric-separator/-/plugin-transform-numeric-separator-7.29.7.tgz. Extracting by manifest.
1455 silly tarball no local data for @babel/plugin-transform-member-expression-literals@https://registry.npmjs.org/@babel/plugin-transform-member-expression-literals/-/plugin-transform-member-expression-literals-7.29.7.tgz. Extracting by manifest.
1456 silly tarball no local data for @babel/plugin-transform-explicit-resource-management@https://registry.npmjs.org/@babel/plugin-transform-explicit-resource-management/-/plugin-transform-explicit-resource-management-7.29.7.tgz. Extracting by manifest.
1457 silly tarball no local data for @babel/plugin-transform-exponentiation-operator@https://registry.npmjs.org/@babel/plugin-transform-exponentiation-operator/-/plugin-transform-exponentiation-operator-7.29.7.tgz. Extracting by manifest.
1458 silly tarball no local data for @babel/plugin-transform-dynamic-import@https://registry.npmjs.org/@babel/plugin-transform-dynamic-import/-/plugin-transform-dynamic-import-7.29.7.tgz. Extracting by manifest.
1459 silly tarball no local data for @babel/plugin-transform-logical-assignment-operators@https://registry.npmjs.org/@babel/plugin-transform-logical-assignment-operators/-/plugin-transform-logical-assignment-operators-7.29.7.tgz. Extracting by manifest.
1460 silly tarball no local data for @babel/plugin-transform-function-name@https://registry.npmjs.org/@babel/plugin-transform-function-name/-/plugin-transform-function-name-7.29.7.tgz. Extracting by manifest.
1461 silly tarball no local data for @babel/plugin-transform-duplicate-named-capturing-groups-regex@https://registry.npmjs.org/@babel/plugin-transform-duplicate-named-capturing-groups-regex/-/plugin-transform-duplicate-named-capturing-groups-regex-7.29.7.tgz. Extracting by manifest.
1462 silly tarball no local data for @babel/plugin-transform-for-of@https://registry.npmjs.org/@babel/plugin-transform-for-of/-/plugin-transform-for-of-7.29.7.tgz. Extracting by manifest.
1463 silly tarball no local data for @babel/plugin-transform-destructuring@https://registry.npmjs.org/@babel/plugin-transform-destructuring/-/plugin-transform-destructuring-7.29.7.tgz. Extracting by manifest.
1464 silly tarball no local data for @babel/plugin-transform-computed-properties@https://registry.npmjs.org/@babel/plugin-transform-computed-properties/-/plugin-transform-computed-properties-7.29.7.tgz. Extracting by manifest.
1465 silly tarball no local data for @babel/plugin-transform-class-static-block@https://registry.npmjs.org/@babel/plugin-transform-class-static-block/-/plugin-transform-class-static-block-7.29.7.tgz. Extracting by manifest.
1466 silly tarball no local data for @babel/plugin-transform-duplicate-keys@https://registry.npmjs.org/@babel/plugin-transform-duplicate-keys/-/plugin-transform-duplicate-keys-7.29.7.tgz. Extracting by manifest.
1467 silly tarball no local data for @babel/plugin-transform-async-to-generator@https://registry.npmjs.org/@babel/plugin-transform-async-to-generator/-/plugin-transform-async-to-generator-7.29.7.tgz. Extracting by manifest.
1468 silly tarball no local data for @babel/plugin-transform-block-scoping@https://registry.npmjs.org/@babel/plugin-transform-block-scoping/-/plugin-transform-block-scoping-7.29.7.tgz. Extracting by manifest.
1469 silly tarball no local data for @babel/plugin-transform-dotall-regex@https://registry.npmjs.org/@babel/plugin-transform-dotall-regex/-/plugin-transform-dotall-regex-7.29.7.tgz. Extracting by manifest.
1470 silly tarball no local data for @babel/plugin-transform-classes@https://registry.npmjs.org/@babel/plugin-transform-classes/-/plugin-transform-classes-7.29.7.tgz. Extracting by manifest.
1471 silly tarball no local data for @babel/plugin-transform-class-properties@https://registry.npmjs.org/@babel/plugin-transform-class-properties/-/plugin-transform-class-properties-7.29.7.tgz. Extracting by manifest.
1472 silly tarball no local data for @babel/plugin-transform-async-generator-functions@https://registry.npmjs.org/@babel/plugin-transform-async-generator-functions/-/plugin-transform-async-generator-functions-7.29.7.tgz. Extracting by manifest.
1473 silly tarball no local data for @babel/plugin-transform-block-scoped-functions@https://registry.npmjs.org/@babel/plugin-transform-block-scoped-functions/-/plugin-transform-block-scoped-functions-7.29.7.tgz. Extracting by manifest.
1474 silly tarball no local data for @babel/plugin-bugfix-v8-spread-parameters-in-optional-chaining@https://registry.npmjs.org/@babel/plugin-bugfix-v8-spread-parameters-in-optional-chaining/-/plugin-bugfix-v8-spread-parameters-in-optional-chaining-7.29.7.tgz. Extracting by manifest.
1475 silly tarball no local data for @babel/parser@https://registry.npmjs.org/@babel/parser/-/parser-7.29.8.tgz. Extracting by manifest.
1476 silly tarball no local data for @babel/plugin-transform-arrow-functions@https://registry.npmjs.org/@babel/plugin-transform-arrow-functions/-/plugin-transform-arrow-functions-7.29.7.tgz. Extracting by manifest.
1477 silly tarball no local data for @babel/plugin-bugfix-safari-id-destructuring-collision-in-function-expression@https://registry.npmjs.org/@babel/plugin-bugfix-safari-id-destructuring-collision-in-function-expression/-/plugin-bugfix-safari-id-destructuring-collision-in-function-expression-7.29.7.tgz. Extracting by manifest.
1478 silly tarball no local data for @babel/helper-wrap-function@https://registry.npmjs.org/@babel/helper-wrap-function/-/helper-wrap-function-7.29.7.tgz. Extracting by manifest.
1479 silly tarball no local data for @babel/plugin-bugfix-v8-static-class-fields-redefine-readonly@https://registry.npmjs.org/@babel/plugin-bugfix-v8-static-class-fields-redefine-readonly/-/plugin-bugfix-v8-static-class-fields-redefine-readonly-7.29.7.tgz. Extracting by manifest.
1480 silly tarball no local data for @babel/plugin-bugfix-safari-class-field-initializer-scope@https://registry.npmjs.org/@babel/plugin-bugfix-safari-class-field-initializer-scope/-/plugin-bugfix-safari-class-field-initializer-scope-7.29.7.tgz. Extracting by manifest.
1481 silly tarball no local data for @babel/generator@https://registry.npmjs.org/@babel/generator/-/generator-7.29.8.tgz. Extracting by manifest.
1482 silly tarball no local data for @babel/plugin-bugfix-safari-rest-destructuring-rhs-array@https://registry.npmjs.org/@babel/plugin-bugfix-safari-rest-destructuring-rhs-array/-/plugin-bugfix-safari-rest-destructuring-rhs-array-7.29.7.tgz. Extracting by manifest.
1483 silly tarball no local data for @babel/helper-validator-option@https://registry.npmjs.org/@babel/helper-validator-option/-/helper-validator-option-7.29.7.tgz. Extracting by manifest.
1484 silly tarball no local data for @babel/helper-remap-async-to-generator@https://registry.npmjs.org/@babel/helper-remap-async-to-generator/-/helper-remap-async-to-generator-7.29.7.tgz. Extracting by manifest.
1485 silly tarball no local data for @babel/plugin-bugfix-firefox-class-in-computed-class-key@https://registry.npmjs.org/@babel/plugin-bugfix-firefox-class-in-computed-class-key/-/plugin-bugfix-firefox-class-in-computed-class-key-7.29.7.tgz. Extracting by manifest.
1486 silly tarball no local data for @babel/helper-optimise-call-expression@https://registry.npmjs.org/@babel/helper-optimise-call-expression/-/helper-optimise-call-expression-7.29.7.tgz. Extracting by manifest.
1487 silly tarball no local data for @babel/helper-define-polyfill-provider@https://registry.npmjs.org/@babel/helper-define-polyfill-provider/-/helper-define-polyfill-provider-0.6.8.tgz. Extracting by manifest.
1488 silly tarball no local data for @babel/helper-replace-supers@https://registry.npmjs.org/@babel/helper-replace-supers/-/helper-replace-supers-7.29.7.tgz. Extracting by manifest.
1489 silly tarball no local data for @babel/helper-skip-transparent-expression-wrappers@https://registry.npmjs.org/@babel/helper-skip-transparent-expression-wrappers/-/helper-skip-transparent-expression-wrappers-7.29.7.tgz. Extracting by manifest.
1490 silly tarball no local data for @babel/helper-module-transforms@https://registry.npmjs.org/@babel/helper-module-transforms/-/helper-module-transforms-7.29.7.tgz. Extracting by manifest.
1491 silly tarball no local data for @babel/helper-annotate-as-pure@https://registry.npmjs.org/@babel/helper-annotate-as-pure/-/helper-annotate-as-pure-7.29.7.tgz. Extracting by manifest.
1492 silly tarball no local data for update-browserslist-db@https://registry.npmjs.org/update-browserslist-db/-/update-browserslist-db-1.3.1.tgz. Extracting by manifest.
1493 silly tarball no local data for @babel/helper-create-class-features-plugin@https://registry.npmjs.org/@babel/helper-create-class-features-plugin/-/helper-create-class-features-plugin-7.29.7.tgz. Extracting by manifest.
1494 silly tarball no local data for @babel/helper-member-expression-to-functions@https://registry.npmjs.org/@babel/helper-member-expression-to-functions/-/helper-member-expression-to-functions-7.29.7.tgz. Extracting by manifest.
1495 silly tarball no local data for @babel/helper-create-regexp-features-plugin@https://registry.npmjs.org/@babel/helper-create-regexp-features-plugin/-/helper-create-regexp-features-plugin-7.29.7.tgz. Extracting by manifest.
1496 silly tarball no local data for @babel/code-frame@https://registry.npmjs.org/@babel/code-frame/-/code-frame-7.29.7.tgz. Extracting by manifest.
1497 silly tarball no local data for @babel/helper-compilation-targets@https://registry.npmjs.org/@babel/helper-compilation-targets/-/helper-compilation-targets-7.29.7.tgz. Extracting by manifest.
1498 silly tarball no local data for vite@https://registry.npmmirror.com/vite/-/vite-4.5.5.tgz. Extracting by manifest.
1499 silly tarball no local data for @babel/compat-data@https://registry.npmjs.org/@babel/compat-data/-/compat-data-7.29.7.tgz. Extracting by manifest.
1500 silly tarball no local data for semver@https://registry.npmjs.org/semver/-/semver-6.3.1.tgz. Extracting by manifest.
1501 silly tarball no local data for rollup@https://registry.npmmirror.com/rollup/-/rollup-3.29.5.tgz. Extracting by manifest.
1502 silly tarball no local data for node-releases@https://registry.npmjs.org/node-releases/-/node-releases-2.0.53.tgz. Extracting by manifest.
1503 silly tarball no local data for lru-cache@https://registry.npmjs.org/lru-cache/-/lru-cache-5.1.1.tgz. Extracting by manifest.
1504 silly tarball no local data for json5@https://registry.npmmirror.com/json5/-/json5-2.2.3.tgz. Extracting by manifest.
1505 silly tarball no local data for nanoid@https://registry.npmmirror.com/nanoid/-/nanoid-3.3.7.tgz. Extracting by manifest.
1506 silly tarball no local data for jsesc@https://registry.npmjs.org/jsesc/-/jsesc-3.1.0.tgz. Extracting by manifest.
1507 silly tarball no local data for debug@https://registry.npmjs.org/debug/-/debug-4.4.3.tgz. Extracting by manifest.
1508 silly tarball no local data for electron-to-chromium@https://registry.npmjs.org/electron-to-chromium/-/electron-to-chromium-1.5.412.tgz. Extracting by manifest.
1509 silly tarball no local data for esbuild@https://registry.npmmirror.com/esbuild/-/esbuild-0.18.20.tgz. Extracting by manifest.
1510 silly tarball no local data for browserslist@https://registry.npmjs.org/browserslist/-/browserslist-4.28.8.tgz. Extracting by manifest.
1511 silly tarball no local data for caniuse-lite@https://registry.npmjs.org/caniuse-lite/-/caniuse-lite-1.0.30001809.tgz. Extracting by manifest.
1512 silly tarball no local data for babel-plugin-polyfill-corejs3@https://registry.npmjs.org/babel-plugin-polyfill-corejs3/-/babel-plugin-polyfill-corejs3-0.14.2.tgz. Extracting by manifest.
1513 silly tarball no local data for baseline-browser-mapping@https://registry.npmjs.org/baseline-browser-mapping/-/baseline-browser-mapping-2.11.18.tgz. Extracting by manifest.
1514 silly tarball no local data for @babel/helper-plugin-utils@https://registry.npmjs.org/@babel/helper-plugin-utils/-/helper-plugin-utils-7.29.7.tgz. Extracting by manifest.
1515 silly tarball no local data for @babel/helper-plugin-utils@https://registry.npmjs.org/@babel/helper-plugin-utils/-/helper-plugin-utils-7.29.7.tgz. Extracting by manifest.
1516 silly tarball no local data for @babel/helper-plugin-utils@https://registry.npmjs.org/@babel/helper-plugin-utils/-/helper-plugin-utils-7.29.7.tgz. Extracting by manifest.
1517 silly tarball no local data for @babel/helper-validator-identifier@https://registry.npmjs.org/@babel/helper-validator-identifier/-/helper-validator-identifier-7.29.7.tgz. Extracting by manifest.
1518 silly tarball no local data for @babel/helper-plugin-utils@https://registry.npmjs.org/@babel/helper-plugin-utils/-/helper-plugin-utils-7.29.7.tgz. Extracting by manifest.
1519 silly tarball no local data for @babel/types@https://registry.npmjs.org/@babel/types/-/types-7.29.8.tgz. Extracting by manifest.
1520 silly tarball no local data for @babel/helper-validator-identifier@https://registry.npmjs.org/@babel/helper-validator-identifier/-/helper-validator-identifier-7.29.7.tgz. Extracting by manifest.
1521 silly tarball no local data for @babel/helper-string-parser@https://registry.npmjs.org/@babel/helper-string-parser/-/helper-string-parser-7.29.7.tgz. Extracting by manifest.
1522 silly tarball no local data for @babel/helper-plugin-utils@https://registry.npmjs.org/@babel/helper-plugin-utils/-/helper-plugin-utils-7.29.7.tgz. Extracting by manifest.
1523 silly tarball no local data for @babel/helper-plugin-utils@https://registry.npmjs.org/@babel/helper-plugin-utils/-/helper-plugin-utils-7.29.7.tgz. Extracting by manifest.
1524 silly tarball no local data for @babel/helper-plugin-utils@https://registry.npmjs.org/@babel/helper-plugin-utils/-/helper-plugin-utils-7.29.7.tgz. Extracting by manifest.
1525 silly tarball no local data for @babel/helper-string-parser@https://registry.npmjs.org/@babel/helper-string-parser/-/helper-string-parser-7.29.7.tgz. Extracting by manifest.
1526 silly tarball no local data for @babel/helper-plugin-utils@https://registry.npmjs.org/@babel/helper-plugin-utils/-/helper-plugin-utils-7.29.7.tgz. Extracting by manifest.
1527 silly tarball no local data for @babel/types@https://registry.npmjs.org/@babel/types/-/types-7.29.8.tgz. Extracting by manifest.
1528 silly tarball no local data for @babel/helper-plugin-utils@https://registry.npmjs.org/@babel/helper-plugin-utils/-/helper-plugin-utils-7.29.7.tgz. Extracting by manifest.
1529 silly tarball no local data for @babel/helper-plugin-utils@https://registry.npmjs.org/@babel/helper-plugin-utils/-/helper-plugin-utils-7.29.7.tgz. Extracting by manifest.
1530 silly tarball no local data for @babel/helper-plugin-utils@https://registry.npmjs.org/@babel/helper-plugin-utils/-/helper-plugin-utils-7.29.7.tgz. Extracting by manifest.
1531 silly tarball no local data for @babel/helper-plugin-utils@https://registry.npmjs.org/@babel/helper-plugin-utils/-/helper-plugin-utils-7.29.7.tgz. Extracting by manifest.
1532 silly tarball no local data for @babel/helper-plugin-utils@https://registry.npmjs.org/@babel/helper-plugin-utils/-/helper-plugin-utils-7.29.7.tgz. Extracting by manifest.
1533 silly tarball no local data for @babel/helper-plugin-utils@https://registry.npmjs.org/@babel/helper-plugin-utils/-/helper-plugin-utils-7.29.7.tgz. Extracting by manifest.
1534 silly tarball no local data for @babel/helper-plugin-utils@https://registry.npmjs.org/@babel/helper-plugin-utils/-/helper-plugin-utils-7.29.7.tgz. Extracting by manifest.
1535 silly tarball no local data for @babel/helper-plugin-utils@https://registry.npmjs.org/@babel/helper-plugin-utils/-/helper-plugin-utils-7.29.7.tgz. Extracting by manifest.
1536 silly tarball no local data for @babel/helper-plugin-utils@https://registry.npmjs.org/@babel/helper-plugin-utils/-/helper-plugin-utils-7.29.7.tgz. Extracting by manifest.
1537 silly tarball no local data for @babel/helper-plugin-utils@https://registry.npmjs.org/@babel/helper-plugin-utils/-/helper-plugin-utils-7.29.7.tgz. Extracting by manifest.
1538 silly tarball no local data for @babel/helper-plugin-utils@https://registry.npmjs.org/@babel/helper-plugin-utils/-/helper-plugin-utils-7.29.7.tgz. Extracting by manifest.
1539 silly tarball no local data for @babel/helper-plugin-utils@https://registry.npmjs.org/@babel/helper-plugin-utils/-/helper-plugin-utils-7.29.7.tgz. Extracting by manifest.
1540 silly tarball no local data for @babel/helper-plugin-utils@https://registry.npmjs.org/@babel/helper-plugin-utils/-/helper-plugin-utils-7.29.7.tgz. Extracting by manifest.
1541 silly tarball no local data for @babel/helper-plugin-utils@https://registry.npmjs.org/@babel/helper-plugin-utils/-/helper-plugin-utils-7.29.7.tgz. Extracting by manifest.
1542 silly tarball no local data for @babel/helper-plugin-utils@https://registry.npmjs.org/@babel/helper-plugin-utils/-/helper-plugin-utils-7.29.7.tgz. Extracting by manifest.
1543 silly tarball no local data for @babel/helper-plugin-utils@https://registry.npmjs.org/@babel/helper-plugin-utils/-/helper-plugin-utils-7.29.7.tgz. Extracting by manifest.
1544 silly tarball no local data for @babel/helper-plugin-utils@https://registry.npmjs.org/@babel/helper-plugin-utils/-/helper-plugin-utils-7.29.7.tgz. Extracting by manifest.
1545 silly tarball no local data for @babel/helper-plugin-utils@https://registry.npmjs.org/@babel/helper-plugin-utils/-/helper-plugin-utils-7.29.7.tgz. Extracting by manifest.
1546 silly tarball no local data for @babel/helper-plugin-utils@https://registry.npmjs.org/@babel/helper-plugin-utils/-/helper-plugin-utils-7.29.7.tgz. Extracting by manifest.
1547 silly tarball no local data for @babel/helper-globals@https://registry.npmjs.org/@babel/helper-globals/-/helper-globals-7.29.7.tgz. Extracting by manifest.
1548 silly tarball no local data for @babel/helper-string-parser@https://registry.npmjs.org/@babel/helper-string-parser/-/helper-string-parser-7.29.7.tgz. Extracting by manifest.
1549 silly tarball no local data for @babel/types@https://registry.npmjs.org/@babel/types/-/types-7.29.8.tgz. Extracting by manifest.
1550 silly tarball no local data for @babel/helper-validator-identifier@https://registry.npmjs.org/@babel/helper-validator-identifier/-/helper-validator-identifier-7.29.7.tgz. Extracting by manifest.
1551 silly tarball no local data for @babel/helper-plugin-utils@https://registry.npmjs.org/@babel/helper-plugin-utils/-/helper-plugin-utils-7.29.7.tgz. Extracting by manifest.
1552 silly tarball no local data for @babel/helper-plugin-utils@https://registry.npmjs.org/@babel/helper-plugin-utils/-/helper-plugin-utils-7.29.7.tgz. Extracting by manifest.
1553 silly tarball no local data for @babel/helper-plugin-utils@https://registry.npmjs.org/@babel/helper-plugin-utils/-/helper-plugin-utils-7.29.7.tgz. Extracting by manifest.
1554 silly tarball no local data for @babel/traverse@https://registry.npmjs.org/@babel/traverse/-/traverse-7.29.8.tgz. Extracting by manifest.
1555 silly tarball no local data for @babel/helper-globals@https://registry.npmjs.org/@babel/helper-globals/-/helper-globals-7.29.7.tgz. Extracting by manifest.
1556 silly tarball no local data for @babel/helper-plugin-utils@https://registry.npmjs.org/@babel/helper-plugin-utils/-/helper-plugin-utils-7.29.7.tgz. Extracting by manifest.
1557 silly tarball no local data for @babel/traverse@https://registry.npmjs.org/@babel/traverse/-/traverse-7.29.8.tgz. Extracting by manifest.
1558 silly tarball no local data for @babel/helper-string-parser@https://registry.npmjs.org/@babel/helper-string-parser/-/helper-string-parser-7.29.7.tgz. Extracting by manifest.
1559 silly tarball no local data for @babel/helper-validator-identifier@https://registry.npmjs.org/@babel/helper-validator-identifier/-/helper-validator-identifier-7.29.7.tgz. Extracting by manifest.
1560 silly tarball no local data for @babel/types@https://registry.npmjs.org/@babel/types/-/types-7.29.8.tgz. Extracting by manifest.
1561 silly tarball no local data for @babel/helper-plugin-utils@https://registry.npmjs.org/@babel/helper-plugin-utils/-/helper-plugin-utils-7.29.7.tgz. Extracting by manifest.
1562 silly tarball no local data for @babel/helper-plugin-utils@https://registry.npmjs.org/@babel/helper-plugin-utils/-/helper-plugin-utils-7.29.7.tgz. Extracting by manifest.
1563 silly tarball no local data for @babel/helper-plugin-utils@https://registry.npmjs.org/@babel/helper-plugin-utils/-/helper-plugin-utils-7.29.7.tgz. Extracting by manifest.
1564 silly tarball no local data for @babel/helper-plugin-utils@https://registry.npmjs.org/@babel/helper-plugin-utils/-/helper-plugin-utils-7.29.7.tgz. Extracting by manifest.
1565 silly tarball no local data for @babel/helper-plugin-utils@https://registry.npmjs.org/@babel/helper-plugin-utils/-/helper-plugin-utils-7.29.7.tgz. Extracting by manifest.
1566 silly tarball no local data for @babel/helper-plugin-utils@https://registry.npmjs.org/@babel/helper-plugin-utils/-/helper-plugin-utils-7.29.7.tgz. Extracting by manifest.
1567 silly tarball no local data for @babel/helper-plugin-utils@https://registry.npmjs.org/@babel/helper-plugin-utils/-/helper-plugin-utils-7.29.7.tgz. Extracting by manifest.
1568 silly tarball no local data for @babel/helper-plugin-utils@https://registry.npmjs.org/@babel/helper-plugin-utils/-/helper-plugin-utils-7.29.7.tgz. Extracting by manifest.
1569 silly tarball no local data for @babel/helper-plugin-utils@https://registry.npmjs.org/@babel/helper-plugin-utils/-/helper-plugin-utils-7.29.7.tgz. Extracting by manifest.
1570 silly tarball no local data for @babel/helper-validator-identifier@https://registry.npmjs.org/@babel/helper-validator-identifier/-/helper-validator-identifier-7.29.7.tgz. Extracting by manifest.
1571 silly tarball no local data for @babel/helper-string-parser@https://registry.npmjs.org/@babel/helper-string-parser/-/helper-string-parser-7.29.7.tgz. Extracting by manifest.
1572 silly tarball no local data for @babel/helper-globals@https://registry.npmjs.org/@babel/helper-globals/-/helper-globals-7.29.7.tgz. Extracting by manifest.
1573 silly tarball no local data for @babel/types@https://registry.npmjs.org/@babel/types/-/types-7.29.8.tgz. Extracting by manifest.
1574 silly tarball no local data for @babel/helper-plugin-utils@https://registry.npmjs.org/@babel/helper-plugin-utils/-/helper-plugin-utils-7.29.7.tgz. Extracting by manifest.
1575 silly tarball no local data for @babel/traverse@https://registry.npmjs.org/@babel/traverse/-/traverse-7.29.8.tgz. Extracting by manifest.
1576 silly tarball no local data for @babel/helper-plugin-utils@https://registry.npmjs.org/@babel/helper-plugin-utils/-/helper-plugin-utils-7.29.7.tgz. Extracting by manifest.
1577 silly tarball no local data for @babel/helper-validator-identifier@https://registry.npmjs.org/@babel/helper-validator-identifier/-/helper-validator-identifier-7.29.7.tgz. Extracting by manifest.
1578 silly tarball no local data for @babel/helper-string-parser@https://registry.npmjs.org/@babel/helper-string-parser/-/helper-string-parser-7.29.7.tgz. Extracting by manifest.
1579 silly tarball no local data for @babel/helper-plugin-utils@https://registry.npmjs.org/@babel/helper-plugin-utils/-/helper-plugin-utils-7.29.7.tgz. Extracting by manifest.
1580 silly tarball no local data for @babel/types@https://registry.npmjs.org/@babel/types/-/types-7.29.8.tgz. Extracting by manifest.
1581 silly tarball no local data for @babel/helper-plugin-utils@https://registry.npmjs.org/@babel/helper-plugin-utils/-/helper-plugin-utils-7.29.7.tgz. Extracting by manifest.
1582 silly tarball no local data for @babel/helper-globals@https://registry.npmjs.org/@babel/helper-globals/-/helper-globals-7.29.7.tgz. Extracting by manifest.
1583 silly tarball no local data for @babel/traverse@https://registry.npmjs.org/@babel/traverse/-/traverse-7.29.8.tgz. Extracting by manifest.
1584 silly tarball no local data for @babel/helper-plugin-utils@https://registry.npmjs.org/@babel/helper-plugin-utils/-/helper-plugin-utils-7.29.7.tgz. Extracting by manifest.
1585 silly tarball no local data for @babel/helper-plugin-utils@https://registry.npmjs.org/@babel/helper-plugin-utils/-/helper-plugin-utils-7.29.7.tgz. Extracting by manifest.
1586 silly tarball no local data for @babel/helper-plugin-utils@https://registry.npmjs.org/@babel/helper-plugin-utils/-/helper-plugin-utils-7.29.7.tgz. Extracting by manifest.
1587 silly tarball no local data for @babel/types@https://registry.npmjs.org/@babel/types/-/types-7.29.8.tgz. Extracting by manifest.
1588 silly tarball no local data for @babel/helper-validator-identifier@https://registry.npmjs.org/@babel/helper-validator-identifier/-/helper-validator-identifier-7.29.7.tgz. Extracting by manifest.
1589 silly tarball no local data for @babel/helper-plugin-utils@https://registry.npmjs.org/@babel/helper-plugin-utils/-/helper-plugin-utils-7.29.7.tgz. Extracting by manifest.
1590 silly tarball no local data for @babel/helper-plugin-utils@https://registry.npmjs.org/@babel/helper-plugin-utils/-/helper-plugin-utils-7.29.7.tgz. Extracting by manifest.
1591 silly tarball no local data for @babel/traverse@https://registry.npmjs.org/@babel/traverse/-/traverse-7.29.8.tgz. Extracting by manifest.
1592 silly tarball no local data for @babel/helper-module-imports@https://registry.npmjs.org/@babel/helper-module-imports/-/helper-module-imports-7.29.7.tgz. Extracting by manifest.
1593 silly tarball no local data for @babel/helper-plugin-utils@https://registry.npmjs.org/@babel/helper-plugin-utils/-/helper-plugin-utils-7.29.7.tgz. Extracting by manifest.
1594 silly tarball no local data for @babel/helper-globals@https://registry.npmjs.org/@babel/helper-globals/-/helper-globals-7.29.7.tgz. Extracting by manifest.
1595 silly tarball no local data for @babel/helper-validator-identifier@https://registry.npmjs.org/@babel/helper-validator-identifier/-/helper-validator-identifier-7.29.7.tgz. Extracting by manifest.
1596 silly tarball no local data for @babel/helper-string-parser@https://registry.npmjs.org/@babel/helper-string-parser/-/helper-string-parser-7.29.7.tgz. Extracting by manifest.
1597 silly tarball no local data for @babel/types@https://registry.npmjs.org/@babel/types/-/types-7.29.8.tgz. Extracting by manifest.
1598 silly tarball no local data for @babel/helper-string-parser@https://registry.npmjs.org/@babel/helper-string-parser/-/helper-string-parser-7.29.7.tgz. Extracting by manifest.
1599 silly tarball no local data for @babel/helper-plugin-utils@https://registry.npmjs.org/@babel/helper-plugin-utils/-/helper-plugin-utils-7.29.7.tgz. Extracting by manifest.
1600 silly tarball no local data for @babel/traverse@https://registry.npmjs.org/@babel/traverse/-/traverse-7.29.8.tgz. Extracting by manifest.
1601 silly tarball no local data for @babel/helper-globals@https://registry.npmjs.org/@babel/helper-globals/-/helper-globals-7.29.7.tgz. Extracting by manifest.
1602 silly tarball no local data for @babel/helper-plugin-utils@https://registry.npmjs.org/@babel/helper-plugin-utils/-/helper-plugin-utils-7.29.7.tgz. Extracting by manifest.
1603 silly tarball no local data for @babel/helper-string-parser@https://registry.npmjs.org/@babel/helper-string-parser/-/helper-string-parser-7.29.7.tgz. Extracting by manifest.
1604 silly tarball no local data for @babel/helper-globals@https://registry.npmjs.org/@babel/helper-globals/-/helper-globals-7.29.7.tgz. Extracting by manifest.
1605 silly tarball no local data for @babel/types@https://registry.npmjs.org/@babel/types/-/types-7.29.8.tgz. Extracting by manifest.
1606 silly tarball no local data for @babel/helper-validator-identifier@https://registry.npmjs.org/@babel/helper-validator-identifier/-/helper-validator-identifier-7.29.7.tgz. Extracting by manifest.
1607 silly tarball no local data for @babel/traverse@https://registry.npmjs.org/@babel/traverse/-/traverse-7.29.8.tgz. Extracting by manifest.
1608 silly tarball no local data for @babel/helper-plugin-utils@https://registry.npmjs.org/@babel/helper-plugin-utils/-/helper-plugin-utils-7.29.7.tgz. Extracting by manifest.
1609 silly tarball no local data for @babel/helper-plugin-utils@https://registry.npmjs.org/@babel/helper-plugin-utils/-/helper-plugin-utils-7.29.7.tgz. Extracting by manifest.
1610 silly tarball no local data for @babel/helper-plugin-utils@https://registry.npmjs.org/@babel/helper-plugin-utils/-/helper-plugin-utils-7.29.7.tgz. Extracting by manifest.
1611 silly tarball no local data for @babel/helper-plugin-utils@https://registry.npmjs.org/@babel/helper-plugin-utils/-/helper-plugin-utils-7.29.7.tgz. Extracting by manifest.
1612 silly tarball no local data for @babel/helper-plugin-utils@https://registry.npmjs.org/@babel/helper-plugin-utils/-/helper-plugin-utils-7.29.7.tgz. Extracting by manifest.
1613 silly tarball no local data for @babel/types@https://registry.npmjs.org/@babel/types/-/types-7.29.8.tgz. Extracting by manifest.
1614 silly tarball no local data for @babel/helper-validator-identifier@https://registry.npmjs.org/@babel/helper-validator-identifier/-/helper-validator-identifier-7.29.7.tgz. Extracting by manifest.
1615 silly tarball no local data for @babel/helper-string-parser@https://registry.npmjs.org/@babel/helper-string-parser/-/helper-string-parser-7.29.7.tgz. Extracting by manifest.
1616 silly tarball no local data for @babel/helper-plugin-utils@https://registry.npmjs.org/@babel/helper-plugin-utils/-/helper-plugin-utils-7.29.7.tgz. Extracting by manifest.
1617 silly tarball no local data for @babel/helper-globals@https://registry.npmjs.org/@babel/helper-globals/-/helper-globals-7.29.7.tgz. Extracting by manifest.
1618 silly tarball no local data for @babel/helper-validator-identifier@https://registry.npmjs.org/@babel/helper-validator-identifier/-/helper-validator-identifier-7.29.7.tgz. Extracting by manifest.
1619 silly tarball no local data for @babel/traverse@https://registry.npmjs.org/@babel/traverse/-/traverse-7.29.8.tgz. Extracting by manifest.
1620 silly tarball no local data for @babel/helper-plugin-utils@https://registry.npmjs.org/@babel/helper-plugin-utils/-/helper-plugin-utils-7.29.7.tgz. Extracting by manifest.
1621 silly tarball no local data for @babel/types@https://registry.npmjs.org/@babel/types/-/types-7.29.8.tgz. Extracting by manifest.
1622 silly tarball no local data for @babel/types@https://registry.npmjs.org/@babel/types/-/types-7.29.8.tgz. Extracting by manifest.
1623 silly tarball no local data for @babel/helper-validator-identifier@https://registry.npmjs.org/@babel/helper-validator-identifier/-/helper-validator-identifier-7.29.7.tgz. Extracting by manifest.
1624 silly tarball no local data for @babel/helper-string-parser@https://registry.npmjs.org/@babel/helper-string-parser/-/helper-string-parser-7.29.7.tgz. Extracting by manifest.
1625 silly tarball no local data for @babel/helper-string-parser@https://registry.npmjs.org/@babel/helper-string-parser/-/helper-string-parser-7.29.7.tgz. Extracting by manifest.
1626 silly tarball no local data for @babel/helper-plugin-utils@https://registry.npmjs.org/@babel/helper-plugin-utils/-/helper-plugin-utils-7.29.7.tgz. Extracting by manifest.
1627 silly tarball no local data for @babel/helper-plugin-utils@https://registry.npmjs.org/@babel/helper-plugin-utils/-/helper-plugin-utils-7.29.7.tgz. Extracting by manifest.
1628 silly tarball no local data for @babel/types@https://registry.npmjs.org/@babel/types/-/types-7.29.8.tgz. Extracting by manifest.
1629 silly tarball no local data for @babel/traverse@https://registry.npmjs.org/@babel/traverse/-/traverse-7.29.8.tgz. Extracting by manifest.
1630 silly tarball no local data for @babel/helper-validator-identifier@https://registry.npmjs.org/@babel/helper-validator-identifier/-/helper-validator-identifier-7.29.7.tgz. Extracting by manifest.
1631 silly tarball no local data for @babel/helper-string-parser@https://registry.npmjs.org/@babel/helper-string-parser/-/helper-string-parser-7.29.7.tgz. Extracting by manifest.
1632 silly tarball no local data for @babel/helper-globals@https://registry.npmjs.org/@babel/helper-globals/-/helper-globals-7.29.7.tgz. Extracting by manifest.
1633 silly tarball no local data for @babel/helper-string-parser@https://registry.npmjs.org/@babel/helper-string-parser/-/helper-string-parser-7.29.7.tgz. Extracting by manifest.
1634 silly tarball no local data for @babel/helper-validator-identifier@https://registry.npmjs.org/@babel/helper-validator-identifier/-/helper-validator-identifier-7.29.7.tgz. Extracting by manifest.
1635 silly tarball no local data for @babel/types@https://registry.npmjs.org/@babel/types/-/types-7.29.8.tgz. Extracting by manifest.
1636 silly tarball no local data for @babel/helper-globals@https://registry.npmjs.org/@babel/helper-globals/-/helper-globals-7.29.7.tgz. Extracting by manifest.
1637 silly tarball no local data for @babel/helper-plugin-utils@https://registry.npmjs.org/@babel/helper-plugin-utils/-/helper-plugin-utils-7.29.7.tgz. Extracting by manifest.
1638 silly tarball no local data for @babel/traverse@https://registry.npmjs.org/@babel/traverse/-/traverse-7.29.8.tgz. Extracting by manifest.
1639 silly tarball no local data for @babel/types@https://registry.npmjs.org/@babel/types/-/types-7.29.8.tgz. Extracting by manifest.
1640 silly tarball no local data for @babel/helper-validator-identifier@https://registry.npmjs.org/@babel/helper-validator-identifier/-/helper-validator-identifier-7.29.7.tgz. Extracting by manifest.
1641 silly tarball no local data for @babel/traverse@https://registry.npmjs.org/@babel/traverse/-/traverse-7.29.8.tgz. Extracting by manifest.
1642 silly tarball no local data for @babel/helper-string-parser@https://registry.npmjs.org/@babel/helper-string-parser/-/helper-string-parser-7.29.7.tgz. Extracting by manifest.
1643 silly tarball no local data for @babel/helper-globals@https://registry.npmjs.org/@babel/helper-globals/-/helper-globals-7.29.7.tgz. Extracting by manifest.
1644 silly tarball no local data for @babel/helper-validator-identifier@https://registry.npmjs.org/@babel/helper-validator-identifier/-/helper-validator-identifier-7.29.7.tgz. Extracting by manifest.
1645 silly tarball no local data for @babel/helper-string-parser@https://registry.npmjs.org/@babel/helper-string-parser/-/helper-string-parser-7.29.7.tgz. Extracting by manifest.
1646 silly tarball no local data for @babel/types@https://registry.npmjs.org/@babel/types/-/types-7.29.8.tgz. Extracting by manifest.
1647 silly tarball no local data for @babel/helper-string-parser@https://registry.npmjs.org/@babel/helper-string-parser/-/helper-string-parser-7.29.7.tgz. Extracting by manifest.
1648 silly tarball no local data for @babel/helper-validator-identifier@https://registry.npmjs.org/@babel/helper-validator-identifier/-/helper-validator-identifier-7.29.7.tgz. Extracting by manifest.
1649 silly tarball no local data for @babel/traverse@https://registry.npmjs.org/@babel/traverse/-/traverse-7.29.8.tgz. Extracting by manifest.
1650 silly tarball no local data for @babel/helper-globals@https://registry.npmjs.org/@babel/helper-globals/-/helper-globals-7.29.7.tgz. Extracting by manifest.
1651 silly tarball no local data for @babel/types@https://registry.npmjs.org/@babel/types/-/types-7.29.8.tgz. Extracting by manifest.
1652 silly tarball no local data for @babel/helper-validator-identifier@https://registry.npmjs.org/@babel/helper-validator-identifier/-/helper-validator-identifier-7.29.7.tgz. Extracting by manifest.
1653 silly tarball no local data for @babel/helper-globals@https://registry.npmjs.org/@babel/helper-globals/-/helper-globals-7.29.7.tgz. Extracting by manifest.
1654 silly tarball no local data for @babel/types@https://registry.npmjs.org/@babel/types/-/types-7.29.8.tgz. Extracting by manifest.
1655 silly tarball no local data for @babel/helper-string-parser@https://registry.npmjs.org/@babel/helper-string-parser/-/helper-string-parser-7.29.7.tgz. Extracting by manifest.
1656 silly tarball no local data for @babel/helper-string-parser@https://registry.npmjs.org/@babel/helper-string-parser/-/helper-string-parser-7.29.7.tgz. Extracting by manifest.
1657 silly tarball no local data for @babel/traverse@https://registry.npmjs.org/@babel/traverse/-/traverse-7.29.8.tgz. Extracting by manifest.
1658 silly tarball no local data for @babel/helper-plugin-utils@https://registry.npmjs.org/@babel/helper-plugin-utils/-/helper-plugin-utils-7.29.7.tgz. Extracting by manifest.
1659 silly tarball no local data for @babel/helper-validator-identifier@https://registry.npmjs.org/@babel/helper-validator-identifier/-/helper-validator-identifier-7.29.7.tgz. Extracting by manifest.
1660 silly tarball no local data for @babel/types@https://registry.npmjs.org/@babel/types/-/types-7.29.8.tgz. Extracting by manifest.
1661 silly tarball no local data for @babel/helper-string-parser@https://registry.npmjs.org/@babel/helper-string-parser/-/helper-string-parser-7.29.7.tgz. Extracting by manifest.
1662 silly tarball no local data for @babel/types@https://registry.npmjs.org/@babel/types/-/types-7.29.8.tgz. Extracting by manifest.
1663 silly tarball no local data for @babel/traverse@https://registry.npmjs.org/@babel/traverse/-/traverse-7.29.8.tgz. Extracting by manifest.
1664 silly tarball no local data for @babel/helper-globals@https://registry.npmjs.org/@babel/helper-globals/-/helper-globals-7.29.7.tgz. Extracting by manifest.
1665 silly tarball no local data for @babel/helper-validator-identifier@https://registry.npmjs.org/@babel/helper-validator-identifier/-/helper-validator-identifier-7.29.7.tgz. Extracting by manifest.
1666 silly tarball no local data for @babel/helper-string-parser@https://registry.npmjs.org/@babel/helper-string-parser/-/helper-string-parser-7.29.7.tgz. Extracting by manifest.
1667 silly tarball no local data for @babel/helper-validator-identifier@https://registry.npmjs.org/@babel/helper-validator-identifier/-/helper-validator-identifier-7.29.7.tgz. Extracting by manifest.
1668 silly tarball no local data for @babel/types@https://registry.npmjs.org/@babel/types/-/types-7.29.8.tgz. Extracting by manifest.
1669 silly tarball no local data for @babel/traverse@https://registry.npmjs.org/@babel/traverse/-/traverse-7.29.8.tgz. Extracting by manifest.
1670 silly tarball no local data for @babel/helper-validator-identifier@https://registry.npmjs.org/@babel/helper-validator-identifier/-/helper-validator-identifier-7.29.7.tgz. Extracting by manifest.
1671 silly tarball no local data for @babel/helper-module-imports@https://registry.npmjs.org/@babel/helper-module-imports/-/helper-module-imports-7.29.7.tgz. Extracting by manifest.
1672 silly tarball no local data for @babel/helper-globals@https://registry.npmjs.org/@babel/helper-globals/-/helper-globals-7.29.7.tgz. Extracting by manifest.
1673 silly tarball no local data for @babel/helper-string-parser@https://registry.npmjs.org/@babel/helper-string-parser/-/helper-string-parser-7.29.7.tgz. Extracting by manifest.
1674 silly tarball no local data for @babel/traverse@https://registry.npmjs.org/@babel/traverse/-/traverse-7.29.8.tgz. Extracting by manifest.
1675 silly tarball no local data for @babel/helper-globals@https://registry.npmjs.org/@babel/helper-globals/-/helper-globals-7.29.7.tgz. Extracting by manifest.
1676 silly tarball no local data for @babel/types@https://registry.npmjs.org/@babel/types/-/types-7.29.8.tgz. Extracting by manifest.
1677 silly tarball no local data for @babel/helper-validator-identifier@https://registry.npmjs.org/@babel/helper-validator-identifier/-/helper-validator-identifier-7.29.7.tgz. Extracting by manifest.
1678 http fetch POST 200 https://registry.npmjs.org/-/npm/v1/security/advisories/bulk 447ms
1679 silly audit report {
1679 silly audit report   'brace-expansion': [
1679 silly audit report     {
1679 silly audit report       id: 1105443,
1679 silly audit report       url: 'https://github.com/advisories/GHSA-v6h2-p8h4-qcjw',
1679 silly audit report       title: 'brace-expansion Regular Expression Denial of Service vulnerability',
1679 silly audit report       severity: 'low',
1679 silly audit report       vulnerable_versions: '>=1.0.0 <=1.1.11',
1679 silly audit report       cwe: [Array],
1679 silly audit report       cvss: [Object]
1679 silly audit report     },
1679 silly audit report     {
1679 silly audit report       id: 1130588,
1679 silly audit report       url: 'https://github.com/advisories/GHSA-mh99-v99m-4gvg',
1679 silly audit report       title: 'brace-expansion: DoS via unbounded expansion length causing an out-of-memory process crash',
1679 silly audit report       severity: 'high',
1679 silly audit report       vulnerable_versions: '<1.1.17',
1679 silly audit report       cwe: [Array],
1679 silly audit report       cvss: [Object]
1679 silly audit report     },
1679 silly audit report     {
1679 silly audit report       id: 1130737,
1679 silly audit report       url: 'https://github.com/advisories/GHSA-rgw5-rvv9-x895',
1679 silly audit report       title: 'brace-expansion: DoS via unbounded intermediate arrays, bypassing the CVE-2026-14257 mitigation',
1679 silly audit report       severity: 'high',
1679 silly audit report       vulnerable_versions: '<1.1.18',
1679 silly audit report       cwe: [Array],
1679 silly audit report       cvss: [Object]
1679 silly audit report     },
1679 silly audit report     {
1679 silly audit report       id: 1115540,
1679 silly audit report       url: 'https://github.com/advisories/GHSA-f886-m6hf-6m8v',
1679 silly audit report       title: 'brace-expansion: Zero-step sequence causes process hang and memory exhaustion',
1679 silly audit report       severity: 'moderate',
1679 silly audit report       vulnerable_versions: '<1.1.13',
1679 silly audit report       cwe: [Array],
1679 silly audit report       cvss: [Object]
1679 silly audit report     },
1679 silly audit report     {
1679 silly audit report       id: 1123897,
1679 silly audit report       url: 'https://github.com/advisories/GHSA-3jxr-9vmj-r5cp',
1679 silly audit report       title: 'brace-expansion: DoS via exponential-time expansion of consecutive non-expanding {} groups',
1679 silly audit report       severity: 'high',
1679 silly audit report       vulnerable_versions: '<1.1.16',
1679 silly audit report       cwe: [Array],
1679 silly audit report       cvss: [Object]
1679 silly audit report     }
1679 silly audit report   ],
1679 silly audit report   esbuild: [
1679 silly audit report     {
1679 silly audit report       id: 1102341,
1679 silly audit report       url: 'https://github.com/advisories/GHSA-67mh-4wv8-2f99',
1679 silly audit report       title: 'esbuild enables any website to send any requests to the development server and read the response',
1679 silly audit report       severity: 'moderate',
1679 silly audit report       vulnerable_versions: '<=0.24.2',
1679 silly audit report       cwe: [Array],
1679 silly audit report       cvss: [Object]
1679 silly audit report     }
1679 silly audit report   ],
1679 silly audit report   lodash: [
1679 silly audit report     {
1679 silly audit report       id: 1120370,
1679 silly audit report       url: 'https://github.com/advisories/GHSA-xxjr-mmjv-4gpg',
1679 silly audit report       title: 'Lodash has Prototype Pollution Vulnerability in `_.unset` and `_.omit` functions',
1679 silly audit report       severity: 'moderate',
1679 silly audit report       vulnerable_versions: '>=4.0.0 <=4.17.22',
1679 silly audit report       cwe: [Array],
1679 silly audit report       cvss: [Object]
1679 silly audit report     },
1679 silly audit report     {
1679 silly audit report       id: 1115806,
1679 silly audit report       url: 'https://github.com/advisories/GHSA-r5fr-rjxr-66jc',
1679 silly audit report       title: 'lodash vulnerable to Code Injection via `_.template` imports key names',
1679 silly audit report       severity: 'high',
1679 silly audit report       vulnerable_versions: '>=4.0.0 <=4.17.23',
1679 silly audit report       cwe: [Array],
1679 silly audit report       cvss: [Object]
1679 silly audit report     },
1679 silly audit report     {
1679 silly audit report       id: 1115810,
1679 silly audit report       url: 'https://github.com/advisories/GHSA-f23m-r3pf-42rh',
1679 silly audit report       title: 'lodash vulnerable to Prototype Pollution via array path bypass in `_.unset` and `_.omit`',
1679 silly audit report       severity: 'moderate',
1679 silly audit report       vulnerable_versions: '<=4.17.23',
1679 silly audit report       cwe: [Array],
1679 silly audit report       cvss: [Object]
1679 silly audit report     }
1679 silly audit report   ],
1679 silly audit report   picomatch: [
1679 silly audit report     {
1679 silly audit report       id: 1115549,
1679 silly audit report       url: 'https://github.com/advisories/GHSA-3v7f-55p6-f55p',
1679 silly audit report       title: 'Picomatch: Method Injection in POSIX Character Classes causes incorrect Glob Matching',
1679 silly audit report       severity: 'moderate',
1679 silly audit report       vulnerable_versions: '<2.3.2',
1679 silly audit report       cwe: [Array],
1679 silly audit report       cvss: [Object]
1679 silly audit report     },
1679 silly audit report     {
1679 silly audit report       id: 1115551,
1679 silly audit report       url: 'https://github.com/advisories/GHSA-3v7f-55p6-f55p',
1679 silly audit report       title: 'Picomatch: Method Injection in POSIX Character Classes causes incorrect Glob Matching',
1679 silly audit report       severity: 'moderate',
1679 silly audit report       vulnerable_versions: '>=4.0.0 <4.0.4',
1679 silly audit report       cwe: [Array],
1679 silly audit report       cvss: [Object]
1679 silly audit report     },
1679 silly audit report     {
1679 silly audit report       id: 1115552,
1679 silly audit report       url: 'https://github.com/advisories/GHSA-c2c7-rcm5-vvqj',
1679 silly audit report       title: 'Picomatch has a ReDoS vulnerability via extglob quantifiers',
1679 silly audit report       severity: 'high',
1679 silly audit report       vulnerable_versions: '<2.3.2',
1679 silly audit report       cwe: [Array],
1679 silly audit report       cvss: [Object]
1679 silly audit report     },
1679 silly audit report     {
1679 silly audit report       id: 1115554,
1679 silly audit report       url: 'https://github.com/advisories/GHSA-c2c7-rcm5-vvqj',
1679 silly audit report       title: 'Picomatch has a ReDoS vulnerability via extglob quantifiers',
1679 silly audit report       severity: 'high',
1679 silly audit report       vulnerable_versions: '>=4.0.0 <4.0.4',
1679 silly audit report       cwe: [Array],
1679 silly audit report       cvss: [Object]
1679 silly audit report     }
1679 silly audit report   ],
1679 silly audit report   minimatch: [
1679 silly audit report     {
1679 silly audit report       id: 1113459,
1679 silly audit report       url: 'https://github.com/advisories/GHSA-3ppc-4f35-3m26',
1679 silly audit report       title: 'minimatch has a ReDoS via repeated wildcards with non-matching literal in pattern',
1679 silly audit report       severity: 'high',
1679 silly audit report       vulnerable_versions: '<3.1.3',
1679 silly audit report       cwe: [Array],
1679 silly audit report       cvss: [Object]
1679 silly audit report     },
1679 silly audit report     {
1679 silly audit report       id: 1113538,
1679 silly audit report       url: 'https://github.com/advisories/GHSA-7r86-cg39-jmmj',
1679 silly audit report       title: 'minimatch has ReDoS: matchOne() combinatorial backtracking via multiple non-adjacent GLOBSTAR segments',
1679 silly audit report       severity: 'high',
1679 silly audit report       vulnerable_versions: '<3.1.3',
1679 silly audit report       cwe: [Array],
1679 silly audit report       cvss: [Object]
1679 silly audit report     },
1679 silly audit report     {
1679 silly audit report       id: 1113546,
1679 silly audit report       url: 'https://github.com/advisories/GHSA-23c5-xmqv-rm74',
1679 silly audit report       title: 'minimatch ReDoS: nested *() extglobs generate catastrophically backtracking regular expressions',
1679 silly audit report       severity: 'high',
1679 silly audit report       vulnerable_versions: '<3.1.4',
1679 silly audit report       cwe: [Array],
1679 silly audit report       cvss: [Object]
1679 silly audit report     }
1679 silly audit report   ],
1679 silly audit report   nanoid: [
1679 silly audit report     {
1679 silly audit report       id: 1109563,
1679 silly audit report       url: 'https://github.com/advisories/GHSA-mwcw-c2x4-8c55',
1679 silly audit report       title: 'Predictable results in nanoid generation when given non-integer values',
1679 silly audit report       severity: 'moderate',
1679 silly audit report       vulnerable_versions: '<3.3.8',
1679 silly audit report       cwe: [Array],
1679 silly audit report       cvss: [Object]
1679 silly audit report     },
1679 silly audit report     {
1679 silly audit report       id: 1138811,
1679 silly audit report       url: 'https://github.com/advisories/GHSA-28wg-ghj8-5hjv',
1679 silly audit report       title: 'nanoid: non-secure generators can loop indefinitely with negative size',
1679 silly audit report       severity: 'high',
1679 silly audit report       vulnerable_versions: '<3.3.16',
1679 silly audit report       cwe: [Array],
1679 silly audit report       cvss: [Object]
1679 silly audit report     },
1679 silly audit report     {
1679 silly audit report       id: 1139427,
1679 silly audit report       url: 'https://github.com/advisories/GHSA-2v37-7h3g-55p8',
1679 silly audit report       title: 'nanoid: custom generators can loop indefinitely when size is zero',
1679 silly audit report       severity: 'high',
1679 silly audit report       vulnerable_versions: '<3.3.18',
1679 silly audit report       cwe: [Array],
1679 silly audit report       cvss: [Object]
1679 silly audit report     }
1679 silly audit report   ],
1679 silly audit report   postcss: [
1679 silly audit report     {
1679 silly audit report       id: 1130709,
1679 silly audit report       url: 'https://github.com/advisories/GHSA-fxqj-rqcc-2cmp',
1679 silly audit report       title: 'PostCSS: incomplete fix of GHSA-6g55-p6wh-862q — attacker-controlled sourceMappingURL reads arbitrary .map files when `from` is unset',
1679 silly audit report       severity: 'moderate',
1679 silly audit report       vulnerable_versions: '<=8.5.22',
1679 silly audit report       cwe: [Array],
1679 silly audit report       cvss: [Object]
1679 silly audit report     },
1679 silly audit report     {
1679 silly audit report       id: 1117015,
1679 silly audit report       url: 'https://github.com/advisories/GHSA-qx2v-qp2m-jg93',
1679 silly audit report       title: 'PostCSS has XSS via Unescaped </style> in its CSS Stringify Output',
1679 silly audit report       severity: 'moderate',
1679 silly audit report       vulnerable_versions: '<8.5.10',
1679 silly audit report       cwe: [Array],
1679 silly audit report       cvss: [Object]
1679 silly audit report     },
1679 silly audit report     {
1679 silly audit report       id: 1124252,
1679 silly audit report       url: 'https://github.com/advisories/GHSA-6g55-p6wh-862q',
1679 silly audit report       title: 'PostCSS: Arbitrary file read and information disclosure via attacker-controlled sourceMappingURL in CSS comments',
1679 silly audit report       severity: 'high',
1679 silly audit report       vulnerable_versions: '<=8.5.11',
1679 silly audit report       cwe: [Array],
1679 silly audit report       cvss: [Object]
1679 silly audit report     },
1679 silly audit report     {
1679 silly audit report       id: 1139510,
1679 silly audit report       url: 'https://github.com/advisories/GHSA-r28c-9q8g-f849',
1679 silly audit report       title: 'PostCSS: Path Traversal in Previous Source Map Auto-Loading (sourceMappingURL) leads to Arbitrary .map File Disclosure',
1679 silly audit report       severity: 'high',
1679 silly audit report       vulnerable_versions: '<=8.5.17',
1679 silly audit report       cwe: [Array],
1679 silly audit report       cvss: [Object]
1679 silly audit report     }
1679 silly audit report   ],
1679 silly audit report   rollup: [
1679 silly audit report     {
1679 silly audit report       id: 1113516,
1679 silly audit report       url: 'https://github.com/advisories/GHSA-mw96-cpmx-2vgc',
1679 silly audit report       title: 'Rollup 4 has Arbitrary File Write via Path Traversal',
1679 silly audit report       severity: 'high',
1679 silly audit report       vulnerable_versions: '>=3.0.0 <3.30.0',
1679 silly audit report       cwe: [Array],
1679 silly audit report       cvss: [Object]
1679 silly audit report     }
1679 silly audit report   ],
1679 silly audit report   vite: [
1679 silly audit report     {
1679 silly audit report       id: 1102436,
1679 silly audit report       url: 'https://github.com/advisories/GHSA-vg6x-rcgg-rjx6',
1679 silly audit report       title: 'Websites were able to send any requests to the development server and read the response in vite',
1679 silly audit report       severity: 'moderate',
1679 silly audit report       vulnerable_versions: '<=4.5.5',
1679 silly audit report       cwe: [Array],
1679 silly audit report       cvss: [Object]
1679 silly audit report     },
1679 silly audit report     {
1679 silly audit report       id: 1103516,
1679 silly audit report       url: 'https://github.com/advisories/GHSA-x574-m823-4x7w',
1679 silly audit report       title: 'Vite bypasses server.fs.deny when using ?raw??',
1679 silly audit report       severity: 'moderate',
1679 silly audit report       vulnerable_versions: '<4.5.10',
1679 silly audit report       cwe: [Array],
1679 silly audit report       cvss: [Object]
1679 silly audit report     },
1679 silly audit report     {
1679 silly audit report       id: 1103883,
1679 silly audit report       url: 'https://github.com/advisories/GHSA-356w-63v5-8wf4',
1679 silly audit report       title: 'Vite has an `server.fs.deny` bypass with an invalid `request-target`',
1679 silly audit report       severity: 'moderate',
1679 silly audit report       vulnerable_versions: '<4.5.13',
1679 silly audit report       cwe: [Array],
1679 silly audit report       cvss: [Object]
1679 silly audit report     },
1679 silly audit report     {
1679 silly audit report       id: 1104172,
1679 silly audit report       url: 'https://github.com/advisories/GHSA-859w-5945-r5v3',
1679 silly audit report       title: "Vite's server.fs.deny bypassed with /. for files under project root",
1679 silly audit report       severity: 'moderate',
1679 silly audit report       vulnerable_versions: '<=4.5.13',
1679 silly audit report       cwe: [Array],
1679 silly audit report       cvss: [Object]
1679 silly audit report     },
1679 silly audit report     {
1679 silly audit report       id: 1104201,
1679 silly audit report       url: 'https://github.com/advisories/GHSA-xcj6-pq6g-qj4x',
1679 silly audit report       title: 'Vite allows server.fs.deny to be bypassed with .svg or relative paths',
1679 silly audit report       severity: 'moderate',
1679 silly audit report       vulnerable_versions: '<4.5.12',
1679 silly audit report       cwe: [Array],
1679 silly audit report       cvss: [Object]
1679 silly audit report     },
1679 silly audit report     {
1679 silly audit report       id: 1107323,
1679 silly audit report       url: 'https://github.com/advisories/GHSA-g4jq-h2w9-997c',
1679 silly audit report       title: 'Vite middleware may serve files starting with the same name with the public directory',
1679 silly audit report       severity: 'low',
1679 silly audit report       vulnerable_versions: '<=5.4.19',
1679 silly audit report       cwe: [Array],
1679 silly audit report       cvss: [Object]
1679 silly audit report     },
1679 silly audit report     {
1679 silly audit report       id: 1107327,
1679 silly audit report       url: 'https://github.com/advisories/GHSA-jqfw-vq24-v9c3',
1679 silly audit report       title: "Vite's `server.fs` settings were not applied to HTML files",
1679 silly audit report       severity: 'low',
1679 silly audit report       vulnerable_versions: '<=5.4.19',
1679 silly audit report       cwe: [Array],
1679 silly audit report       cvss: [Object]
1679 silly audit report     },
1679 silly audit report     {
1679 silly audit report       id: 1109132,
1679 silly audit report       url: 'https://github.com/advisories/GHSA-93m4-6634-74q7',
1679 silly audit report       title: 'vite allows server.fs.deny bypass via backslash on Windows',
1679 silly audit report       severity: 'moderate',
1679 silly audit report       vulnerable_versions: '>=4.5.3 <5.0.0',
1679 silly audit report       cwe: [Array],
1679 silly audit report       cvss: [Object]
1679 silly audit report     },
1679 silly audit report     {
1679 silly audit report       id: 1112510,
1679 silly audit report       url: 'https://github.com/advisories/GHSA-4r4m-qw57-chr8',
1679 silly audit report       title: 'Vite has a `server.fs.deny` bypassed for `inline` and `raw` with `?import` query',
1679 silly audit report       severity: 'moderate',
1679 silly audit report       vulnerable_versions: '<4.5.11',
1679 silly audit report       cwe: [Array],
1679 silly audit report       cvss: [Object]
1679 silly audit report     },
1679 silly audit report     {
1679 silly audit report       id: 1120061,
1679 silly audit report       url: 'https://github.com/advisories/GHSA-c27g-q93r-2cwf',
1679 silly audit report       title: 'launch-editor vulnerable to command injection via the crafted request on Windows',
1679 silly audit report       severity: 'high',
1679 silly audit report       vulnerable_versions: '<=5.4.8',
1679 silly audit report       cwe: [Array],
1679 silly audit report       cvss: [Object]
1679 silly audit report     },
1679 silly audit report     {
1679 silly audit report       id: 1120784,
1679 silly audit report       url: 'https://github.com/advisories/GHSA-v6wh-96g9-6wx3',
1679 silly audit report       title: 'launch-editor: NTLMv2 hash disclosure via UNC path handling on Windows',
1679 silly audit report       severity: 'moderate',
1679 silly audit report       vulnerable_versions: '<=6.4.2',
1679 silly audit report       cwe: [Array],
1679 silly audit report       cvss: [Object]
1679 silly audit report     },
1679 silly audit report     {
1679 silly audit report       id: 1116229,
1679 silly audit report       url: 'https://github.com/advisories/GHSA-4w7w-66w2-5vf9',
1679 silly audit report       title: 'Vite Vulnerable to Path Traversal in Optimized Deps `.map` Handling',
1679 silly audit report       severity: 'moderate',
1679 silly audit report       vulnerable_versions: '<=6.4.1',
1679 silly audit report       cwe: [Array],
1679 silly audit report       cvss: [Object]
1679 silly audit report     },
1679 silly audit report     {
1679 silly audit report       id: 1123525,
1679 silly audit report       url: 'https://github.com/advisories/GHSA-fx2h-pf6j-xcff',
1679 silly audit report       title: 'vite: `server.fs.deny` bypass on Windows alternate paths',
1679 silly audit report       severity: 'high',
1679 silly audit report       vulnerable_versions: '<=6.4.2',
1679 silly audit report       cwe: [Array],
1679 silly audit report       cvss: [Object]
1679 silly audit report     }
1679 silly audit report   ],
1679 silly audit report   '@babel/core': [
1679 silly audit report     {
1679 silly audit report       id: 1123528,
1679 silly audit report       url: 'https://github.com/advisories/GHSA-4x5r-pxfx-6jf8',
1679 silly audit report       title: '@babel/core: Arbitrary File Read via sourceMappingURL Comment',
1679 silly audit report       severity: 'low',
1679 silly audit report       vulnerable_versions: '<=7.29.0',
1679 silly audit report       cwe: [Array],
1679 silly audit report       cvss: [Object]
1679 silly audit report     }
1679 silly audit report   ],
1679 silly audit report   '@babel/helpers': [
1679 silly audit report     {
1679 silly audit report       id: 1104001,
1679 silly audit report       url: 'https://github.com/advisories/GHSA-968p-4wvh-cqc8',
1679 silly audit report       title: 'Babel has inefficient RegExp complexity in generated code with .replace when transpiling named capturing groups',
1679 silly audit report       severity: 'moderate',
1679 silly audit report       vulnerable_versions: '<7.26.10',
1679 silly audit report       cwe: [Array],
1679 silly audit report       cvss: [Object]
1679 silly audit report     }
1679 silly audit report   ]
1679 silly audit report }
1680 silly packumentCache corgi:https://registry.npmjs.org/brace-expansion cache-miss
1681 silly packumentCache corgi:https://registry.npmjs.org/esbuild cache-miss
1682 silly packumentCache corgi:https://registry.npmjs.org/lodash cache-miss
1683 silly packumentCache corgi:https://registry.npmjs.org/picomatch cache-miss
1684 silly packumentCache corgi:https://registry.npmjs.org/minimatch cache-miss
1685 silly packumentCache corgi:https://registry.npmjs.org/nanoid cache-miss
1686 silly packumentCache corgi:https://registry.npmjs.org/postcss cache-miss
1687 silly packumentCache corgi:https://registry.npmjs.org/rollup cache-miss
1688 silly packumentCache corgi:https://registry.npmjs.org/vite cache-miss
1689 silly packumentCache corgi:https://registry.npmjs.org/@babel%2fcore cache-miss
1690 silly packumentCache corgi:https://registry.npmjs.org/@babel%2fhelpers cache-miss
1691 http fetch GET 200 https://registry.npmjs.org/es-errors/-/es-errors-1.3.0.tgz 456ms (cache miss)
1692 http fetch GET 200 https://registry.npmjs.org/path-parse/-/path-parse-1.0.7.tgz 455ms (cache miss)
1693 http fetch GET 200 https://registry.npmjs.org/hasown/-/hasown-2.0.4.tgz 461ms (cache miss)
1694 http fetch GET 200 https://registry.npmjs.org/supports-preserve-symlinks-flag/-/supports-preserve-symlinks-flag-1.0.0.tgz 460ms (cache miss)
1695 http fetch GET 200 https://registry.npmjs.org/babel-plugin-polyfill-regenerator/-/babel-plugin-polyfill-regenerator-0.6.8.tgz 459ms (cache miss)
1696 http fetch GET 200 https://registry.npmjs.org/is-core-module/-/is-core-module-2.16.2.tgz 475ms (cache miss)
1697 http fetch GET 200 https://registry.npmjs.org/function-bind/-/function-bind-1.1.2.tgz 488ms (cache miss)
1698 http fetch GET 200 https://registry.npmjs.org/babel-plugin-polyfill-corejs2/-/babel-plugin-polyfill-corejs2-0.4.17.tgz 485ms (cache miss)
1699 http fetch GET 200 https://registry.npmjs.org/@babel/plugin-syntax-import-attributes/-/plugin-syntax-import-attributes-7.29.7.tgz 504ms (cache miss)
1700 http fetch GET 200 https://cdn.npmmirror.com/packages/nanoid/3.3.7/nanoid-3.3.7.tgz 587ms (cache miss)
1701 http fetch GET 200 https://registry.npmjs.org/@babel/plugin-syntax-import-assertions/-/plugin-syntax-import-assertions-7.29.7.tgz 655ms (cache miss)
1702 http fetch GET 200 https://registry.npmjs.org/@babel/plugin-transform-unicode-sets-regex/-/plugin-transform-unicode-sets-regex-7.29.7.tgz 680ms (cache miss)
1703 http fetch GET 200 https://registry.npmjs.org/@babel/plugin-transform-unicode-property-regex/-/plugin-transform-unicode-property-regex-7.29.7.tgz 682ms (cache miss)
1704 http fetch GET 200 https://registry.npmjs.org/@babel/preset-modules/-/preset-modules-0.1.6-no-external-plugins.tgz 688ms (cache miss)
1705 http fetch GET 200 https://registry.npmjs.org/@babel/plugin-transform-template-literals/-/plugin-transform-template-literals-7.29.7.tgz 695ms (cache miss)
1706 http fetch GET 200 https://registry.npmjs.org/@babel/plugin-transform-unicode-escapes/-/plugin-transform-unicode-escapes-7.29.7.tgz 700ms (cache miss)
1707 http fetch GET 200 https://cdn.npmmirror.com/packages/esbuild/0.18.20/esbuild-0.18.20.tgz 688ms (cache miss)
1708 http fetch GET 200 https://registry.npmjs.org/regjsparser/-/regjsparser-0.13.2.tgz 783ms (cache miss)
1709 http fetch GET 200 https://registry.npmjs.org/@babel/plugin-transform-typeof-symbol/-/plugin-transform-typeof-symbol-7.29.7.tgz 742ms (cache miss)
1710 http fetch GET 200 https://cdn.npmmirror.com/packages/json5/2.2.3/json5-2.2.3.tgz 752ms (cache miss)
1711 http fetch GET 200 https://registry.npmjs.org/@babel/template/-/template-7.29.7.tgz 789ms (cache miss)
1712 http fetch GET 200 https://registry.npmjs.org/@babel/plugin-transform-private-methods/-/plugin-transform-private-methods-7.29.7.tgz 2185ms (cache miss)
1713 http fetch GET 200 https://registry.npmjs.org/@babel/plugin-transform-modules-umd/-/plugin-transform-modules-umd-7.29.7.tgz 2185ms (cache miss)
1714 http fetch GET 200 https://registry.npmjs.org/@babel/plugin-transform-exponentiation-operator/-/plugin-transform-exponentiation-operator-7.29.7.tgz 2183ms (cache miss)
1715 http fetch GET 200 https://registry.npmjs.org/@babel/plugin-transform-logical-assignment-operators/-/plugin-transform-logical-assignment-operators-7.29.7.tgz 2184ms (cache miss)
1716 http fetch GET 200 https://registry.npmjs.org/@babel/plugin-transform-duplicate-named-capturing-groups-regex/-/plugin-transform-duplicate-named-capturing-groups-regex-7.29.7.tgz 2183ms (cache miss)
1717 http fetch GET 200 https://registry.npmjs.org/@babel/plugin-bugfix-safari-id-destructuring-collision-in-function-expression/-/plugin-bugfix-safari-id-destructuring-collision-in-function-expression-7.29.7.tgz 2179ms (cache miss)
1718 http fetch GET 200 https://registry.npmjs.org/@babel/helper-optimise-call-expression/-/helper-optimise-call-expression-7.29.7.tgz 2176ms (cache miss)
1719 http fetch GET 200 https://registry.npmjs.org/@babel/plugin-transform-spread/-/plugin-transform-spread-7.29.8.tgz 2215ms (cache miss)
1720 http fetch GET 200 https://registry.npmjs.org/@babel/plugin-transform-private-property-in-object/-/plugin-transform-private-property-in-object-7.29.7.tgz 2215ms (cache miss)
1721 http fetch GET 200 https://registry.npmjs.org/@babel/plugin-transform-regexp-modifiers/-/plugin-transform-regexp-modifiers-7.29.7.tgz 2216ms (cache miss)
1722 http fetch GET 200 https://registry.npmjs.org/@babel/plugin-transform-sticky-regex/-/plugin-transform-sticky-regex-7.29.7.tgz 2215ms (cache miss)
1723 http fetch GET 200 https://registry.npmjs.org/@babel/plugin-transform-optional-catch-binding/-/plugin-transform-optional-catch-binding-7.29.7.tgz 2215ms (cache miss)
1724 http fetch GET 200 https://registry.npmjs.org/@babel/plugin-transform-reserved-words/-/plugin-transform-reserved-words-7.29.7.tgz 2224ms (cache miss)
1725 http fetch GET 200 https://registry.npmjs.org/@babel/plugin-transform-shorthand-properties/-/plugin-transform-shorthand-properties-7.29.7.tgz 2223ms (cache miss)
1726 http fetch GET 200 https://registry.npmjs.org/@babel/plugin-transform-new-target/-/plugin-transform-new-target-7.29.7.tgz 2222ms (cache miss)
1727 http fetch GET 200 https://registry.npmjs.org/@babel/plugin-transform-optional-chaining/-/plugin-transform-optional-chaining-7.29.7.tgz 2222ms (cache miss)
1728 http fetch GET 200 https://registry.npmjs.org/@babel/plugin-transform-property-literals/-/plugin-transform-property-literals-7.29.7.tgz 2223ms (cache miss)
1729 http fetch GET 200 https://registry.npmjs.org/@babel/plugin-transform-nullish-coalescing-operator/-/plugin-transform-nullish-coalescing-operator-7.29.7.tgz 2222ms (cache miss)
1730 http fetch GET 200 https://registry.npmjs.org/@babel/plugin-transform-literals/-/plugin-transform-literals-7.29.7.tgz 2219ms (cache miss)
1731 http fetch GET 200 https://registry.npmjs.org/@babel/plugin-transform-modules-systemjs/-/plugin-transform-modules-systemjs-7.29.8.tgz 2221ms (cache miss)
1732 http fetch GET 200 https://registry.npmjs.org/@babel/plugin-transform-explicit-resource-management/-/plugin-transform-explicit-resource-management-7.29.7.tgz 2218ms (cache miss)
1733 http fetch GET 200 https://registry.npmjs.org/@babel/plugin-transform-function-name/-/plugin-transform-function-name-7.29.7.tgz 2217ms (cache miss)
1734 http fetch GET 200 https://registry.npmjs.org/@babel/plugin-transform-numeric-separator/-/plugin-transform-numeric-separator-7.29.7.tgz 2220ms (cache miss)
1735 http fetch GET 200 https://registry.npmjs.org/@babel/plugin-transform-class-static-block/-/plugin-transform-class-static-block-7.29.7.tgz 2217ms (cache miss)
1736 http fetch GET 200 https://registry.npmjs.org/@babel/plugin-transform-class-properties/-/plugin-transform-class-properties-7.29.7.tgz 2214ms (cache miss)
1737 http fetch GET 200 https://registry.npmjs.org/@babel/plugin-transform-block-scoped-functions/-/plugin-transform-block-scoped-functions-7.29.7.tgz 2214ms (cache miss)
1738 http fetch GET 200 https://registry.npmjs.org/@babel/plugin-transform-async-generator-functions/-/plugin-transform-async-generator-functions-7.29.7.tgz 2216ms (cache miss)
1739 http fetch GET 200 https://registry.npmjs.org/@babel/plugin-bugfix-safari-class-field-initializer-scope/-/plugin-bugfix-safari-class-field-initializer-scope-7.29.7.tgz 2212ms (cache miss)
1740 http fetch GET 200 https://registry.npmjs.org/@babel/plugin-bugfix-firefox-class-in-computed-class-key/-/plugin-bugfix-firefox-class-in-computed-class-key-7.29.7.tgz 2211ms (cache miss)
1741 http fetch GET 200 https://registry.npmjs.org/@babel/helper-remap-async-to-generator/-/helper-remap-async-to-generator-7.29.7.tgz 2212ms (cache miss)
1742 http fetch GET 200 https://registry.npmjs.org/@babel/plugin-bugfix-v8-static-class-fields-redefine-readonly/-/plugin-bugfix-v8-static-class-fields-redefine-readonly-7.29.7.tgz 2215ms (cache miss)
1743 http fetch GET 200 https://registry.npmjs.org/update-browserslist-db/-/update-browserslist-db-1.3.1.tgz 2211ms (cache miss)
1744 http fetch GET 200 https://registry.npmjs.org/@babel/plugin-syntax-unicode-sets-regex/-/plugin-syntax-unicode-sets-regex-7.18.6.tgz 2246ms (cache miss)
1745 http fetch GET 200 https://registry.npmjs.org/@babel/helper-member-expression-to-functions/-/helper-member-expression-to-functions-7.29.7.tgz 2217ms (cache miss)
1746 http fetch GET 200 https://registry.npmjs.org/@babel/plugin-transform-object-super/-/plugin-transform-object-super-7.29.7.tgz 2248ms (cache miss)
1747 http fetch GET 200 https://registry.npmjs.org/@babel/plugin-transform-modules-amd/-/plugin-transform-modules-amd-7.29.7.tgz 2248ms (cache miss)
1748 http fetch GET 200 https://registry.npmjs.org/@babel/plugin-transform-named-capturing-groups-regex/-/plugin-transform-named-capturing-groups-regex-7.29.7.tgz 2248ms (cache miss)
1749 http fetch GET 200 https://registry.npmjs.org/@babel/plugin-transform-json-strings/-/plugin-transform-json-strings-7.29.7.tgz 2249ms (cache miss)
1750 http fetch GET 200 https://registry.npmjs.org/@babel/plugin-transform-dynamic-import/-/plugin-transform-dynamic-import-7.29.7.tgz 2247ms (cache miss)
1751 http fetch GET 200 https://registry.npmjs.org/@babel/plugin-transform-computed-properties/-/plugin-transform-computed-properties-7.29.7.tgz 2247ms (cache miss)
1752 http fetch GET 200 https://registry.npmjs.org/@babel/plugin-transform-arrow-functions/-/plugin-transform-arrow-functions-7.29.7.tgz 2243ms (cache miss)
1753 http fetch GET 200 https://registry.npmjs.org/@babel/helper-wrap-function/-/helper-wrap-function-7.29.7.tgz 2247ms (cache miss)
1754 http fetch GET 200 https://registry.npmjs.org/@babel/helper-annotate-as-pure/-/helper-annotate-as-pure-7.29.7.tgz 2246ms (cache miss)
1755 http fetch GET 200 https://registry.npmjs.org/@babel/plugin-transform-unicode-regex/-/plugin-transform-unicode-regex-7.29.7.tgz 2300ms (cache miss)
1756 http fetch GET 200 https://registry.npmjs.org/@babel/plugin-transform-export-namespace-from/-/plugin-transform-export-namespace-from-7.29.7.tgz 2285ms (cache miss)
1757 http fetch GET 200 https://registry.npmjs.org/@babel/plugin-transform-async-to-generator/-/plugin-transform-async-to-generator-7.29.7.tgz 2283ms (cache miss)
1758 http fetch GET 200 https://registry.npmjs.org/@babel/plugin-transform-dotall-regex/-/plugin-transform-dotall-regex-7.29.7.tgz 2283ms (cache miss)
1759 http fetch GET 200 https://registry.npmjs.org/@babel/helper-replace-supers/-/helper-replace-supers-7.29.7.tgz 2276ms (cache miss)
1760 http fetch GET 200 https://registry.npmjs.org/@babel/plugin-transform-member-expression-literals/-/plugin-transform-member-expression-literals-7.29.7.tgz 2301ms (cache miss)
1761 http fetch GET 200 https://registry.npmjs.org/@babel/plugin-transform-duplicate-keys/-/plugin-transform-duplicate-keys-7.29.7.tgz 2319ms (cache miss)
1762 http fetch GET 200 https://registry.npmjs.org/@babel/plugin-bugfix-v8-spread-parameters-in-optional-chaining/-/plugin-bugfix-v8-spread-parameters-in-optional-chaining-7.29.7.tgz 2316ms (cache miss)
1763 http fetch GET 200 https://registry.npmjs.org/@babel/helper-skip-transparent-expression-wrappers/-/helper-skip-transparent-expression-wrappers-7.29.7.tgz 2328ms (cache miss)
1764 http fetch GET 200 https://registry.npmjs.org/@babel/compat-data/-/compat-data-7.29.7.tgz 2363ms (cache miss)
1765 http fetch GET 200 https://registry.npmjs.org/lru-cache/-/lru-cache-5.1.1.tgz 2361ms (cache miss)
1766 http fetch GET 200 https://registry.npmjs.org/@babel/plugin-transform-object-rest-spread/-/plugin-transform-object-rest-spread-7.29.7.tgz 2410ms (cache miss)
1767 http fetch GET 200 https://registry.npmjs.org/@babel/plugin-transform-destructuring/-/plugin-transform-destructuring-7.29.7.tgz 2403ms (cache miss)
1768 http fetch GET 200 https://registry.npmjs.org/node-releases/-/node-releases-2.0.53.tgz 2397ms (cache miss)
1769 http fetch GET 200 https://registry.npmjs.org/@babel/helper-compilation-targets/-/helper-compilation-targets-7.29.7.tgz 2425ms (cache miss)
1770 http fetch GET 200 https://registry.npmjs.org/@babel/plugin-proposal-private-property-in-object/-/plugin-proposal-private-property-in-object-7.21.0-placeholder-for-preset-env.2.tgz 2515ms (cache miss)
1771 http fetch GET 200 https://registry.npmjs.org/@babel/plugin-bugfix-safari-rest-destructuring-rhs-array/-/plugin-bugfix-safari-rest-destructuring-rhs-array-7.29.7.tgz 2496ms (cache miss)
1772 http fetch GET 200 https://registry.npmjs.org/@babel/plugin-transform-for-of/-/plugin-transform-for-of-7.29.7.tgz 2559ms (cache miss)
1773 http fetch GET 200 https://registry.npmjs.org/semver/-/semver-6.3.1.tgz 2618ms (cache miss)
1774 http fetch GET 200 https://registry.npmjs.org/@babel/helper-validator-identifier/-/helper-validator-identifier-7.29.7.tgz 2611ms (cache miss)
1775 http fetch GET 200 https://registry.npmjs.org/@babel/helper-plugin-utils/-/helper-plugin-utils-7.29.7.tgz 2629ms (cache miss)
1776 http fetch GET 200 https://registry.npmjs.org/@babel/helper-plugin-utils/-/helper-plugin-utils-7.29.7.tgz 2629ms (cache miss)
1777 http fetch GET 200 https://registry.npmjs.org/@babel/helper-plugin-utils/-/helper-plugin-utils-7.29.7.tgz 2627ms (cache miss)
1778 http fetch GET 200 https://registry.npmjs.org/@babel/helper-plugin-utils/-/helper-plugin-utils-7.29.7.tgz 2635ms (cache miss)
1779 http fetch GET 200 https://registry.npmjs.org/@babel/helper-plugin-utils/-/helper-plugin-utils-7.29.7.tgz 2636ms (cache miss)
1780 http fetch GET 200 https://registry.npmjs.org/@babel/helper-plugin-utils/-/helper-plugin-utils-7.29.7.tgz 2658ms (cache miss)
1781 http fetch GET 200 https://registry.npmjs.org/@babel/helper-plugin-utils/-/helper-plugin-utils-7.29.7.tgz 2674ms (cache miss)
1782 http fetch GET 200 https://registry.npmjs.org/@babel/code-frame/-/code-frame-7.29.7.tgz 2760ms (cache miss)
1783 http fetch GET 200 https://registry.npmjs.org/@babel/helper-string-parser/-/helper-string-parser-7.29.7.tgz 2780ms (cache miss)
1784 http fetch GET 200 https://registry.npmjs.org/debug/-/debug-4.4.3.tgz 2813ms (cache miss)
1785 http fetch GET 200 https://registry.npmjs.org/@babel/helper-plugin-utils/-/helper-plugin-utils-7.29.7.tgz 2856ms (cache miss)
1786 http fetch GET 200 https://registry.npmjs.org/@babel/helper-plugin-utils/-/helper-plugin-utils-7.29.7.tgz 2859ms (cache miss)
1787 http fetch GET 200 https://registry.npmjs.org/@babel/helper-plugin-utils/-/helper-plugin-utils-7.29.7.tgz 2859ms (cache miss)
1788 http fetch GET 200 https://registry.npmjs.org/@babel/helper-plugin-utils/-/helper-plugin-utils-7.29.7.tgz 2859ms (cache miss)
1789 http fetch GET 200 https://registry.npmjs.org/@babel/helper-plugin-utils/-/helper-plugin-utils-7.29.7.tgz 2869ms (cache miss)
1790 http fetch GET 200 https://registry.npmjs.org/@babel/helper-plugin-utils/-/helper-plugin-utils-7.29.7.tgz 2868ms (cache miss)
1791 http fetch GET 200 https://registry.npmjs.org/@babel/plugin-transform-classes/-/plugin-transform-classes-7.29.7.tgz 2905ms (cache miss)
1792 http fetch GET 200 https://registry.npmjs.org/@babel/helper-plugin-utils/-/helper-plugin-utils-7.29.7.tgz 2902ms (cache miss)
1793 http fetch GET 200 https://registry.npmjs.org/@babel/helper-plugin-utils/-/helper-plugin-utils-7.29.7.tgz 2902ms (cache miss)
1794 http fetch GET 200 https://registry.npmjs.org/jsesc/-/jsesc-3.1.0.tgz 2965ms (cache miss)
1795 http fetch GET 200 https://registry.npmjs.org/@babel/helper-plugin-utils/-/helper-plugin-utils-7.29.7.tgz 2973ms (cache miss)
1796 http fetch GET 200 https://registry.npmjs.org/@babel/helper-plugin-utils/-/helper-plugin-utils-7.29.7.tgz 2968ms (cache miss)
1797 http fetch GET 200 https://registry.npmjs.org/@babel/helper-validator-option/-/helper-validator-option-7.29.7.tgz 3010ms (cache miss)
1798 http fetch GET 200 https://registry.npmjs.org/@babel/helper-plugin-utils/-/helper-plugin-utils-7.29.7.tgz 2991ms (cache miss)
1799 http fetch GET 200 https://registry.npmjs.org/@babel/helper-plugin-utils/-/helper-plugin-utils-7.29.7.tgz 3020ms (cache miss)
1800 http fetch GET 200 https://registry.npmjs.org/@babel/helper-plugin-utils/-/helper-plugin-utils-7.29.7.tgz 3020ms (cache miss)
1801 http fetch GET 200 https://registry.npmjs.org/@babel/helper-plugin-utils/-/helper-plugin-utils-7.29.7.tgz 3022ms (cache miss)
1802 http fetch GET 200 https://registry.npmjs.org/@babel/helper-plugin-utils/-/helper-plugin-utils-7.29.7.tgz 3025ms (cache miss)
1803 http fetch GET 200 https://registry.npmjs.org/@babel/helper-plugin-utils/-/helper-plugin-utils-7.29.7.tgz 3025ms (cache miss)
1804 http fetch GET 200 https://registry.npmjs.org/@babel/helper-string-parser/-/helper-string-parser-7.29.7.tgz 3033ms (cache miss)
1805 http fetch GET 200 https://registry.npmjs.org/@babel/helper-string-parser/-/helper-string-parser-7.29.7.tgz 3046ms (cache miss)
1806 http fetch GET 200 https://registry.npmjs.org/@babel/plugin-transform-parameters/-/plugin-transform-parameters-7.29.7.tgz 3096ms (cache miss)
1807 http fetch GET 200 https://registry.npmjs.org/@babel/helper-globals/-/helper-globals-7.29.7.tgz 3052ms (cache miss)
1808 http fetch GET 200 https://registry.npmjs.org/@babel/helper-plugin-utils/-/helper-plugin-utils-7.29.7.tgz 3061ms (cache miss)
1809 http fetch GET 200 https://registry.npmjs.org/@babel/plugin-transform-block-scoping/-/plugin-transform-block-scoping-7.29.7.tgz 3093ms (cache miss)
1810 http fetch GET 200 https://registry.npmjs.org/browserslist/-/browserslist-4.28.8.tgz 3078ms (cache miss)
1811 http fetch GET 200 https://registry.npmjs.org/@babel/helper-plugin-utils/-/helper-plugin-utils-7.29.7.tgz 3079ms (cache miss)
1812 http fetch GET 200 https://registry.npmjs.org/@babel/helper-plugin-utils/-/helper-plugin-utils-7.29.7.tgz 3078ms (cache miss)
1813 http fetch GET 200 https://registry.npmjs.org/@babel/helper-plugin-utils/-/helper-plugin-utils-7.29.7.tgz 3087ms (cache miss)
1814 http fetch GET 200 https://registry.npmjs.org/@babel/helper-create-regexp-features-plugin/-/helper-create-regexp-features-plugin-7.29.7.tgz 3109ms (cache miss)
1815 http fetch GET 200 https://registry.npmjs.org/@babel/plugin-transform-modules-commonjs/-/plugin-transform-modules-commonjs-7.29.7.tgz 3134ms (cache miss)
1816 http fetch GET 200 https://registry.npmjs.org/@babel/helper-plugin-utils/-/helper-plugin-utils-7.29.7.tgz 3101ms (cache miss)
1817 http fetch GET 200 https://registry.npmjs.org/@babel/helper-plugin-utils/-/helper-plugin-utils-7.29.7.tgz 3102ms (cache miss)
1818 http fetch GET 200 https://registry.npmjs.org/@babel/helper-globals/-/helper-globals-7.29.7.tgz 3140ms (cache miss)
1819 http fetch GET 200 https://registry.npmjs.org/@babel/helper-plugin-utils/-/helper-plugin-utils-7.29.7.tgz 3144ms (cache miss)
1820 http fetch GET 200 https://registry.npmjs.org/electron-to-chromium/-/electron-to-chromium-1.5.412.tgz 3174ms (cache miss)
1821 http fetch GET 200 https://registry.npmjs.org/@babel/helper-plugin-utils/-/helper-plugin-utils-7.29.7.tgz 3174ms (cache miss)
1822 http fetch GET 200 https://registry.npmjs.org/@babel/helper-validator-identifier/-/helper-validator-identifier-7.29.7.tgz 3190ms (cache miss)
1823 http fetch GET 200 https://registry.npmjs.org/@babel/helper-validator-identifier/-/helper-validator-identifier-7.29.7.tgz 3177ms (cache miss)
1824 http fetch GET 200 https://registry.npmjs.org/@babel/helper-plugin-utils/-/helper-plugin-utils-7.29.7.tgz 3179ms (cache miss)
1825 http fetch GET 200 https://registry.npmjs.org/baseline-browser-mapping/-/baseline-browser-mapping-2.11.18.tgz 3212ms (cache miss)
1826 http fetch GET 200 https://registry.npmjs.org/@babel/helper-plugin-utils/-/helper-plugin-utils-7.29.7.tgz 3238ms (cache miss)
1827 http fetch GET 200 https://registry.npmjs.org/@babel/helper-string-parser/-/helper-string-parser-7.29.7.tgz 3251ms (cache miss)
1828 http fetch GET 200 https://registry.npmjs.org/@babel/helper-plugin-utils/-/helper-plugin-utils-7.29.7.tgz 3272ms (cache miss)
1829 http fetch GET 200 https://registry.npmjs.org/@babel/helper-plugin-utils/-/helper-plugin-utils-7.29.7.tgz 3299ms (cache miss)
1830 http fetch GET 200 https://registry.npmjs.org/@babel/helper-plugin-utils/-/helper-plugin-utils-7.29.7.tgz 3324ms (cache miss)
1831 http fetch GET 200 https://registry.npmjs.org/@babel/helper-plugin-utils/-/helper-plugin-utils-7.29.7.tgz 3326ms (cache miss)
1832 http fetch GET 200 https://registry.npmjs.org/@babel/helper-plugin-utils/-/helper-plugin-utils-7.29.7.tgz 3342ms (cache miss)
1833 http fetch GET 200 https://registry.npmjs.org/@babel/helper-plugin-utils/-/helper-plugin-utils-7.29.7.tgz 3365ms (cache miss)
1834 http fetch GET 200 https://registry.npmjs.org/@babel/helper-globals/-/helper-globals-7.29.7.tgz 3396ms (cache miss)
1835 http fetch GET 200 https://registry.npmjs.org/@babel/helper-string-parser/-/helper-string-parser-7.29.7.tgz 3406ms (cache miss)
1836 http fetch GET 200 https://registry.npmjs.org/@babel/helper-plugin-utils/-/helper-plugin-utils-7.29.7.tgz 3421ms (cache miss)
1837 http fetch GET 200 https://registry.npmjs.org/@babel/helper-plugin-utils/-/helper-plugin-utils-7.29.7.tgz 3458ms (cache miss)
1838 http fetch GET 200 https://registry.npmjs.org/@babel/helper-module-transforms/-/helper-module-transforms-7.29.7.tgz 3549ms (cache miss)
1839 http fetch GET 200 https://registry.npmjs.org/@babel/helper-plugin-utils/-/helper-plugin-utils-7.29.7.tgz 3546ms (cache miss)
1840 http fetch GET 200 https://registry.npmjs.org/@babel/helper-string-parser/-/helper-string-parser-7.29.7.tgz 3550ms (cache miss)
1841 http fetch GET 200 https://registry.npmjs.org/@babel/helper-validator-identifier/-/helper-validator-identifier-7.29.7.tgz 3552ms (cache miss)
1842 http fetch GET 200 https://registry.npmjs.org/@babel/helper-plugin-utils/-/helper-plugin-utils-7.29.7.tgz 3608ms (cache miss)
1843 http fetch GET 200 https://registry.npmjs.org/@babel/helper-validator-identifier/-/helper-validator-identifier-7.29.7.tgz 3656ms (cache miss)
1844 http fetch GET 200 https://registry.npmjs.org/@babel/helper-plugin-utils/-/helper-plugin-utils-7.29.7.tgz 3685ms (cache miss)
1845 http fetch GET 200 https://registry.npmjs.org/@babel/helper-plugin-utils/-/helper-plugin-utils-7.29.7.tgz 3701ms (cache miss)
1846 http fetch GET 200 https://registry.npmjs.org/@babel/helper-plugin-utils/-/helper-plugin-utils-7.29.7.tgz 3768ms (cache miss)
1847 http fetch GET 200 https://registry.npmjs.org/@babel/helper-validator-identifier/-/helper-validator-identifier-7.29.7.tgz 3810ms (cache miss)
1848 http fetch GET 200 https://registry.npmjs.org/babel-plugin-polyfill-corejs3/-/babel-plugin-polyfill-corejs3-0.14.2.tgz 3839ms (cache miss)
1849 http fetch GET 200 https://registry.npmjs.org/@babel/helper-globals/-/helper-globals-7.29.7.tgz 3819ms (cache miss)
1850 http fetch GET 200 https://registry.npmjs.org/@babel/helper-plugin-utils/-/helper-plugin-utils-7.29.7.tgz 3838ms (cache miss)
1851 http fetch GET 200 https://registry.npmjs.org/@babel/helper-create-class-features-plugin/-/helper-create-class-features-plugin-7.29.7.tgz 3881ms (cache miss)
1852 http fetch GET 200 https://registry.npmjs.org/@babel/helper-plugin-utils/-/helper-plugin-utils-7.29.7.tgz 3838ms (cache miss)
1853 http fetch GET 200 https://registry.npmjs.org/@babel/helper-plugin-utils/-/helper-plugin-utils-7.29.7.tgz 3839ms (cache miss)
1854 http fetch GET 200 https://registry.npmjs.org/@babel/helper-validator-identifier/-/helper-validator-identifier-7.29.7.tgz 3847ms (cache miss)
1855 http fetch GET 200 https://registry.npmjs.org/@babel/helper-globals/-/helper-globals-7.29.7.tgz 3894ms (cache miss)
1856 http fetch GET 200 https://registry.npmjs.org/@babel/helper-define-polyfill-provider/-/helper-define-polyfill-provider-0.6.8.tgz 3965ms (cache miss)
1857 http fetch GET 200 https://registry.npmjs.org/@babel/helper-validator-identifier/-/helper-validator-identifier-7.29.7.tgz 3932ms (cache miss)
1858 http fetch GET 200 https://registry.npmjs.org/@babel/helper-plugin-utils/-/helper-plugin-utils-7.29.7.tgz 3948ms (cache miss)
1859 http fetch GET 200 https://registry.npmjs.org/@babel/helper-plugin-utils/-/helper-plugin-utils-7.29.7.tgz 3960ms (cache miss)
1860 http fetch GET 200 https://registry.npmjs.org/@babel/helper-string-parser/-/helper-string-parser-7.29.7.tgz 3963ms (cache miss)
1861 http fetch GET 200 https://registry.npmjs.org/@babel/helper-globals/-/helper-globals-7.29.7.tgz 3983ms (cache miss)
1862 http fetch GET 200 https://registry.npmjs.org/@babel/plugin-transform-regenerator/-/plugin-transform-regenerator-7.29.8.tgz 4093ms (cache miss)
1863 http fetch GET 200 https://registry.npmjs.org/@babel/helper-string-parser/-/helper-string-parser-7.29.7.tgz 4076ms (cache miss)
1864 http fetch GET 200 https://registry.npmjs.org/@babel/helper-globals/-/helper-globals-7.29.7.tgz 4101ms (cache miss)
1865 http fetch GET 200 https://registry.npmjs.org/@babel/helper-string-parser/-/helper-string-parser-7.29.7.tgz 4151ms (cache miss)
1866 http fetch GET 200 https://registry.npmjs.org/@babel/helper-plugin-utils/-/helper-plugin-utils-7.29.7.tgz 4157ms (cache miss)
1867 http fetch GET 200 https://registry.npmjs.org/@babel/helper-plugin-utils/-/helper-plugin-utils-7.29.7.tgz 4176ms (cache miss)
1868 http fetch GET 200 https://registry.npmjs.org/@babel/preset-env/-/preset-env-7.29.7.tgz 4296ms (cache miss)
1869 http fetch GET 200 https://registry.npmjs.org/@babel/helper-plugin-utils/-/helper-plugin-utils-7.29.7.tgz 4217ms (cache miss)
1870 http fetch GET 200 https://registry.npmjs.org/@babel/helper-plugin-utils/-/helper-plugin-utils-7.29.7.tgz 4230ms (cache miss)
1871 http fetch GET 200 https://registry.npmjs.org/@babel/helper-plugin-utils/-/helper-plugin-utils-7.29.7.tgz 4264ms (cache miss)
1872 http fetch GET 200 https://registry.npmjs.org/@babel/helper-plugin-utils/-/helper-plugin-utils-7.29.7.tgz 4300ms (cache miss)
1873 http fetch GET 200 https://registry.npmjs.org/@babel/helper-plugin-utils/-/helper-plugin-utils-7.29.7.tgz 4304ms (cache miss)
1874 http fetch GET 200 https://registry.npmjs.org/@babel/helper-string-parser/-/helper-string-parser-7.29.7.tgz 4306ms (cache miss)
1875 http fetch GET 200 https://registry.npmjs.org/@babel/parser/-/parser-7.29.8.tgz 4406ms (cache miss)
1876 http fetch GET 200 https://registry.npmjs.org/@babel/helper-validator-identifier/-/helper-validator-identifier-7.29.7.tgz 4349ms (cache miss)
1877 http fetch GET 200 https://registry.npmjs.org/@babel/helper-plugin-utils/-/helper-plugin-utils-7.29.7.tgz 4388ms (cache miss)
1878 http fetch GET 200 https://cdn.npmmirror.com/packages/rollup/3.29.5/rollup-3.29.5.tgz 4444ms (cache miss)
1879 http fetch GET 200 https://registry.npmjs.org/@babel/helper-module-imports/-/helper-module-imports-7.29.7.tgz 4461ms (cache miss)
1880 http fetch GET 200 https://registry.npmjs.org/@babel/helper-validator-identifier/-/helper-validator-identifier-7.29.7.tgz 4450ms (cache miss)
1881 http fetch GET 200 https://registry.npmjs.org/@babel/helper-string-parser/-/helper-string-parser-7.29.7.tgz 4451ms (cache miss)
1882 http fetch GET 200 https://registry.npmjs.org/@babel/helper-plugin-utils/-/helper-plugin-utils-7.29.7.tgz 4468ms (cache miss)
1883 http fetch GET 200 https://registry.npmjs.org/@babel/helper-plugin-utils/-/helper-plugin-utils-7.29.7.tgz 4484ms (cache miss)
1884 http fetch GET 200 https://registry.npmjs.org/@babel/helper-globals/-/helper-globals-7.29.7.tgz 4557ms (cache miss)
1885 http fetch GET 200 https://registry.npmjs.org/@babel/helper-string-parser/-/helper-string-parser-7.29.7.tgz 4564ms (cache miss)
1886 http fetch GET 200 https://registry.npmjs.org/@babel/helper-validator-identifier/-/helper-validator-identifier-7.29.7.tgz 4572ms (cache miss)
1887 http fetch GET 200 https://registry.npmjs.org/@babel/helper-string-parser/-/helper-string-parser-7.29.7.tgz 4615ms (cache miss)
1888 http fetch GET 200 https://registry.npmjs.org/@babel/helper-validator-identifier/-/helper-validator-identifier-7.29.7.tgz 4686ms (cache miss)
1889 http fetch GET 200 https://registry.npmjs.org/@babel/helper-string-parser/-/helper-string-parser-7.29.7.tgz 4696ms (cache miss)
1890 http fetch GET 200 https://registry.npmjs.org/@babel/helper-globals/-/helper-globals-7.29.7.tgz 4786ms (cache miss)
1891 http fetch GET 200 https://registry.npmjs.org/@babel/helper-validator-identifier/-/helper-validator-identifier-7.29.7.tgz 4875ms (cache miss)
1892 http fetch GET 200 https://registry.npmjs.org/@babel/helper-globals/-/helper-globals-7.29.7.tgz 4895ms (cache miss)
1893 http fetch GET 200 https://registry.npmjs.org/@babel/helper-plugin-utils/-/helper-plugin-utils-7.29.7.tgz 4894ms (cache miss)
1894 http fetch GET 200 https://registry.npmjs.org/@babel/helper-validator-identifier/-/helper-validator-identifier-7.29.7.tgz 5069ms (cache miss)
1895 http fetch GET 200 https://registry.npmjs.org/@babel/helper-string-parser/-/helper-string-parser-7.29.7.tgz 5073ms (cache miss)
1896 http fetch GET 200 https://registry.npmjs.org/@babel/helper-globals/-/helper-globals-7.29.7.tgz 5133ms (cache miss)
1897 http fetch GET 200 https://registry.npmjs.org/@babel/helper-globals/-/helper-globals-7.29.7.tgz 5132ms (cache miss)
1898 http fetch GET 200 https://registry.npmjs.org/@babel/helper-string-parser/-/helper-string-parser-7.29.7.tgz 5199ms (cache miss)
1899 http fetch GET 200 https://registry.npmjs.org/@babel/helper-string-parser/-/helper-string-parser-7.29.7.tgz 5322ms (cache miss)
1900 http fetch GET 200 https://registry.npmjs.org/@babel/helper-string-parser/-/helper-string-parser-7.29.7.tgz 5339ms (cache miss)
1901 http fetch GET 200 https://registry.npmjs.org/@babel/helper-plugin-utils/-/helper-plugin-utils-7.29.7.tgz 5418ms (cache miss)
1902 http fetch GET 200 https://registry.npmjs.org/@babel/helper-validator-identifier/-/helper-validator-identifier-7.29.7.tgz 5496ms (cache miss)
1903 http fetch GET 200 https://registry.npmjs.org/@babel/helper-validator-identifier/-/helper-validator-identifier-7.29.7.tgz 5580ms (cache miss)
1904 http fetch GET 200 https://registry.npmjs.org/@babel/helper-string-parser/-/helper-string-parser-7.29.7.tgz 5576ms (cache miss)
1905 http fetch GET 200 https://registry.npmjs.org/@babel/helper-string-parser/-/helper-string-parser-7.29.7.tgz 5723ms (cache miss)
1906 http fetch GET 200 https://registry.npmjs.org/@babel/helper-string-parser/-/helper-string-parser-7.29.7.tgz 5742ms (cache miss)
1907 http fetch GET 200 https://registry.npmjs.org/@babel/helper-validator-identifier/-/helper-validator-identifier-7.29.7.tgz 5742ms (cache miss)
1908 http fetch GET 200 https://registry.npmjs.org/@babel/helper-globals/-/helper-globals-7.29.7.tgz 5782ms (cache miss)
1909 http fetch GET 200 https://registry.npmjs.org/@babel/helper-module-imports/-/helper-module-imports-7.29.7.tgz 5785ms (cache miss)
1910 http fetch GET 200 https://registry.npmjs.org/@babel/helper-validator-identifier/-/helper-validator-identifier-7.29.7.tgz 5980ms (cache miss)
1911 http fetch GET 200 https://registry.npmjs.org/@babel/helper-globals/-/helper-globals-7.29.7.tgz 5993ms (cache miss)
1912 http fetch GET 200 https://registry.npmjs.org/@babel/helper-globals/-/helper-globals-7.29.7.tgz 6135ms (cache miss)
1913 http fetch GET 200 https://registry.npmjs.org/brace-expansion 5996ms (cache miss)
1914 silly packumentCache corgi:https://registry.npmjs.org/brace-expansion set size:undefined disposed:false
1915 http fetch GET 200 https://registry.npmjs.org/@babel/helper-string-parser/-/helper-string-parser-7.29.7.tgz 6162ms (cache miss)
1916 http fetch GET 200 https://registry.npmjs.org/@babel/helper-validator-identifier/-/helper-validator-identifier-7.29.7.tgz 6228ms (cache miss)
1917 http fetch GET 200 https://registry.npmjs.org/picomatch 6077ms (cache miss)
1918 silly packumentCache corgi:https://registry.npmjs.org/picomatch set size:undefined disposed:false
1919 http fetch GET 200 https://registry.npmjs.org/lodash 6080ms (cache miss)
1920 silly packumentCache corgi:https://registry.npmjs.org/lodash set size:undefined disposed:false
1921 http fetch GET 200 https://registry.npmjs.org/@babel/helper-globals/-/helper-globals-7.29.7.tgz 6239ms (cache miss)
1922 http fetch GET 200 https://registry.npmjs.org/@babel/helper-validator-identifier/-/helper-validator-identifier-7.29.7.tgz 6397ms (cache miss)
1923 http fetch GET 200 https://registry.npmjs.org/nanoid 6340ms (cache miss)
1924 silly packumentCache corgi:https://registry.npmjs.org/nanoid set size:undefined disposed:false
1925 http fetch GET 200 https://registry.npmjs.org/@babel/helper-validator-identifier/-/helper-validator-identifier-7.29.7.tgz 6527ms (cache miss)
1926 http fetch GET 200 https://registry.npmjs.org/minimatch 6650ms (cache miss)
1927 silly packumentCache corgi:https://registry.npmjs.org/minimatch set size:undefined disposed:false
1928 http fetch GET 200 https://registry.npmjs.org/@babel%2fhelpers 7288ms (cache miss)
1929 silly packumentCache corgi:https://registry.npmjs.org/@babel%2fhelpers set size:undefined disposed:false
1930 http fetch GET 200 https://registry.npmjs.org/@babel/helper-validator-identifier/-/helper-validator-identifier-7.29.7.tgz 8426ms (cache miss)
1931 http fetch GET 200 https://registry.npmjs.org/@babel/helper-validator-identifier/-/helper-validator-identifier-7.29.7.tgz 8431ms (cache miss)
1932 http fetch GET 200 https://registry.npmjs.org/postcss 8316ms (cache miss)
1933 silly packumentCache corgi:https://registry.npmjs.org/postcss set size:undefined disposed:false
1934 http fetch GET 200 https://registry.npmjs.org/@babel%2fcore 8342ms (cache miss)
1935 silly packumentCache corgi:https://registry.npmjs.org/@babel%2fcore set size:undefined disposed:false
1936 http fetch GET 200 https://registry.npmjs.org/resolve/-/resolve-1.22.12.tgz 8853ms (cache miss)
1937 http fetch GET 200 https://registry.npmjs.org/esbuild 8722ms (cache miss)
1938 silly packumentCache corgi:https://registry.npmjs.org/esbuild set size:undefined disposed:false
1939 http fetch GET 200 https://cdn.npmmirror.com/packages/vite/4.5.5/vite-4.5.5.tgz 9042ms (cache miss)
1940 http fetch GET 200 https://registry.npmjs.org/@jridgewell/trace-mapping/-/trace-mapping-0.3.31.tgz 9150ms (cache miss)
1941 http fetch GET 200 https://registry.npmjs.org/@babel/generator/-/generator-7.29.8.tgz 9929ms (cache miss)
1942 http fetch GET 200 https://registry.npmjs.org/vite 9719ms (cache miss)
1943 silly packumentCache corgi:https://registry.npmjs.org/vite set size:undefined disposed:false
1944 http fetch GET 200 https://registry.npmjs.org/rollup 10142ms (cache miss)
1945 silly packumentCache corgi:https://registry.npmjs.org/rollup set size:undefined disposed:false
1946 silly packumentCache corgi:https://registry.npmjs.org/micromatch cache-miss
1947 http fetch GET 200 https://registry.npmjs.org/micromatch 394ms (cache miss)
1948 silly packumentCache corgi:https://registry.npmjs.org/micromatch set size:undefined disposed:false
1949 silly packumentCache corgi:https://registry.npmjs.org/@rollup%2fpluginutils cache-miss
1950 http fetch GET 200 https://registry.npmjs.org/@rollup%2fpluginutils 931ms (cache miss)
1951 silly packumentCache corgi:https://registry.npmjs.org/@rollup%2fpluginutils set size:undefined disposed:false
1952 silly packumentCache corgi:https://registry.npmjs.org/glob cache-miss
1953 http fetch GET 200 https://registry.npmjs.org/@babel/traverse/-/traverse-7.29.8.tgz 12300ms (cache miss)
1954 http fetch GET 200 https://registry.npmjs.org/@babel/traverse/-/traverse-7.29.8.tgz 12383ms (cache miss)
1955 http fetch GET 200 https://registry.npmjs.org/@babel/traverse/-/traverse-7.29.8.tgz 12480ms (cache miss)
1956 http fetch GET 200 https://registry.npmjs.org/@babel/traverse/-/traverse-7.29.8.tgz 12565ms (cache miss)
1957 http fetch GET 200 https://registry.npmjs.org/@babel/traverse/-/traverse-7.29.8.tgz 12579ms (cache miss)
1958 http fetch GET 200 https://registry.npmjs.org/@babel/traverse/-/traverse-7.29.8.tgz 12650ms (cache miss)
1959 http fetch GET 200 https://registry.npmjs.org/@babel/traverse/-/traverse-7.29.8.tgz 12770ms (cache miss)
1960 http fetch GET 200 https://registry.npmjs.org/@babel/traverse/-/traverse-7.29.8.tgz 12820ms (cache miss)
1961 http fetch GET 200 https://registry.npmjs.org/glob 702ms (cache miss)
1962 silly packumentCache corgi:https://registry.npmjs.org/glob set size:undefined disposed:false
1963 http fetch GET 200 https://registry.npmjs.org/@babel/traverse/-/traverse-7.29.8.tgz 12959ms (cache miss)
1964 http fetch GET 200 https://registry.npmjs.org/@babel/traverse/-/traverse-7.29.8.tgz 13015ms (cache miss)
1965 http fetch GET 200 https://registry.npmjs.org/@babel/traverse/-/traverse-7.29.8.tgz 13036ms (cache miss)
1966 http fetch GET 200 https://registry.npmjs.org/@babel/traverse/-/traverse-7.29.8.tgz 13885ms (cache miss)
1967 http fetch GET 200 https://registry.npmjs.org/@babel/traverse/-/traverse-7.29.8.tgz 13912ms (cache miss)
1968 http fetch GET 200 https://registry.npmjs.org/@babel/traverse/-/traverse-7.29.8.tgz 13909ms (cache miss)
1969 silly packumentCache corgi:https://registry.npmjs.org/@rollup%2fplugin-babel cache-miss
1970 http fetch GET 200 https://registry.npmjs.org/@babel/traverse/-/traverse-7.29.8.tgz 14233ms (cache miss)
1971 http fetch GET 200 https://registry.npmjs.org/@babel/traverse/-/traverse-7.29.8.tgz 14244ms (cache miss)
1972 http fetch GET 200 https://registry.npmjs.org/@rollup%2fplugin-babel 371ms (cache miss)
1973 silly packumentCache corgi:https://registry.npmjs.org/@rollup%2fplugin-babel set size:undefined disposed:false
1974 silly packumentCache corgi:https://registry.npmjs.org/@babel%2fpreset-env cache-miss
1975 silly packumentCache corgi:https://registry.npmjs.org/@babel%2fplugin-bugfix-firefox-class-in-computed-class-key cache-miss
1976 silly packumentCache corgi:https://registry.npmjs.org/@babel%2fplugin-bugfix-safari-class-field-initializer-scope cache-miss
1977 silly packumentCache corgi:https://registry.npmjs.org/@babel%2fplugin-bugfix-safari-id-destructuring-collision-in-function-expression cache-miss
1978 silly packumentCache corgi:https://registry.npmjs.org/@babel%2fplugin-bugfix-safari-rest-destructuring-rhs-array cache-miss
1979 silly packumentCache corgi:https://registry.npmjs.org/@babel%2fplugin-bugfix-v8-spread-parameters-in-optional-chaining cache-miss
1980 silly packumentCache corgi:https://registry.npmjs.org/@babel%2fplugin-bugfix-v8-static-class-fields-redefine-readonly cache-miss
1981 silly packumentCache corgi:https://registry.npmjs.org/@babel%2fplugin-proposal-private-property-in-object cache-miss
1982 silly packumentCache corgi:https://registry.npmjs.org/@babel%2fplugin-syntax-import-assertions cache-miss
1983 silly packumentCache corgi:https://registry.npmjs.org/@babel%2fplugin-syntax-import-attributes cache-miss
1984 silly packumentCache corgi:https://registry.npmjs.org/@babel%2fplugin-syntax-unicode-sets-regex cache-miss
1985 silly packumentCache corgi:https://registry.npmjs.org/@babel%2fplugin-transform-arrow-functions cache-miss
1986 silly packumentCache corgi:https://registry.npmjs.org/@babel%2fplugin-transform-async-generator-functions cache-miss
1987 silly packumentCache corgi:https://registry.npmjs.org/@babel%2fplugin-transform-async-to-generator cache-miss
1988 silly packumentCache corgi:https://registry.npmjs.org/@babel%2fplugin-transform-block-scoped-functions cache-miss
1989 silly packumentCache corgi:https://registry.npmjs.org/@babel%2fplugin-transform-block-scoping cache-miss
1990 silly packumentCache corgi:https://registry.npmjs.org/@babel%2fplugin-transform-class-properties cache-miss
1991 silly packumentCache corgi:https://registry.npmjs.org/@babel%2fplugin-transform-class-static-block cache-miss
1992 silly packumentCache corgi:https://registry.npmjs.org/@babel%2fplugin-transform-classes cache-miss
1993 silly packumentCache corgi:https://registry.npmjs.org/@babel%2fplugin-transform-computed-properties cache-miss
1994 silly packumentCache corgi:https://registry.npmjs.org/@babel%2fplugin-transform-destructuring cache-miss
1995 silly packumentCache corgi:https://registry.npmjs.org/@babel%2fplugin-transform-dotall-regex cache-miss
1996 silly packumentCache corgi:https://registry.npmjs.org/@babel%2fplugin-transform-duplicate-keys cache-miss
1997 silly packumentCache corgi:https://registry.npmjs.org/@babel%2fplugin-transform-duplicate-named-capturing-groups-regex cache-miss
1998 silly packumentCache corgi:https://registry.npmjs.org/@babel%2fplugin-transform-dynamic-import cache-miss
1999 silly packumentCache corgi:https://registry.npmjs.org/@babel%2fplugin-transform-explicit-resource-management cache-miss
2000 silly packumentCache corgi:https://registry.npmjs.org/@babel%2fplugin-transform-exponentiation-operator cache-miss
2001 silly packumentCache corgi:https://registry.npmjs.org/@babel%2fplugin-transform-export-namespace-from cache-miss
2002 silly packumentCache corgi:https://registry.npmjs.org/@babel%2fplugin-transform-for-of cache-miss
2003 silly packumentCache corgi:https://registry.npmjs.org/@babel%2fplugin-transform-function-name cache-miss
2004 silly packumentCache corgi:https://registry.npmjs.org/@babel%2fplugin-transform-json-strings cache-miss
2005 silly packumentCache corgi:https://registry.npmjs.org/@babel%2fplugin-transform-literals cache-miss
2006 silly packumentCache corgi:https://registry.npmjs.org/@babel%2fplugin-transform-logical-assignment-operators cache-miss
2007 silly packumentCache corgi:https://registry.npmjs.org/@babel%2fplugin-transform-member-expression-literals cache-miss
2008 silly packumentCache corgi:https://registry.npmjs.org/@babel%2fplugin-transform-modules-amd cache-miss
2009 silly packumentCache corgi:https://registry.npmjs.org/@babel%2fplugin-transform-modules-commonjs cache-miss
2010 silly packumentCache corgi:https://registry.npmjs.org/@babel%2fplugin-transform-modules-systemjs cache-miss
2011 silly packumentCache corgi:https://registry.npmjs.org/@babel%2fplugin-transform-modules-umd cache-miss
2012 silly packumentCache corgi:https://registry.npmjs.org/@babel%2fplugin-transform-named-capturing-groups-regex cache-miss
2013 silly packumentCache corgi:https://registry.npmjs.org/@babel%2fplugin-transform-new-target cache-miss
2014 silly packumentCache corgi:https://registry.npmjs.org/@babel%2fplugin-transform-nullish-coalescing-operator cache-miss
2015 silly packumentCache corgi:https://registry.npmjs.org/@babel%2fplugin-transform-numeric-separator cache-miss
2016 silly packumentCache corgi:https://registry.npmjs.org/@babel%2fplugin-transform-object-rest-spread cache-miss
2017 silly packumentCache corgi:https://registry.npmjs.org/@babel%2fplugin-transform-object-super cache-miss
2018 silly packumentCache corgi:https://registry.npmjs.org/@babel%2fplugin-transform-optional-catch-binding cache-miss
2019 silly packumentCache corgi:https://registry.npmjs.org/@babel%2fplugin-transform-optional-chaining cache-miss
2020 silly packumentCache corgi:https://registry.npmjs.org/@babel%2fplugin-transform-parameters cache-miss
2021 silly packumentCache corgi:https://registry.npmjs.org/@babel%2fplugin-transform-private-methods cache-miss
2022 silly packumentCache corgi:https://registry.npmjs.org/@babel%2fplugin-transform-private-property-in-object cache-miss
2023 silly packumentCache corgi:https://registry.npmjs.org/@babel%2fplugin-transform-property-literals cache-miss
2024 silly packumentCache corgi:https://registry.npmjs.org/@babel%2fplugin-transform-regenerator cache-miss
2025 silly packumentCache corgi:https://registry.npmjs.org/@babel%2fplugin-transform-regexp-modifiers cache-miss
2026 silly packumentCache corgi:https://registry.npmjs.org/@babel%2fplugin-transform-reserved-words cache-miss
2027 silly packumentCache corgi:https://registry.npmjs.org/@babel%2fplugin-transform-shorthand-properties cache-miss
2028 silly packumentCache corgi:https://registry.npmjs.org/@babel%2fplugin-transform-spread cache-miss
2029 silly packumentCache corgi:https://registry.npmjs.org/@babel%2fplugin-transform-sticky-regex cache-miss
2030 silly packumentCache corgi:https://registry.npmjs.org/@babel%2fplugin-transform-template-literals cache-miss
2031 silly packumentCache corgi:https://registry.npmjs.org/@babel%2fplugin-transform-typeof-symbol cache-miss
2032 silly packumentCache corgi:https://registry.npmjs.org/@babel%2fplugin-transform-unicode-escapes cache-miss
2033 silly packumentCache corgi:https://registry.npmjs.org/@babel%2fplugin-transform-unicode-property-regex cache-miss
2034 silly packumentCache corgi:https://registry.npmjs.org/@babel%2fplugin-transform-unicode-regex cache-miss
2035 silly packumentCache corgi:https://registry.npmjs.org/@babel%2fplugin-transform-unicode-sets-regex cache-miss
2036 silly packumentCache corgi:https://registry.npmjs.org/@babel%2fpreset-modules cache-miss
2037 silly packumentCache corgi:https://registry.npmjs.org/babel-plugin-polyfill-corejs2 cache-miss
2038 silly packumentCache corgi:https://registry.npmjs.org/babel-plugin-polyfill-corejs3 cache-miss
2039 silly packumentCache corgi:https://registry.npmjs.org/babel-plugin-polyfill-regenerator cache-miss
2040 silly packumentCache corgi:https://registry.npmjs.org/@babel%2fhelper-create-regexp-features-plugin cache-miss
2041 silly packumentCache corgi:https://registry.npmjs.org/@babel%2fhelper-remap-async-to-generator cache-miss
2042 silly packumentCache corgi:https://registry.npmjs.org/@babel%2fhelper-create-class-features-plugin cache-miss
2043 silly packumentCache corgi:https://registry.npmjs.org/@babel%2fhelper-replace-supers cache-miss
2044 silly packumentCache corgi:https://registry.npmjs.org/@babel%2fhelper-module-transforms cache-miss
2045 silly packumentCache corgi:https://registry.npmjs.org/@babel%2fhelper-define-polyfill-provider cache-miss
2046 http fetch GET 200 https://registry.npmjs.org/@babel%2fplugin-syntax-unicode-sets-regex 2477ms (cache miss)
2047 silly packumentCache corgi:https://registry.npmjs.org/@babel%2fplugin-syntax-unicode-sets-regex set size:undefined disposed:false
2048 http fetch GET 200 https://registry.npmjs.org/@babel%2fplugin-bugfix-safari-class-field-initializer-scope 2484ms (cache miss)
2049 silly packumentCache corgi:https://registry.npmjs.org/@babel%2fplugin-bugfix-safari-class-field-initializer-scope set size:undefined disposed:false
2050 http fetch GET 200 https://registry.npmjs.org/@babel%2fplugin-syntax-import-attributes 2492ms (cache miss)
2051 silly packumentCache corgi:https://registry.npmjs.org/@babel%2fplugin-syntax-import-attributes set size:undefined disposed:false
2052 http fetch GET 200 https://registry.npmjs.org/@babel%2fplugin-bugfix-safari-rest-destructuring-rhs-array 2517ms (cache miss)
2053 silly packumentCache corgi:https://registry.npmjs.org/@babel%2fplugin-bugfix-safari-rest-destructuring-rhs-array set size:undefined disposed:false
2054 http fetch GET 200 https://registry.npmjs.org/@babel%2fplugin-bugfix-firefox-class-in-computed-class-key 2520ms (cache miss)
2055 silly packumentCache corgi:https://registry.npmjs.org/@babel%2fplugin-bugfix-firefox-class-in-computed-class-key set size:undefined disposed:false
2056 http fetch GET 200 https://registry.npmjs.org/@babel%2fplugin-bugfix-v8-static-class-fields-redefine-readonly 2519ms (cache miss)
2057 silly packumentCache corgi:https://registry.npmjs.org/@babel%2fplugin-bugfix-v8-static-class-fields-redefine-readonly set size:undefined disposed:false
2058 http fetch GET 200 https://registry.npmjs.org/@babel%2fplugin-transform-class-properties 2520ms (cache miss)
2059 silly packumentCache corgi:https://registry.npmjs.org/@babel%2fplugin-transform-class-properties set size:undefined disposed:false
2060 http fetch GET 200 https://registry.npmjs.org/@babel%2fplugin-bugfix-v8-spread-parameters-in-optional-chaining 2528ms (cache miss)
2061 silly packumentCache corgi:https://registry.npmjs.org/@babel%2fplugin-bugfix-v8-spread-parameters-in-optional-chaining set size:undefined disposed:false
2062 http fetch GET 200 https://registry.npmjs.org/@babel%2fplugin-syntax-import-assertions 2535ms (cache miss)
2063 silly packumentCache corgi:https://registry.npmjs.org/@babel%2fplugin-syntax-import-assertions set size:undefined disposed:false
2064 http fetch GET 200 https://registry.npmjs.org/@babel%2fplugin-bugfix-safari-id-destructuring-collision-in-function-expression 2548ms (cache miss)
2065 silly packumentCache corgi:https://registry.npmjs.org/@babel%2fplugin-bugfix-safari-id-destructuring-collision-in-function-expression set size:undefined disposed:false
2066 http fetch GET 200 https://registry.npmjs.org/@babel%2fplugin-transform-async-to-generator 2547ms (cache miss)
2067 silly packumentCache corgi:https://registry.npmjs.org/@babel%2fplugin-transform-async-to-generator set size:undefined disposed:false
2068 http fetch GET 200 https://registry.npmjs.org/@babel%2fplugin-transform-block-scoped-functions 2556ms (cache miss)
2069 silly packumentCache corgi:https://registry.npmjs.org/@babel%2fplugin-transform-block-scoped-functions set size:undefined disposed:false
2070 http fetch GET 200 https://registry.npmjs.org/@babel%2fplugin-proposal-private-property-in-object 2564ms (cache miss)
2071 silly packumentCache corgi:https://registry.npmjs.org/@babel%2fplugin-proposal-private-property-in-object set size:undefined disposed:false
2072 http fetch GET 200 https://registry.npmjs.org/@babel%2fplugin-transform-arrow-functions 2566ms (cache miss)
2073 silly packumentCache corgi:https://registry.npmjs.org/@babel%2fplugin-transform-arrow-functions set size:undefined disposed:false
2074 http fetch GET 200 https://registry.npmjs.org/@babel%2fplugin-transform-explicit-resource-management 2789ms (cache miss)
2075 silly packumentCache corgi:https://registry.npmjs.org/@babel%2fplugin-transform-explicit-resource-management set size:undefined disposed:false
2076 http fetch GET 200 https://registry.npmjs.org/@babel%2fplugin-transform-duplicate-named-capturing-groups-regex 2792ms (cache miss)
2077 silly packumentCache corgi:https://registry.npmjs.org/@babel%2fplugin-transform-duplicate-named-capturing-groups-regex set size:undefined disposed:false
2078 http fetch GET 200 https://registry.npmjs.org/@babel%2fplugin-transform-async-generator-functions 2808ms (cache miss)
2079 silly packumentCache corgi:https://registry.npmjs.org/@babel%2fplugin-transform-async-generator-functions set size:undefined disposed:false
2080 http fetch GET 200 https://registry.npmjs.org/@babel%2fplugin-transform-json-strings 2806ms (cache miss)
2081 silly packumentCache corgi:https://registry.npmjs.org/@babel%2fplugin-transform-json-strings set size:undefined disposed:false
2082 http fetch GET 200 https://registry.npmjs.org/@babel%2fplugin-transform-exponentiation-operator 2813ms (cache miss)
2083 silly packumentCache corgi:https://registry.npmjs.org/@babel%2fplugin-transform-exponentiation-operator set size:undefined disposed:false
2084 http fetch GET 200 https://registry.npmjs.org/@babel%2fplugin-transform-dotall-regex 2821ms (cache miss)
2085 silly packumentCache corgi:https://registry.npmjs.org/@babel%2fplugin-transform-dotall-regex set size:undefined disposed:false
2086 http fetch GET 200 https://registry.npmjs.org/@babel%2fplugin-transform-literals 2822ms (cache miss)
2087 silly packumentCache corgi:https://registry.npmjs.org/@babel%2fplugin-transform-literals set size:undefined disposed:false
2088 http fetch GET 200 https://registry.npmjs.org/@babel%2fplugin-transform-new-target 2824ms (cache miss)
2089 silly packumentCache corgi:https://registry.npmjs.org/@babel%2fplugin-transform-new-target set size:undefined disposed:false
2090 http fetch GET 200 https://registry.npmjs.org/@babel%2fplugin-transform-for-of 2835ms (cache miss)
2091 silly packumentCache corgi:https://registry.npmjs.org/@babel%2fplugin-transform-for-of set size:undefined disposed:false
2092 http fetch GET 200 https://registry.npmjs.org/@babel%2fplugin-transform-block-scoping 2843ms (cache miss)
2093 silly packumentCache corgi:https://registry.npmjs.org/@babel%2fplugin-transform-block-scoping set size:undefined disposed:false
2094 http fetch GET 200 https://registry.npmjs.org/@babel%2fplugin-transform-computed-properties 2847ms (cache miss)
2095 silly packumentCache corgi:https://registry.npmjs.org/@babel%2fplugin-transform-computed-properties set size:undefined disposed:false
2096 http fetch GET 200 https://registry.npmjs.org/@babel%2fplugin-transform-destructuring 2858ms (cache miss)
2097 silly packumentCache corgi:https://registry.npmjs.org/@babel%2fplugin-transform-destructuring set size:undefined disposed:false
2098 http fetch GET 200 https://registry.npmjs.org/@babel%2fplugin-transform-classes 3005ms (cache miss)
2099 silly packumentCache corgi:https://registry.npmjs.org/@babel%2fplugin-transform-classes set size:undefined disposed:false
2100 http fetch GET 200 https://registry.npmjs.org/@babel%2fplugin-transform-class-static-block 3027ms (cache miss)
2101 silly packumentCache corgi:https://registry.npmjs.org/@babel%2fplugin-transform-class-static-block set size:undefined disposed:false
2102 http fetch GET 200 https://registry.npmjs.org/@babel%2fpreset-env 3042ms (cache miss)
2103 silly packumentCache corgi:https://registry.npmjs.org/@babel%2fpreset-env set size:undefined disposed:false
2104 http fetch GET 200 https://registry.npmjs.org/@babel%2fplugin-transform-export-namespace-from 3093ms (cache miss)
2105 silly packumentCache corgi:https://registry.npmjs.org/@babel%2fplugin-transform-export-namespace-from set size:undefined disposed:false
2106 http fetch GET 200 https://registry.npmjs.org/@babel%2fplugin-transform-nullish-coalescing-operator 3096ms (cache miss)
2107 silly packumentCache corgi:https://registry.npmjs.org/@babel%2fplugin-transform-nullish-coalescing-operator set size:undefined disposed:false
2108 http fetch GET 200 https://registry.npmjs.org/@babel%2fplugin-transform-logical-assignment-operators 3110ms (cache miss)
2109 silly packumentCache corgi:https://registry.npmjs.org/@babel%2fplugin-transform-logical-assignment-operators set size:undefined disposed:false
2110 http fetch GET 200 https://registry.npmjs.org/@babel%2fplugin-transform-member-expression-literals 3137ms (cache miss)
2111 silly packumentCache corgi:https://registry.npmjs.org/@babel%2fplugin-transform-member-expression-literals set size:undefined disposed:false
2112 http fetch GET 200 https://registry.npmjs.org/@babel%2fplugin-transform-duplicate-keys 3148ms (cache miss)
2113 silly packumentCache corgi:https://registry.npmjs.org/@babel%2fplugin-transform-duplicate-keys set size:undefined disposed:false
2114 http fetch GET 200 https://registry.npmjs.org/@babel%2fplugin-transform-object-rest-spread 3157ms (cache miss)
2115 silly packumentCache corgi:https://registry.npmjs.org/@babel%2fplugin-transform-object-rest-spread set size:undefined disposed:false
2116 http fetch GET 200 https://registry.npmjs.org/@babel%2fplugin-transform-optional-chaining 3158ms (cache miss)
2117 silly packumentCache corgi:https://registry.npmjs.org/@babel%2fplugin-transform-optional-chaining set size:undefined disposed:false
2118 http fetch GET 200 https://registry.npmjs.org/@babel%2fplugin-transform-modules-umd 3183ms (cache miss)
2119 silly packumentCache corgi:https://registry.npmjs.org/@babel%2fplugin-transform-modules-umd set size:undefined disposed:false
2120 http fetch GET 200 https://registry.npmjs.org/@babel%2fplugin-transform-named-capturing-groups-regex 3190ms (cache miss)
2121 silly packumentCache corgi:https://registry.npmjs.org/@babel%2fplugin-transform-named-capturing-groups-regex set size:undefined disposed:false
2122 http fetch GET 200 https://registry.npmjs.org/@babel%2fplugin-transform-modules-commonjs 3229ms (cache miss)
2123 silly packumentCache corgi:https://registry.npmjs.org/@babel%2fplugin-transform-modules-commonjs set size:undefined disposed:false
2124 http fetch GET 200 https://registry.npmjs.org/@babel%2fplugin-transform-parameters 3231ms (cache miss)
2125 silly packumentCache corgi:https://registry.npmjs.org/@babel%2fplugin-transform-parameters set size:undefined disposed:false
2126 http fetch GET 200 https://registry.npmjs.org/@babel%2fplugin-transform-modules-systemjs 3239ms (cache miss)
2127 silly packumentCache corgi:https://registry.npmjs.org/@babel%2fplugin-transform-modules-systemjs set size:undefined disposed:false
2128 http fetch GET 200 https://registry.npmjs.org/@babel%2fplugin-transform-function-name 3256ms (cache miss)
2129 silly packumentCache corgi:https://registry.npmjs.org/@babel%2fplugin-transform-function-name set size:undefined disposed:false
2130 http fetch GET 200 https://registry.npmjs.org/@babel%2fplugin-transform-numeric-separator 3258ms (cache miss)
2131 silly packumentCache corgi:https://registry.npmjs.org/@babel%2fplugin-transform-numeric-separator set size:undefined disposed:false
2132 http fetch GET 200 https://registry.npmjs.org/@babel%2fplugin-transform-optional-catch-binding 3310ms (cache miss)
2133 silly packumentCache corgi:https://registry.npmjs.org/@babel%2fplugin-transform-optional-catch-binding set size:undefined disposed:false
2134 http fetch GET 200 https://registry.npmjs.org/@babel%2fplugin-transform-dynamic-import 3426ms (cache miss)
2135 silly packumentCache corgi:https://registry.npmjs.org/@babel%2fplugin-transform-dynamic-import set size:undefined disposed:false
2136 http fetch GET 200 https://registry.npmjs.org/@babel%2fplugin-transform-private-methods 3420ms (cache miss)
2137 silly packumentCache corgi:https://registry.npmjs.org/@babel%2fplugin-transform-private-methods set size:undefined disposed:false
2138 http fetch GET 200 https://registry.npmjs.org/@babel%2fplugin-transform-private-property-in-object 3486ms (cache miss)
2139 silly packumentCache corgi:https://registry.npmjs.org/@babel%2fplugin-transform-private-property-in-object set size:undefined disposed:false
2140 http fetch GET 200 https://registry.npmjs.org/@babel%2fplugin-transform-object-super 3613ms (cache miss)
2141 silly packumentCache corgi:https://registry.npmjs.org/@babel%2fplugin-transform-object-super set size:undefined disposed:false
2142 http fetch GET 200 https://registry.npmjs.org/@babel%2fplugin-transform-sticky-regex 3676ms (cache miss)
2143 silly packumentCache corgi:https://registry.npmjs.org/@babel%2fplugin-transform-sticky-regex set size:undefined disposed:false
2144 http fetch GET 200 https://registry.npmjs.org/@babel%2fplugin-transform-regenerator 3749ms (cache miss)
2145 silly packumentCache corgi:https://registry.npmjs.org/@babel%2fplugin-transform-regenerator set size:undefined disposed:false
2146 http fetch GET 200 https://registry.npmjs.org/@babel%2fplugin-transform-spread 3751ms (cache miss)
2147 silly packumentCache corgi:https://registry.npmjs.org/@babel%2fplugin-transform-spread set size:undefined disposed:false
2148 http fetch GET 200 https://registry.npmjs.org/@babel%2fplugin-transform-reserved-words 3756ms (cache miss)
2149 silly packumentCache corgi:https://registry.npmjs.org/@babel%2fplugin-transform-reserved-words set size:undefined disposed:false
2150 http fetch GET 200 https://registry.npmjs.org/@babel%2fplugin-transform-template-literals 3761ms (cache miss)
2151 silly packumentCache corgi:https://registry.npmjs.org/@babel%2fplugin-transform-template-literals set size:undefined disposed:false
2152 http fetch GET 200 https://registry.npmjs.org/@babel%2fplugin-transform-shorthand-properties 3766ms (cache miss)
2153 silly packumentCache corgi:https://registry.npmjs.org/@babel%2fplugin-transform-shorthand-properties set size:undefined disposed:false
2154 http fetch GET 200 https://registry.npmjs.org/@babel%2fplugin-transform-property-literals 3770ms (cache miss)
2155 silly packumentCache corgi:https://registry.npmjs.org/@babel%2fplugin-transform-property-literals set size:undefined disposed:false
2156 http fetch GET 200 https://registry.npmjs.org/@babel%2fplugin-transform-unicode-escapes 3823ms (cache miss)
2157 silly packumentCache corgi:https://registry.npmjs.org/@babel%2fplugin-transform-unicode-escapes set size:undefined disposed:false
2158 http fetch GET 200 https://registry.npmjs.org/babel-plugin-polyfill-corejs2 3844ms (cache miss)
2159 silly packumentCache corgi:https://registry.npmjs.org/babel-plugin-polyfill-corejs2 set size:undefined disposed:false
2160 http fetch GET 200 https://registry.npmjs.org/@babel%2fplugin-transform-unicode-property-regex 3869ms (cache miss)
2161 silly packumentCache corgi:https://registry.npmjs.org/@babel%2fplugin-transform-unicode-property-regex set size:undefined disposed:false
2162 http fetch GET 200 https://registry.npmjs.org/@babel%2fpreset-modules 3871ms (cache miss)
2163 silly packumentCache corgi:https://registry.npmjs.org/@babel%2fpreset-modules set size:undefined disposed:false
2164 http fetch GET 200 https://registry.npmjs.org/@babel%2fplugin-transform-regexp-modifiers 3876ms (cache miss)
2165 silly packumentCache corgi:https://registry.npmjs.org/@babel%2fplugin-transform-regexp-modifiers set size:undefined disposed:false
2166 http fetch GET 200 https://registry.npmjs.org/@babel%2fplugin-transform-unicode-sets-regex 3878ms (cache miss)
2167 silly packumentCache corgi:https://registry.npmjs.org/@babel%2fplugin-transform-unicode-sets-regex set size:undefined disposed:false
2168 http fetch GET 200 https://registry.npmjs.org/babel-plugin-polyfill-regenerator 3905ms (cache miss)
2169 silly packumentCache corgi:https://registry.npmjs.org/babel-plugin-polyfill-regenerator set size:undefined disposed:false
2170 http fetch GET 200 https://registry.npmjs.org/@babel%2fhelper-define-polyfill-provider 3907ms (cache miss)
2171 silly packumentCache corgi:https://registry.npmjs.org/@babel%2fhelper-define-polyfill-provider set size:undefined disposed:false
2172 http fetch GET 200 https://registry.npmjs.org/@babel%2fplugin-transform-typeof-symbol 3938ms (cache miss)
2173 silly packumentCache corgi:https://registry.npmjs.org/@babel%2fplugin-transform-typeof-symbol set size:undefined disposed:false
2174 http fetch GET 200 https://registry.npmjs.org/@babel%2fhelper-remap-async-to-generator 3938ms (cache miss)
2175 silly packumentCache corgi:https://registry.npmjs.org/@babel%2fhelper-remap-async-to-generator set size:undefined disposed:false
2176 http fetch GET 200 https://registry.npmjs.org/babel-plugin-polyfill-corejs3 3943ms (cache miss)
2177 silly packumentCache corgi:https://registry.npmjs.org/babel-plugin-polyfill-corejs3 set size:undefined disposed:false
2178 http fetch GET 200 https://registry.npmjs.org/@babel%2fhelper-create-regexp-features-plugin 3944ms (cache miss)
2179 silly packumentCache corgi:https://registry.npmjs.org/@babel%2fhelper-create-regexp-features-plugin set size:undefined disposed:false
2180 http fetch GET 200 https://registry.npmjs.org/@babel%2fplugin-transform-unicode-regex 3947ms (cache miss)
2181 silly packumentCache corgi:https://registry.npmjs.org/@babel%2fplugin-transform-unicode-regex set size:undefined disposed:false
2182 http fetch GET 200 https://registry.npmjs.org/@babel%2fhelper-replace-supers 3951ms (cache miss)
2183 silly packumentCache corgi:https://registry.npmjs.org/@babel%2fhelper-replace-supers set size:undefined disposed:false
2184 http fetch GET 200 https://registry.npmjs.org/@babel%2fhelper-module-transforms 3968ms (cache miss)
2185 silly packumentCache corgi:https://registry.npmjs.org/@babel%2fhelper-module-transforms set size:undefined disposed:false
2186 http fetch GET 200 https://registry.npmjs.org/@babel%2fhelper-create-class-features-plugin 3997ms (cache miss)
2187 silly packumentCache corgi:https://registry.npmjs.org/@babel%2fhelper-create-class-features-plugin set size:undefined disposed:false
2188 http fetch GET 200 https://registry.npmjs.org/@babel%2fplugin-transform-modules-amd 5425ms (cache miss)
2189 silly packumentCache corgi:https://registry.npmjs.org/@babel%2fplugin-transform-modules-amd set size:undefined disposed:false
2190 http fetch GET 200 https://registry.npmjs.org/@babel/types/-/types-7.29.8.tgz 23019ms (cache miss)
2191 http fetch GET 200 https://registry.npmjs.org/@babel/types/-/types-7.29.8.tgz 23051ms (cache miss)
2192 http fetch GET 200 https://registry.npmjs.org/@babel/types/-/types-7.29.8.tgz 23064ms (cache miss)
2193 http fetch GET 200 https://registry.npmjs.org/@babel/types/-/types-7.29.8.tgz 23074ms (cache miss)
2194 http fetch GET 200 https://registry.npmjs.org/@babel/types/-/types-7.29.8.tgz 23102ms (cache miss)
2195 http fetch GET 200 https://registry.npmjs.org/@babel/types/-/types-7.29.8.tgz 23112ms (cache miss)
2196 http fetch GET 200 https://registry.npmjs.org/@babel/types/-/types-7.29.8.tgz 23128ms (cache miss)
2197 http fetch GET 200 https://registry.npmjs.org/@babel/types/-/types-7.29.8.tgz 23154ms (cache miss)
2198 http fetch GET 200 https://registry.npmjs.org/@babel/types/-/types-7.29.8.tgz 23308ms (cache miss)
2199 http fetch GET 200 https://registry.npmjs.org/@babel/types/-/types-7.29.8.tgz 23571ms (cache miss)
2200 http fetch GET 200 https://registry.npmjs.org/@babel/types/-/types-7.29.8.tgz 23684ms (cache miss)
2201 http fetch GET 200 https://registry.npmjs.org/@babel/types/-/types-7.29.8.tgz 23701ms (cache miss)
2202 http fetch GET 200 https://registry.npmjs.org/@babel/types/-/types-7.29.8.tgz 23706ms (cache miss)
2203 http fetch GET 200 https://registry.npmjs.org/@babel/types/-/types-7.29.8.tgz 23729ms (cache miss)
2204 http fetch GET 200 https://registry.npmjs.org/@babel/types/-/types-7.29.8.tgz 23740ms (cache miss)
2205 http fetch GET 200 https://registry.npmjs.org/@babel/types/-/types-7.29.8.tgz 23746ms (cache miss)
2206 http fetch GET 200 https://registry.npmjs.org/@babel/types/-/types-7.29.8.tgz 23767ms (cache miss)
2207 http fetch GET 200 https://registry.npmjs.org/@babel/types/-/types-7.29.8.tgz 23784ms (cache miss)
2208 http fetch GET 200 https://registry.npmjs.org/@babel/types/-/types-7.29.8.tgz 23817ms (cache miss)
2209 http fetch GET 200 https://registry.npmjs.org/@babel/types/-/types-7.29.8.tgz 23834ms (cache miss)
2210 http fetch GET 200 https://registry.npmjs.org/@babel/types/-/types-7.29.8.tgz 23829ms (cache miss)
2211 http fetch GET 200 https://registry.npmjs.org/@babel/types/-/types-7.29.8.tgz 23833ms (cache miss)
2212 http fetch GET 200 https://registry.npmjs.org/caniuse-lite/-/caniuse-lite-1.0.30001809.tgz 25795ms (cache miss)
2213 info run esbuild@0.18.20 postinstall node_modules/esbuild node install.js
2214 info run esbuild@0.18.20 postinstall { code: 0, signal: null }
2215 silly ADD node_modules/function-bind
2216 silly ADD node_modules/hasown
2217 silly ADD node_modules/supports-preserve-symlinks-flag
2218 silly ADD node_modules/path-parse
2219 silly ADD node_modules/is-core-module
2220 silly ADD node_modules/es-errors
2221 silly ADD node_modules/resolve
2222 silly ADD node_modules/babel-plugin-polyfill-regenerator
2223 silly ADD node_modules/babel-plugin-polyfill-corejs2
2224 silly ADD node_modules/@babel/plugin-syntax-unicode-sets-regex
2225 silly ADD node_modules/@babel/plugin-syntax-unicode-sets-regex/node_modules/@babel/helper-plugin-utils
2226 silly ADD node_modules/@babel/plugin-syntax-import-attributes
2227 silly ADD node_modules/@babel/plugin-syntax-import-attributes/node_modules/@babel/helper-plugin-utils
2228 silly ADD node_modules/@babel/plugin-syntax-import-assertions
2229 silly ADD node_modules/@babel/plugin-syntax-import-assertions/node_modules/@babel/helper-plugin-utils
2230 silly ADD node_modules/@babel/plugin-proposal-private-property-in-object
2231 silly REMOVE node_modules/@types/jsesc
2232 silly CHANGE node_modules/@jridgewell/trace-mapping
2233 silly REMOVE node_modules/@babel/traverse
2234 silly REMOVE node_modules/@babel/traverse/node_modules/@babel/parser
2235 silly REMOVE node_modules/@babel/traverse/node_modules/@jridgewell/trace-mapping
2236 silly REMOVE node_modules/@babel/traverse/node_modules/@babel/template
2237 silly REMOVE node_modules/@babel/traverse/node_modules/@babel/generator
2238 silly REMOVE node_modules/@babel/traverse/node_modules/@babel/code-frame
2239 silly REMOVE node_modules/@babel/traverse/node_modules/js-tokens
2240 silly REMOVE node_modules/@babel/types
2241 silly CHANGE node_modules/@babel/plugin-transform-unicode-regex
2242 silly ADD node_modules/@babel/plugin-transform-unicode-regex/node_modules/@babel/helper-plugin-utils
2243 silly CHANGE node_modules/@babel/template
2244 silly CHANGE node_modules/@babel/template/node_modules/@babel/helper-validator-identifier
2245 silly CHANGE node_modules/@babel/template/node_modules/@babel/types
2246 silly CHANGE node_modules/@babel/template/node_modules/@babel/helper-string-parser
2247 silly CHANGE node_modules/@babel/preset-modules
2248 silly ADD node_modules/@babel/preset-modules/node_modules/@babel/helper-validator-identifier
2249 silly ADD node_modules/@babel/preset-modules/node_modules/@babel/helper-string-parser
2250 silly ADD node_modules/@babel/preset-modules/node_modules/@babel/types
2251 silly ADD node_modules/@babel/preset-modules/node_modules/@babel/helper-plugin-utils
2252 silly CHANGE node_modules/@babel/plugin-transform-unicode-property-regex
2253 silly ADD node_modules/@babel/plugin-transform-unicode-property-regex/node_modules/@babel/helper-plugin-utils
2254 silly CHANGE node_modules/@babel/plugin-transform-unicode-sets-regex
2255 silly ADD node_modules/@babel/plugin-transform-unicode-sets-regex/node_modules/@babel/helper-plugin-utils
2256 silly CHANGE node_modules/@babel/preset-env
2257 silly ADD node_modules/@babel/preset-env/node_modules/@babel/helper-plugin-utils
2258 silly REMOVE node_modules/@babel/preset-env/node_modules/@babel/code-frame
2259 silly REMOVE node_modules/@babel/preset-env/node_modules/@babel/helper-module-imports
2260 silly REMOVE node_modules/@babel/preset-env/node_modules/@babel/plugin-transform-async-to-generator
2261 silly REMOVE node_modules/@babel/preset-env/node_modules/@babel/plugin-transform-parameters
2262 silly REMOVE node_modules/@babel/preset-env/node_modules/@babel/template
2263 silly REMOVE node_modules/@babel/preset-env/node_modules/@babel/parser
2264 silly REMOVE node_modules/@babel/preset-env/node_modules/@babel/helper-wrap-function
2265 silly REMOVE node_modules/@babel/preset-env/node_modules/@babel/helper-remap-async-to-generator
2266 silly REMOVE node_modules/@babel/preset-env/node_modules/js-tokens
2267 silly CHANGE node_modules/@babel/plugin-transform-template-literals
2268 silly ADD node_modules/@babel/plugin-transform-template-literals/node_modules/@babel/helper-plugin-utils
2269 silly CHANGE node_modules/@babel/plugin-transform-unicode-escapes
2270 silly ADD node_modules/@babel/plugin-transform-unicode-escapes/node_modules/@babel/helper-plugin-utils
2271 silly CHANGE node_modules/@babel/plugin-transform-spread
2272 silly ADD node_modules/@babel/plugin-transform-spread/node_modules/@babel/helper-plugin-utils
2273 silly CHANGE node_modules/@babel/plugin-transform-typeof-symbol
2274 silly ADD node_modules/@babel/plugin-transform-typeof-symbol/node_modules/@babel/helper-plugin-utils
2275 silly CHANGE node_modules/@babel/plugin-transform-reserved-words
2276 silly ADD node_modules/@babel/plugin-transform-reserved-words/node_modules/@babel/helper-plugin-utils
2277 silly CHANGE node_modules/@babel/plugin-transform-regexp-modifiers
2278 silly ADD node_modules/@babel/plugin-transform-regexp-modifiers/node_modules/@babel/helper-plugin-utils
2279 silly CHANGE node_modules/@babel/plugin-transform-sticky-regex
2280 silly ADD node_modules/@babel/plugin-transform-sticky-regex/node_modules/@babel/helper-plugin-utils
2281 silly CHANGE node_modules/@babel/plugin-transform-regenerator
2282 silly ADD node_modules/@babel/plugin-transform-regenerator/node_modules/@babel/helper-plugin-utils
2283 silly CHANGE node_modules/@babel/plugin-transform-shorthand-properties
2284 silly ADD node_modules/@babel/plugin-transform-shorthand-properties/node_modules/@babel/helper-plugin-utils
2285 silly CHANGE node_modules/@babel/plugin-transform-private-property-in-object
2286 silly ADD node_modules/@babel/plugin-transform-private-property-in-object/node_modules/@babel/helper-plugin-utils
2287 silly REMOVE node_modules/@babel/plugin-transform-runtime
2288 silly CHANGE node_modules/@babel/plugin-transform-optional-catch-binding
2289 silly ADD node_modules/@babel/plugin-transform-optional-catch-binding/node_modules/@babel/helper-plugin-utils
2290 silly CHANGE node_modules/@babel/plugin-transform-private-methods
2291 silly ADD node_modules/@babel/plugin-transform-private-methods/node_modules/@babel/helper-plugin-utils
2292 silly CHANGE node_modules/@babel/plugin-transform-object-super
2293 silly ADD node_modules/@babel/plugin-transform-object-super/node_modules/@babel/helper-plugin-utils
2294 silly CHANGE node_modules/@babel/plugin-transform-property-literals
2295 silly ADD node_modules/@babel/plugin-transform-property-literals/node_modules/@babel/helper-plugin-utils
2296 silly CHANGE node_modules/@babel/plugin-transform-nullish-coalescing-operator
2297 silly ADD node_modules/@babel/plugin-transform-nullish-coalescing-operator/node_modules/@babel/helper-plugin-utils
2298 silly CHANGE node_modules/@babel/plugin-transform-parameters
2299 silly CHANGE node_modules/@babel/plugin-transform-parameters/node_modules/@babel/helper-plugin-utils
2300 silly CHANGE node_modules/@babel/plugin-transform-new-target
2301 silly ADD node_modules/@babel/plugin-transform-new-target/node_modules/@babel/helper-plugin-utils
2302 silly CHANGE node_modules/@babel/plugin-transform-optional-chaining
2303 silly ADD node_modules/@babel/plugin-transform-optional-chaining/node_modules/@babel/helper-plugin-utils
2304 silly CHANGE node_modules/@babel/plugin-transform-modules-amd
2305 silly ADD node_modules/@babel/plugin-transform-modules-amd/node_modules/@babel/helper-plugin-utils
2306 silly CHANGE node_modules/@babel/plugin-transform-object-rest-spread
2307 silly ADD node_modules/@babel/plugin-transform-object-rest-spread/node_modules/@babel/helper-validator-identifier
2308 silly ADD node_modules/@babel/plugin-transform-object-rest-spread/node_modules/@babel/helper-string-parser
2309 silly ADD node_modules/@babel/plugin-transform-object-rest-spread/node_modules/@babel/types
2310 silly ADD node_modules/@babel/plugin-transform-object-rest-spread/node_modules/@babel/helper-globals
2311 silly ADD node_modules/@babel/plugin-transform-object-rest-spread/node_modules/@babel/traverse
2312 silly ADD node_modules/@babel/plugin-transform-object-rest-spread/node_modules/@babel/helper-plugin-utils
2313 silly REMOVE node_modules/@babel/plugin-transform-object-rest-spread/node_modules/@babel/plugin-transform-parameters
2314 silly CHANGE node_modules/@babel/plugin-transform-json-strings
2315 silly ADD node_modules/@babel/plugin-transform-json-strings/node_modules/@babel/helper-plugin-utils
2316 silly CHANGE node_modules/@babel/plugin-transform-named-capturing-groups-regex
2317 silly ADD node_modules/@babel/plugin-transform-named-capturing-groups-regex/node_modules/@babel/helper-plugin-utils
2318 silly CHANGE node_modules/@babel/plugin-transform-modules-systemjs
2319 silly ADD node_modules/@babel/plugin-transform-modules-systemjs/node_modules/@babel/helper-string-parser
2320 silly ADD node_modules/@babel/plugin-transform-modules-systemjs/node_modules/@babel/types
2321 silly ADD node_modules/@babel/plugin-transform-modules-systemjs/node_modules/@babel/helper-globals
2322 silly ADD node_modules/@babel/plugin-transform-modules-systemjs/node_modules/@babel/traverse
2323 silly ADD node_modules/@babel/plugin-transform-modules-systemjs/node_modules/@babel/helper-validator-identifier
2324 silly ADD node_modules/@babel/plugin-transform-modules-systemjs/node_modules/@babel/helper-plugin-utils
2325 silly CHANGE node_modules/@babel/plugin-transform-modules-umd
2326 silly ADD node_modules/@babel/plugin-transform-modules-umd/node_modules/@babel/helper-plugin-utils
2327 silly CHANGE node_modules/@babel/plugin-transform-literals
2328 silly ADD node_modules/@babel/plugin-transform-literals/node_modules/@babel/helper-plugin-utils
2329 silly CHANGE node_modules/@babel/plugin-transform-numeric-separator
2330 silly ADD node_modules/@babel/plugin-transform-numeric-separator/node_modules/@babel/helper-plugin-utils
2331 silly CHANGE node_modules/@babel/plugin-transform-modules-commonjs
2332 silly ADD node_modules/@babel/plugin-transform-modules-commonjs/node_modules/@babel/helper-plugin-utils
2333 silly CHANGE node_modules/@babel/plugin-transform-exponentiation-operator
2334 silly ADD node_modules/@babel/plugin-transform-exponentiation-operator/node_modules/@babel/helper-plugin-utils
2335 silly CHANGE node_modules/@babel/plugin-transform-member-expression-literals
2336 silly ADD node_modules/@babel/plugin-transform-member-expression-literals/node_modules/@babel/helper-plugin-utils
2337 silly CHANGE node_modules/@babel/plugin-transform-export-namespace-from
2338 silly ADD node_modules/@babel/plugin-transform-export-namespace-from/node_modules/@babel/helper-plugin-utils
2339 silly CHANGE node_modules/@babel/plugin-transform-logical-assignment-operators
2340 silly ADD node_modules/@babel/plugin-transform-logical-assignment-operators/node_modules/@babel/helper-plugin-utils
2341 silly CHANGE node_modules/@babel/plugin-transform-explicit-resource-management
2342 silly ADD node_modules/@babel/plugin-transform-explicit-resource-management/node_modules/@babel/helper-plugin-utils
2343 silly CHANGE node_modules/@babel/plugin-transform-function-name
2344 silly ADD node_modules/@babel/plugin-transform-function-name/node_modules/@babel/helper-validator-identifier
2345 silly ADD node_modules/@babel/plugin-transform-function-name/node_modules/@babel/helper-string-parser
2346 silly ADD node_modules/@babel/plugin-transform-function-name/node_modules/@babel/types
2347 silly ADD node_modules/@babel/plugin-transform-function-name/node_modules/@babel/helper-globals
2348 silly ADD node_modules/@babel/plugin-transform-function-name/node_modules/@babel/traverse
2349 silly ADD node_modules/@babel/plugin-transform-function-name/node_modules/@babel/helper-plugin-utils
2350 silly CHANGE node_modules/@babel/plugin-transform-dynamic-import
2351 silly ADD node_modules/@babel/plugin-transform-dynamic-import/node_modules/@babel/helper-plugin-utils
2352 silly CHANGE node_modules/@babel/plugin-transform-for-of
2353 silly ADD node_modules/@babel/plugin-transform-for-of/node_modules/@babel/helper-plugin-utils
2354 silly CHANGE node_modules/@babel/plugin-transform-destructuring
2355 silly ADD node_modules/@babel/plugin-transform-destructuring/node_modules/@babel/helper-validator-identifier
2356 silly ADD node_modules/@babel/plugin-transform-destructuring/node_modules/@babel/helper-string-parser
2357 silly ADD node_modules/@babel/plugin-transform-destructuring/node_modules/@babel/types
2358 silly ADD node_modules/@babel/plugin-transform-destructuring/node_modules/@babel/helper-globals
2359 silly ADD node_modules/@babel/plugin-transform-destructuring/node_modules/@babel/traverse
2360 silly ADD node_modules/@babel/plugin-transform-destructuring/node_modules/@babel/helper-plugin-utils
2361 silly CHANGE node_modules/@babel/plugin-transform-duplicate-named-capturing-groups-regex
2362 silly ADD node_modules/@babel/plugin-transform-duplicate-named-capturing-groups-regex/node_modules/@babel/helper-plugin-utils
2363 silly CHANGE node_modules/@babel/plugin-transform-computed-properties
2364 silly ADD node_modules/@babel/plugin-transform-computed-properties/node_modules/@babel/helper-plugin-utils
2365 silly CHANGE node_modules/@babel/plugin-transform-class-static-block
2366 silly ADD node_modules/@babel/plugin-transform-class-static-block/node_modules/@babel/helper-plugin-utils
2367 silly CHANGE node_modules/@babel/plugin-transform-duplicate-keys
2368 silly ADD node_modules/@babel/plugin-transform-duplicate-keys/node_modules/@babel/helper-plugin-utils
2369 silly CHANGE node_modules/@babel/plugin-transform-async-to-generator
2370 silly REMOVE node_modules/@babel/plugin-transform-async-to-generator/node_modules/@jridgewell/gen-mapping
2371 silly REMOVE node_modules/@babel/plugin-transform-async-to-generator/node_modules/@jridgewell/gen-mapping/node_modules/@jridgewell/sourcemap-codec
2372 silly REMOVE node_modules/@babel/plugin-transform-async-to-generator/node_modules/@jridgewell/gen-mapping/node_modules/@jridgewell/trace-mapping
2373 silly REMOVE node_modules/@babel/plugin-transform-async-to-generator/node_modules/@jridgewell/gen-mapping/node_modules/@jridgewell/trace-mapping/node_modules/@jridgewell/sourcemap-codec
2374 silly REMOVE node_modules/@babel/plugin-transform-async-to-generator/node_modules/@jridgewell/trace-mapping
2375 silly CHANGE node_modules/@babel/plugin-transform-async-to-generator/node_modules/@babel/types
2376 silly REMOVE node_modules/@babel/plugin-transform-async-to-generator/node_modules/@babel/parser
2377 silly CHANGE node_modules/@babel/plugin-transform-async-to-generator/node_modules/@babel/traverse
2378 silly REMOVE node_modules/@babel/plugin-transform-async-to-generator/node_modules/@babel/template
2379 silly CHANGE node_modules/@babel/plugin-transform-async-to-generator/node_modules/@babel/helper-validator-identifier
2380 silly CHANGE node_modules/@babel/plugin-transform-async-to-generator/node_modules/@babel/helper-plugin-utils
2381 silly CHANGE node_modules/@babel/plugin-transform-async-to-generator/node_modules/@babel/helper-module-imports
2382 silly CHANGE node_modules/@babel/plugin-transform-async-to-generator/node_modules/@babel/helper-string-parser
2383 silly REMOVE node_modules/@babel/plugin-transform-async-to-generator/node_modules/@babel/generator
2384 silly CHANGE node_modules/@babel/plugin-transform-async-to-generator/node_modules/@babel/helper-globals
2385 silly REMOVE node_modules/@babel/plugin-transform-async-to-generator/node_modules/@babel/code-frame
2386 silly CHANGE node_modules/@babel/plugin-transform-dotall-regex
2387 silly ADD node_modules/@babel/plugin-transform-dotall-regex/node_modules/@babel/helper-plugin-utils
2388 silly CHANGE node_modules/@babel/plugin-transform-block-scoping
2389 silly ADD node_modules/@babel/plugin-transform-block-scoping/node_modules/@babel/helper-plugin-utils
2390 silly CHANGE node_modules/@babel/plugin-transform-classes
2391 silly ADD node_modules/@babel/plugin-transform-classes/node_modules/@babel/helper-validator-identifier
2392 silly ADD node_modules/@babel/plugin-transform-classes/node_modules/@babel/helper-string-parser
2393 silly ADD node_modules/@babel/plugin-transform-classes/node_modules/@babel/types
2394 silly ADD node_modules/@babel/plugin-transform-classes/node_modules/@babel/traverse
2395 silly ADD node_modules/@babel/plugin-transform-classes/node_modules/@babel/helper-plugin-utils
2396 silly ADD node_modules/@babel/plugin-transform-classes/node_modules/@babel/helper-globals
2397 silly CHANGE node_modules/@babel/plugin-transform-async-generator-functions
2398 silly ADD node_modules/@babel/plugin-transform-async-generator-functions/node_modules/@babel/helper-validator-identifier
2399 silly ADD node_modules/@babel/plugin-transform-async-generator-functions/node_modules/@babel/helper-string-parser
2400 silly ADD node_modules/@babel/plugin-transform-async-generator-functions/node_modules/@babel/types
2401 silly ADD node_modules/@babel/plugin-transform-async-generator-functions/node_modules/@babel/helper-globals
2402 silly ADD node_modules/@babel/plugin-transform-async-generator-functions/node_modules/@babel/traverse
2403 silly ADD node_modules/@babel/plugin-transform-async-generator-functions/node_modules/@babel/helper-plugin-utils
2404 silly REMOVE node_modules/@babel/plugin-transform-async-generator-functions/node_modules/@babel/helper-remap-async-to-generator
2405 silly REMOVE node_modules/@babel/plugin-transform-async-generator-functions/node_modules/@babel/code-frame
2406 silly REMOVE node_modules/@babel/plugin-transform-async-generator-functions/node_modules/@babel/template
2407 silly REMOVE node_modules/@babel/plugin-transform-async-generator-functions/node_modules/@babel/parser
2408 silly REMOVE node_modules/@babel/plugin-transform-async-generator-functions/node_modules/@babel/helper-wrap-function
2409 silly REMOVE node_modules/@babel/plugin-transform-async-generator-functions/node_modules/js-tokens
2410 silly CHANGE node_modules/@babel/plugin-transform-class-properties
2411 silly ADD node_modules/@babel/plugin-transform-class-properties/node_modules/@babel/helper-plugin-utils
2412 silly REMOVE node_modules/@babel/plugin-syntax-nullish-coalescing-operator
2413 silly REMOVE node_modules/@babel/plugin-syntax-nullish-coalescing-operator/node_modules/@babel/helper-plugin-utils
2414 silly CHANGE node_modules/@babel/plugin-transform-block-scoped-functions
2415 silly ADD node_modules/@babel/plugin-transform-block-scoped-functions/node_modules/@babel/helper-plugin-utils
2416 silly REMOVE node_modules/@babel/plugin-syntax-logical-assignment-operators
2417 silly REMOVE node_modules/@babel/plugin-syntax-logical-assignment-operators/node_modules/@babel/helper-plugin-utils
2418 silly CHANGE node_modules/@babel/plugin-transform-arrow-functions
2419 silly ADD node_modules/@babel/plugin-transform-arrow-functions/node_modules/@babel/helper-plugin-utils
2420 silly REMOVE node_modules/@babel/plugin-proposal-nullish-coalescing-operator
2421 silly REMOVE node_modules/@babel/plugin-proposal-nullish-coalescing-operator/node_modules/@babel/helper-plugin-utils
2422 silly REMOVE node_modules/@babel/plugin-syntax-optional-chaining
2423 silly REMOVE node_modules/@babel/plugin-syntax-optional-chaining/node_modules/@babel/helper-plugin-utils
2424 silly CHANGE node_modules/@babel/plugin-bugfix-v8-spread-parameters-in-optional-chaining
2425 silly ADD node_modules/@babel/plugin-bugfix-v8-spread-parameters-in-optional-chaining/node_modules/@babel/helper-plugin-utils
2426 silly REMOVE node_modules/@babel/plugin-syntax-async-generators
2427 silly REMOVE node_modules/@babel/plugin-syntax-async-generators/node_modules/@babel/helper-plugin-utils
2428 silly CHANGE node_modules/@babel/plugin-bugfix-safari-id-destructuring-collision-in-function-expression
2429 silly ADD node_modules/@babel/plugin-bugfix-safari-id-destructuring-collision-in-function-expression/node_modules/@babel/helper-plugin-utils
2430 silly REMOVE node_modules/@babel/plugin-proposal-logical-assignment-operators
2431 silly REMOVE node_modules/@babel/plugin-proposal-logical-assignment-operators/node_modules/@babel/helper-plugin-utils
2432 silly CHANGE node_modules/@babel/plugin-bugfix-v8-static-class-fields-redefine-readonly
2433 silly ADD node_modules/@babel/plugin-bugfix-v8-static-class-fields-redefine-readonly/node_modules/@babel/helper-validator-identifier
2434 silly ADD node_modules/@babel/plugin-bugfix-v8-static-class-fields-redefine-readonly/node_modules/@babel/helper-string-parser
2435 silly ADD node_modules/@babel/plugin-bugfix-v8-static-class-fields-redefine-readonly/node_modules/@babel/types
2436 silly ADD node_modules/@babel/plugin-bugfix-v8-static-class-fields-redefine-readonly/node_modules/@babel/helper-globals
2437 silly ADD node_modules/@babel/plugin-bugfix-v8-static-class-fields-redefine-readonly/node_modules/@babel/traverse
2438 silly ADD node_modules/@babel/plugin-bugfix-v8-static-class-fields-redefine-readonly/node_modules/@babel/helper-plugin-utils
2439 silly REMOVE node_modules/@babel/plugin-proposal-optional-chaining
2440 silly REMOVE node_modules/@babel/plugin-proposal-optional-chaining/node_modules/@babel/helper-string-parser
2441 silly REMOVE node_modules/@babel/plugin-proposal-optional-chaining/node_modules/@babel/helper-skip-transparent-expression-wrappers
2442 silly REMOVE node_modules/@babel/plugin-proposal-optional-chaining/node_modules/@babel/types
2443 silly REMOVE node_modules/@babel/plugin-proposal-optional-chaining/node_modules/@babel/traverse
2444 silly REMOVE node_modules/@babel/plugin-proposal-optional-chaining/node_modules/@babel/helper-validator-identifier
2445 silly REMOVE node_modules/@babel/plugin-proposal-optional-chaining/node_modules/@babel/helper-plugin-utils
2446 silly CHANGE node_modules/@babel/parser
2447 silly CHANGE node_modules/@babel/parser/node_modules/@babel/helper-validator-identifier
2448 silly CHANGE node_modules/@babel/parser/node_modules/@babel/types
2449 silly CHANGE node_modules/@babel/parser/node_modules/@babel/helper-string-parser
2450 silly REMOVE node_modules/@babel/plugin-proposal-async-generator-functions
2451 silly REMOVE node_modules/@babel/plugin-proposal-async-generator-functions/node_modules/@babel/helper-plugin-utils
2452 silly CHANGE node_modules/@babel/generator
2453 silly CHANGE node_modules/@babel/generator/node_modules/@babel/types
2454 silly REMOVE node_modules/@babel/generator/node_modules/@jridgewell/gen-mapping
2455 silly CHANGE node_modules/@babel/generator/node_modules/@babel/helper-string-parser
2456 silly CHANGE node_modules/@babel/generator/node_modules/@babel/helper-validator-identifier
2457 silly CHANGE node_modules/@babel/plugin-bugfix-safari-rest-destructuring-rhs-array
2458 silly ADD node_modules/@babel/plugin-bugfix-safari-rest-destructuring-rhs-array/node_modules/@babel/helper-plugin-utils
2459 silly REMOVE node_modules/@babel/helper-plugin-utils
2460 silly CHANGE node_modules/@babel/plugin-bugfix-safari-class-field-initializer-scope
2461 silly ADD node_modules/@babel/plugin-bugfix-safari-class-field-initializer-scope/node_modules/@babel/helper-plugin-utils
2462 silly CHANGE node_modules/@babel/helper-wrap-function
2463 silly CHANGE node_modules/@babel/helper-wrap-function/node_modules/@babel/traverse
2464 silly REMOVE node_modules/@babel/helper-wrap-function/node_modules/@jridgewell/trace-mapping
2465 silly CHANGE node_modules/@babel/helper-wrap-function/node_modules/@babel/types
2466 silly REMOVE node_modules/@babel/helper-wrap-function/node_modules/@jridgewell/gen-mapping
2467 silly REMOVE node_modules/@babel/helper-wrap-function/node_modules/@jridgewell/gen-mapping/node_modules/@jridgewell/sourcemap-codec
2468 silly REMOVE node_modules/@babel/helper-wrap-function/node_modules/@jridgewell/gen-mapping/node_modules/@jridgewell/trace-mapping
2469 silly REMOVE node_modules/@babel/helper-wrap-function/node_modules/@jridgewell/gen-mapping/node_modules/@jridgewell/trace-mapping/node_modules/@jridgewell/sourcemap-codec
2470 silly REMOVE node_modules/@babel/helper-wrap-function/node_modules/@babel/parser
2471 silly REMOVE node_modules/@babel/helper-wrap-function/node_modules/@babel/template
2472 silly CHANGE node_modules/@babel/helper-wrap-function/node_modules/@babel/helper-validator-identifier
2473 silly CHANGE node_modules/@babel/helper-wrap-function/node_modules/@babel/helper-string-parser
2474 silly CHANGE node_modules/@babel/helper-wrap-function/node_modules/@babel/helper-globals
2475 silly REMOVE node_modules/@babel/helper-wrap-function/node_modules/@babel/generator
2476 silly REMOVE node_modules/@babel/helper-wrap-function/node_modules/@babel/code-frame
2477 silly CHANGE node_modules/@babel/plugin-bugfix-firefox-class-in-computed-class-key
2478 silly ADD node_modules/@babel/plugin-bugfix-firefox-class-in-computed-class-key/node_modules/@babel/helper-validator-identifier
2479 silly ADD node_modules/@babel/plugin-bugfix-firefox-class-in-computed-class-key/node_modules/@babel/helper-string-parser
2480 silly ADD node_modules/@babel/plugin-bugfix-firefox-class-in-computed-class-key/node_modules/@babel/types
2481 silly ADD node_modules/@babel/plugin-bugfix-firefox-class-in-computed-class-key/node_modules/@babel/helper-globals
2482 silly ADD node_modules/@babel/plugin-bugfix-firefox-class-in-computed-class-key/node_modules/@babel/traverse
2483 silly ADD node_modules/@babel/plugin-bugfix-firefox-class-in-computed-class-key/node_modules/@babel/helper-plugin-utils
2484 silly REMOVE node_modules/@babel/helper-validator-identifier
2485 silly REMOVE node_modules/@babel/helper-string-parser
2486 silly CHANGE node_modules/@babel/helper-validator-option
2487 silly CHANGE node_modules/@babel/helper-remap-async-to-generator
2488 silly CHANGE node_modules/@babel/helper-remap-async-to-generator/node_modules/@babel/types
2489 silly REMOVE node_modules/@babel/helper-remap-async-to-generator/node_modules/@jridgewell/gen-mapping
2490 silly REMOVE node_modules/@babel/helper-remap-async-to-generator/node_modules/@jridgewell/gen-mapping/node_modules/@jridgewell/trace-mapping
2491 silly REMOVE node_modules/@babel/helper-remap-async-to-generator/node_modules/@jridgewell/gen-mapping/node_modules/@jridgewell/trace-mapping/node_modules/@jridgewell/sourcemap-codec
2492 silly REMOVE node_modules/@babel/helper-remap-async-to-generator/node_modules/@jridgewell/gen-mapping/node_modules/@jridgewell/sourcemap-codec
2493 silly REMOVE node_modules/@babel/helper-remap-async-to-generator/node_modules/@babel/parser
2494 silly REMOVE node_modules/@babel/helper-remap-async-to-generator/node_modules/@babel/template
2495 silly REMOVE node_modules/@babel/helper-remap-async-to-generator/node_modules/@jridgewell/trace-mapping
2496 silly CHANGE node_modules/@babel/helper-remap-async-to-generator/node_modules/@babel/helper-validator-identifier
2497 silly CHANGE node_modules/@babel/helper-remap-async-to-generator/node_modules/@babel/traverse
2498 silly CHANGE node_modules/@babel/helper-remap-async-to-generator/node_modules/@babel/helper-string-parser
2499 silly REMOVE node_modules/@babel/helper-remap-async-to-generator/node_modules/@babel/code-frame
2500 silly REMOVE node_modules/@babel/helper-remap-async-to-generator/node_modules/@babel/helper-annotate-as-pure
2501 silly CHANGE node_modules/@babel/helper-remap-async-to-generator/node_modules/@babel/helper-globals
2502 silly REMOVE node_modules/@babel/helper-remap-async-to-generator/node_modules/@babel/generator
2503 silly CHANGE node_modules/@babel/helper-optimise-call-expression
2504 silly ADD node_modules/@babel/helper-optimise-call-expression/node_modules/@babel/helper-validator-identifier
2505 silly ADD node_modules/@babel/helper-optimise-call-expression/node_modules/@babel/helper-string-parser
2506 silly ADD node_modules/@babel/helper-optimise-call-expression/node_modules/@babel/types
2507 silly CHANGE node_modules/@babel/helper-skip-transparent-expression-wrappers
2508 silly ADD node_modules/@babel/helper-skip-transparent-expression-wrappers/node_modules/@babel/helper-validator-identifier
2509 silly ADD node_modules/@babel/helper-skip-transparent-expression-wrappers/node_modules/@babel/helper-string-parser
2510 silly ADD node_modules/@babel/helper-skip-transparent-expression-wrappers/node_modules/@babel/helper-globals
2511 silly ADD node_modules/@babel/helper-skip-transparent-expression-wrappers/node_modules/@babel/types
2512 silly ADD node_modules/@babel/helper-skip-transparent-expression-wrappers/node_modules/@babel/traverse
2513 silly REMOVE node_modules/@babel/helper-environment-visitor
2514 silly REMOVE node_modules/@babel/helper-environment-visitor/node_modules/@babel/types
2515 silly REMOVE node_modules/@babel/helper-environment-visitor/node_modules/@babel/helper-validator-identifier
2516 silly REMOVE node_modules/@babel/helper-environment-visitor/node_modules/@babel/helper-string-parser
2517 silly CHANGE node_modules/@babel/helper-replace-supers
2518 silly ADD node_modules/@babel/helper-replace-supers/node_modules/@babel/helper-validator-identifier
2519 silly ADD node_modules/@babel/helper-replace-supers/node_modules/@babel/helper-string-parser
2520 silly ADD node_modules/@babel/helper-replace-supers/node_modules/@babel/types
2521 silly ADD node_modules/@babel/helper-replace-supers/node_modules/@babel/helper-globals
2522 silly ADD node_modules/@babel/helper-replace-supers/node_modules/@babel/traverse
2523 silly CHANGE node_modules/@babel/helper-define-polyfill-provider
2524 silly ADD node_modules/@babel/helper-define-polyfill-provider/node_modules/@babel/helper-plugin-utils
2525 silly CHANGE node_modules/@babel/helper-annotate-as-pure
2526 silly ADD node_modules/@babel/helper-annotate-as-pure/node_modules/@babel/helper-validator-identifier
2527 silly ADD node_modules/@babel/helper-annotate-as-pure/node_modules/@babel/helper-string-parser
2528 silly ADD node_modules/@babel/helper-annotate-as-pure/node_modules/@babel/types
2529 silly CHANGE node_modules/@babel/helper-module-transforms
2530 silly ADD node_modules/@babel/helper-module-transforms/node_modules/@babel/helper-string-parser
2531 silly ADD node_modules/@babel/helper-module-transforms/node_modules/@babel/helper-globals
2532 silly ADD node_modules/@babel/helper-module-transforms/node_modules/@babel/types
2533 silly ADD node_modules/@babel/helper-module-transforms/node_modules/@babel/traverse
2534 silly ADD node_modules/@babel/helper-module-transforms/node_modules/@babel/helper-validator-identifier
2535 silly ADD node_modules/@babel/helper-module-transforms/node_modules/@babel/helper-module-imports
2536 silly REMOVE node_modules/@babel/helper-globals
2537 silly CHANGE node_modules/@babel/helper-create-class-features-plugin
2538 silly ADD node_modules/@babel/helper-create-class-features-plugin/node_modules/@babel/helper-validator-identifier
2539 silly ADD node_modules/@babel/helper-create-class-features-plugin/node_modules/@babel/helper-string-parser
2540 silly ADD node_modules/@babel/helper-create-class-features-plugin/node_modules/@babel/types
2541 silly ADD node_modules/@babel/helper-create-class-features-plugin/node_modules/@babel/helper-globals
2542 silly ADD node_modules/@babel/helper-create-class-features-plugin/node_modules/@babel/traverse
2543 silly REMOVE node_modules/@babel/helper-module-imports
2544 silly CHANGE node_modules/@babel/helper-member-expression-to-functions
2545 silly ADD node_modules/@babel/helper-member-expression-to-functions/node_modules/@babel/helper-validator-identifier
2546 silly ADD node_modules/@babel/helper-member-expression-to-functions/node_modules/@babel/helper-string-parser
2547 silly ADD node_modules/@babel/helper-member-expression-to-functions/node_modules/@babel/helper-globals
2548 silly ADD node_modules/@babel/helper-member-expression-to-functions/node_modules/@babel/types
2549 silly ADD node_modules/@babel/helper-member-expression-to-functions/node_modules/@babel/traverse
2550 silly CHANGE node_modules/update-browserslist-db
2551 silly CHANGE node_modules/@babel/helper-compilation-targets
2552 silly CHANGE node_modules/@babel/helper-create-regexp-features-plugin
2553 silly REMOVE node_modules/@babel/core/node_modules/@babel/helper-module-imports
2554 silly REMOVE node_modules/@babel/core/node_modules/@babel/helper-validator-option
2555 silly REMOVE node_modules/@babel/core/node_modules/@babel/helper-module-transforms
2556 silly REMOVE node_modules/@babel/core/node_modules/@babel/compat-data
2557 silly REMOVE node_modules/@babel/core/node_modules/@babel/helper-compilation-targets
2558 silly REMOVE node_modules/@babel/core/node_modules/semver
2559 silly REMOVE node_modules/@babel/core/node_modules/lru-cache
2560 silly CHANGE node_modules/@babel/compat-data
2561 silly CHANGE node_modules/@babel/code-frame
2562 silly CHANGE node_modules/@babel/code-frame/node_modules/@babel/helper-validator-identifier
2563 silly CHANGE node_modules/vite
2564 silly CHANGE node_modules/semver
2565 silly CHANGE node_modules/rollup
2566 silly CHANGE node_modules/regjsparser
2567 silly REMOVE node_modules/regjsparser/node_modules/jsesc
2568 silly REMOVE node_modules/obug
2569 silly CHANGE node_modules/node-releases
2570 silly CHANGE node_modules/nanoid
2571 silly CHANGE node_modules/lru-cache
2572 silly CHANGE node_modules/json5
2573 silly CHANGE node_modules/jsesc
2574 silly CHANGE node_modules/electron-to-chromium
2575 silly REMOVE node_modules/core-js-compat/node_modules/update-browserslist-db
2576 silly REMOVE node_modules/core-js-compat/node_modules/node-releases
2577 silly REMOVE node_modules/core-js-compat/node_modules/caniuse-lite
2578 silly REMOVE node_modules/core-js-compat/node_modules/electron-to-chromium
2579 silly REMOVE node_modules/core-js-compat/node_modules/browserslist
2580 silly CHANGE node_modules/debug
2581 silly CHANGE node_modules/esbuild
2582 silly CHANGE node_modules/caniuse-lite
2583 silly CHANGE node_modules/browserslist
2584 silly CHANGE node_modules/baseline-browser-mapping
2585 silly CHANGE node_modules/babel-plugin-polyfill-corejs3
2586 warn allow-scripts 1 package has install scripts not yet covered by allowScripts:
2586 warn allow-scripts   esbuild@0.18.20 (postinstall: node install.js)
2586 warn allow-scripts
2586 warn allow-scripts Run `npm approve-scripts --allow-scripts-pending` to review, or `npm approve-scripts <pkg>` to allow.
2587 verbose cwd D:\workspaces\project-template-v3\utils
2588 verbose os Windows_NT 10.0.19045
2589 verbose node v24.18.0
2590 verbose npm  v11.16.0
2591 verbose exit 0
2592 info ok
